
/Users/chordia/Desktop/433_HW/HW18/build/hw18_current_sensor_version.elf:     file format elf32-littlearm

Sections:
Idx Name          Size      VMA       LMA       File off  Algn
  0 .text         000062f8  10000000  10000000  00001000  2**3
                  CONTENTS, ALLOC, LOAD, READONLY, CODE
  1 .rodata       00000e5c  100062f8  100062f8  000072f8  2**3
                  CONTENTS, ALLOC, LOAD, READONLY, DATA
  2 .ARM.exidx    00000008  10007154  10007154  00008154  2**2
                  CONTENTS, ALLOC, LOAD, READONLY, DATA
  3 .binary_info  00000020  1000715c  1000715c  0000815c  2**2
                  CONTENTS, ALLOC, LOAD, READONLY, DATA
  4 .ram_vector_table 00000110  20000000  20000000  0000a000  2**2
                  ALLOC
  5 .uninitialized_data 00000000  20000110  20000110  00009ee4  2**0
                  CONTENTS
  6 .data         00000d54  20000110  1000717c  00009110  2**3
                  CONTENTS, ALLOC, LOAD, READONLY, CODE
  7 .tdata        00000000  20000e64  20000e64  00009ee4  2**0
                  CONTENTS, ALLOC, LOAD, DATA, THREAD_LOCAL
  8 .tbss         00000000  20000e64  20000e64  00000000  2**0
                  ALLOC, THREAD_LOCAL
  9 .bss          00000c24  20000e68  10007ed0  0000ae68  2**3
                  ALLOC
 10 .heap         00000800  20001a8c  10007ed0  0000aa8c  2**2
                  ALLOC, READONLY
 11 .scratch_x    00000000  20080000  20080000  00009ee4  2**0
                  CONTENTS
 12 .scratch_y    00000000  20081000  20081000  00009ee4  2**0
                  CONTENTS
 13 .stack_dummy  00000800  20081000  20081000  0000a000  2**5
                  ALLOC, READONLY
 14 .flash_end    00000014  10007ed0  10007ed0  00009ed0  2**2
                  CONTENTS, ALLOC, LOAD, READONLY, DATA
 15 .ARM.attributes 00000034  00000000  00000000  00009ee4  2**0
                  CONTENTS, READONLY
 16 .comment      00000044  00000000  00000000  00009f18  2**0
                  CONTENTS, READONLY
 17 .debug_info   0002d99a  00000000  00000000  00009f5c  2**0
                  CONTENTS, READONLY, DEBUGGING, OCTETS
 18 .debug_abbrev 0000830d  00000000  00000000  000378f6  2**0
                  CONTENTS, READONLY, DEBUGGING, OCTETS
 19 .debug_loclists 00011007  00000000  00000000  0003fc03  2**0
                  CONTENTS, READONLY, DEBUGGING, OCTETS
 20 .debug_aranges 00001440  00000000  00000000  00050c10  2**3
                  CONTENTS, READONLY, DEBUGGING, OCTETS
 21 .debug_rnglists 00001855  00000000  00000000  00052050  2**0
                  CONTENTS, READONLY, DEBUGGING, OCTETS
 22 .debug_line   00019534  00000000  00000000  000538a5  2**0
                  CONTENTS, READONLY, DEBUGGING, OCTETS
 23 .debug_str    00008dbf  00000000  00000000  0006cdd9  2**0
                  CONTENTS, READONLY, DEBUGGING, OCTETS
 24 .debug_frame  000033f0  00000000  00000000  00075b98  2**2
                  CONTENTS, READONLY, DEBUGGING, OCTETS
 25 .debug_line_str 00000293  00000000  00000000  00078f88  2**0
                  CONTENTS, READONLY, DEBUGGING, OCTETS

/Users/chordia/Desktop/433_HW/HW18/build/hw18_current_sensor_version.elf:     file format elf32-littlearm


Disassembly of section .text:

10000000 <__VECTOR_TABLE>:
10000000:	20082000 	.word	0x20082000
10000004:	1000015d 	.word	0x1000015d
10000008:	1000011b 	.word	0x1000011b
1000000c:	1000011d 	.word	0x1000011d
10000010:	10000111 	.word	0x10000111
10000014:	10000111 	.word	0x10000111
10000018:	10000111 	.word	0x10000111
1000001c:	10000111 	.word	0x10000111
10000020:	10000119 	.word	0x10000119
10000024:	10000119 	.word	0x10000119
10000028:	10000119 	.word	0x10000119
1000002c:	1000011f 	.word	0x1000011f
10000030:	10000111 	.word	0x10000111
10000034:	10000119 	.word	0x10000119
10000038:	10000121 	.word	0x10000121
1000003c:	10000123 	.word	0x10000123
10000040:	10000111 	.word	0x10000111
10000044:	10000111 	.word	0x10000111
10000048:	10000111 	.word	0x10000111
1000004c:	10000111 	.word	0x10000111
10000050:	10000111 	.word	0x10000111
10000054:	10000111 	.word	0x10000111
10000058:	10000111 	.word	0x10000111
1000005c:	10000111 	.word	0x10000111
10000060:	10000111 	.word	0x10000111
10000064:	10000111 	.word	0x10000111
10000068:	10000111 	.word	0x10000111
1000006c:	10000111 	.word	0x10000111
10000070:	10000111 	.word	0x10000111
10000074:	10000111 	.word	0x10000111
10000078:	10000111 	.word	0x10000111
1000007c:	10000111 	.word	0x10000111
10000080:	10000111 	.word	0x10000111
10000084:	10000111 	.word	0x10000111
10000088:	10000111 	.word	0x10000111
1000008c:	10000111 	.word	0x10000111
10000090:	10000111 	.word	0x10000111
10000094:	10000111 	.word	0x10000111
10000098:	10000111 	.word	0x10000111
1000009c:	10000111 	.word	0x10000111
100000a0:	10000111 	.word	0x10000111
100000a4:	10000111 	.word	0x10000111
100000a8:	10000111 	.word	0x10000111
100000ac:	10000111 	.word	0x10000111
100000b0:	10000111 	.word	0x10000111
100000b4:	10000111 	.word	0x10000111
100000b8:	10000111 	.word	0x10000111
100000bc:	10000111 	.word	0x10000111
100000c0:	10000111 	.word	0x10000111
100000c4:	10000111 	.word	0x10000111
100000c8:	10000111 	.word	0x10000111
100000cc:	10000111 	.word	0x10000111
100000d0:	10000111 	.word	0x10000111
100000d4:	10000111 	.word	0x10000111
100000d8:	10000111 	.word	0x10000111
100000dc:	10000111 	.word	0x10000111
100000e0:	10000111 	.word	0x10000111
100000e4:	10000111 	.word	0x10000111
100000e8:	10000111 	.word	0x10000111
100000ec:	10000111 	.word	0x10000111
100000f0:	10000111 	.word	0x10000111
100000f4:	10000111 	.word	0x10000111
100000f8:	10000111 	.word	0x10000111
100000fc:	10000111 	.word	0x10000111
10000100:	10000111 	.word	0x10000111
10000104:	10000111 	.word	0x10000111
10000108:	10000111 	.word	0x10000111
1000010c:	10000111 	.word	0x10000111

10000110 <__unhandled_user_irq>:
10000110:	f3ef 8005 	mrs	r0, IPSR
10000114:	3810      	subs	r0, #16

10000116 <unhandled_user_irq_num_in_r0>:
10000116:	be00      	bkpt	0x0000

10000118 <isr_invalid>:
10000118:	be00      	bkpt	0x0000

1000011a <isr_nmi>:
1000011a:	be00      	bkpt	0x0000

1000011c <isr_hardfault>:
1000011c:	be00      	bkpt	0x0000

1000011e <isr_svcall>:
1000011e:	be00      	bkpt	0x0000

10000120 <isr_pendsv>:
10000120:	be00      	bkpt	0x0000

10000122 <isr_systick>:
10000122:	be00      	bkpt	0x0000

10000124 <__default_isrs_end>:
10000124:	7188ebf2 	.word	0x7188ebf2
10000128:	1000715c 	.word	0x1000715c
1000012c:	1000717c 	.word	0x1000717c
10000130:	100001a0 	.word	0x100001a0
10000134:	e71aa390 	.word	0xe71aa390

10000138 <__binary_info_header_end>:
10000138:	ffffded3 	.word	0xffffded3
1000013c:	10210142 	.word	0x10210142
10000140:	000001ff 	.word	0x000001ff
10000144:	00007d98 	.word	0x00007d98
10000148:	ab123579 	.word	0xab123579

1000014c <_entry_point>:
1000014c:	f04f 0000 	mov.w	r0, #0

10000150 <_enter_vtable_in_r0>:
10000150:	491e      	ldr	r1, [pc, #120]	@ (100001cc <data_cpy_table+0x2c>)
10000152:	6008      	str	r0, [r1, #0]
10000154:	c806      	ldmia	r0!, {r1, r2}
10000156:	f381 8808 	msr	MSP, r1
1000015a:	4710      	bx	r2

1000015c <_reset_handler>:
1000015c:	f04f 4050 	mov.w	r0, #3489660928	@ 0xd0000000
10000160:	6800      	ldr	r0, [r0, #0]
10000162:	b110      	cbz	r0, 1000016a <hold_non_core0_in_bootrom+0x6>

10000164 <hold_non_core0_in_bootrom>:
10000164:	f04f 0000 	mov.w	r0, #0
10000168:	e7f2      	b.n	10000150 <_enter_vtable_in_r0>
1000016a:	a40d      	add	r4, pc, #52	@ (adr r4, 100001a0 <data_cpy_table>)
1000016c:	cc0e      	ldmia	r4!, {r1, r2, r3}
1000016e:	2900      	cmp	r1, #0
10000170:	d002      	beq.n	10000178 <hold_non_core0_in_bootrom+0x14>
10000172:	f000 f812 	bl	1000019a <data_cpy>
10000176:	e7f9      	b.n	1000016c <hold_non_core0_in_bootrom+0x8>
10000178:	4915      	ldr	r1, [pc, #84]	@ (100001d0 <data_cpy_table+0x30>)
1000017a:	4a16      	ldr	r2, [pc, #88]	@ (100001d4 <data_cpy_table+0x34>)
1000017c:	2000      	movs	r0, #0
1000017e:	e000      	b.n	10000182 <bss_fill_test>

10000180 <bss_fill_loop>:
10000180:	c101      	stmia	r1!, {r0}

10000182 <bss_fill_test>:
10000182:	4291      	cmp	r1, r2
10000184:	d1fc      	bne.n	10000180 <bss_fill_loop>

10000186 <platform_entry>:
10000186:	4914      	ldr	r1, [pc, #80]	@ (100001d8 <data_cpy_table+0x38>)
10000188:	4788      	blx	r1
1000018a:	4914      	ldr	r1, [pc, #80]	@ (100001dc <data_cpy_table+0x3c>)
1000018c:	4788      	blx	r1
1000018e:	4914      	ldr	r1, [pc, #80]	@ (100001e0 <data_cpy_table+0x40>)
10000190:	4788      	blx	r1
10000192:	be00      	bkpt	0x0000
10000194:	e7fd      	b.n	10000192 <platform_entry+0xc>

10000196 <data_cpy_loop>:
10000196:	c901      	ldmia	r1!, {r0}
10000198:	c201      	stmia	r2!, {r0}

1000019a <data_cpy>:
1000019a:	429a      	cmp	r2, r3
1000019c:	d3fb      	bcc.n	10000196 <data_cpy_loop>
1000019e:	4770      	bx	lr

100001a0 <data_cpy_table>:
100001a0:	1000717c 	.word	0x1000717c
100001a4:	20000110 	.word	0x20000110
100001a8:	20000e64 	.word	0x20000e64
100001ac:	10007ed0 	.word	0x10007ed0
100001b0:	20080000 	.word	0x20080000
100001b4:	20080000 	.word	0x20080000
100001b8:	10007ed0 	.word	0x10007ed0
100001bc:	20081000 	.word	0x20081000
100001c0:	20081000 	.word	0x20081000
100001c4:	00000000 	.word	0x00000000
100001c8:	4770      	bx	lr
100001ca:	0000      	.short	0x0000
100001cc:	e000ed08 	.word	0xe000ed08
100001d0:	20000e64 	.word	0x20000e64
100001d4:	20001a8c 	.word	0x20001a8c
100001d8:	10002ebd 	.word	0x10002ebd
100001dc:	10000385 	.word	0x10000385
100001e0:	10002e81 	.word	0x10002e81

100001e4 <_init>:
100001e4:	b5f8      	push	{r3, r4, r5, r6, r7, lr}
100001e6:	bf00      	nop

100001e8 <register_tm_clones>:
100001e8:	4b06      	ldr	r3, [pc, #24]	@ (10000204 <register_tm_clones+0x1c>)
100001ea:	4907      	ldr	r1, [pc, #28]	@ (10000208 <register_tm_clones+0x20>)
100001ec:	1ac9      	subs	r1, r1, r3
100001ee:	1089      	asrs	r1, r1, #2
100001f0:	bf48      	it	mi
100001f2:	3101      	addmi	r1, #1
100001f4:	1049      	asrs	r1, r1, #1
100001f6:	d003      	beq.n	10000200 <register_tm_clones+0x18>
100001f8:	4b04      	ldr	r3, [pc, #16]	@ (1000020c <register_tm_clones+0x24>)
100001fa:	b10b      	cbz	r3, 10000200 <register_tm_clones+0x18>
100001fc:	4801      	ldr	r0, [pc, #4]	@ (10000204 <register_tm_clones+0x1c>)
100001fe:	4718      	bx	r3
10000200:	4770      	bx	lr
10000202:	bf00      	nop
10000204:	20000e64 	.word	0x20000e64
10000208:	20000e64 	.word	0x20000e64
1000020c:	00000000 	.word	0x00000000

10000210 <frame_dummy>:
10000210:	b508      	push	{r3, lr}
10000212:	4b05      	ldr	r3, [pc, #20]	@ (10000228 <frame_dummy+0x18>)
10000214:	b11b      	cbz	r3, 1000021e <frame_dummy+0xe>
10000216:	4905      	ldr	r1, [pc, #20]	@ (1000022c <frame_dummy+0x1c>)
10000218:	4805      	ldr	r0, [pc, #20]	@ (10000230 <frame_dummy+0x20>)
1000021a:	f3af 8000 	nop.w
1000021e:	e8bd 4008 	ldmia.w	sp!, {r3, lr}
10000222:	f7ff bfe1 	b.w	100001e8 <register_tm_clones>
10000226:	bf00      	nop
10000228:	00000000 	.word	0x00000000
1000022c:	20001a1c 	.word	0x20001a1c
10000230:	100062f8 	.word	0x100062f8

10000234 <pwm_set_chan_level>:
10000234:	eb00 0080 	add.w	r0, r0, r0, lsl #2
10000238:	0080      	lsls	r0, r0, #2
1000023a:	4b09      	ldr	r3, [pc, #36]	@ (10000260 <pwm_set_chan_level+0x2c>)
1000023c:	4403      	add	r3, r0
1000023e:	4608      	mov	r0, r1
10000240:	b101      	cbz	r1, 10000244 <pwm_set_chan_level+0x10>
10000242:	2110      	movs	r1, #16
10000244:	408a      	lsls	r2, r1
10000246:	b138      	cbz	r0, 10000258 <pwm_set_chan_level+0x24>
10000248:	4906      	ldr	r1, [pc, #24]	@ (10000264 <pwm_set_chan_level+0x30>)
1000024a:	6818      	ldr	r0, [r3, #0]
1000024c:	4042      	eors	r2, r0
1000024e:	400a      	ands	r2, r1
10000250:	f503 5380 	add.w	r3, r3, #4096	@ 0x1000
10000254:	601a      	str	r2, [r3, #0]
10000256:	4770      	bx	lr
10000258:	f64f 71ff 	movw	r1, #65535	@ 0xffff
1000025c:	e7f5      	b.n	1000024a <pwm_set_chan_level+0x16>
1000025e:	bf00      	nop
10000260:	400a800c 	.word	0x400a800c
10000264:	ffff0000 	.word	0xffff0000

10000268 <motor_set_pwm>:
10000268:	b510      	push	{r4, lr}
1000026a:	ee07 0a90 	vmov	s15, r0
1000026e:	eeb7 7a00 	vmov.f32	s14, #112	@ 0x3f800000  1.0
10000272:	eef4 7ac7 	vcmpe.f32	s15, s14
10000276:	eef1 fa10 	vmrs	APSR_nzcv, fpscr
1000027a:	dd16      	ble.n	100002aa <motor_set_pwm+0x42>
1000027c:	eef7 7a00 	vmov.f32	s15, #112	@ 0x3f800000  1.0
10000280:	eef5 7ac0 	vcmpe.f32	s15, #0.0
10000284:	eef1 fa10 	vmrs	APSR_nzcv, fpscr
10000288:	dc19      	bgt.n	100002be <motor_set_pwm+0x56>
1000028a:	eef5 7ac0 	vcmpe.f32	s15, #0.0
1000028e:	eef1 fa10 	vmrs	APSR_nzcv, fpscr
10000292:	d427      	bmi.n	100002e4 <motor_set_pwm+0x7c>
10000294:	2200      	movs	r2, #0
10000296:	4611      	mov	r1, r2
10000298:	2007      	movs	r0, #7
1000029a:	f7ff ffcb 	bl	10000234 <pwm_set_chan_level>
1000029e:	2200      	movs	r2, #0
100002a0:	2101      	movs	r1, #1
100002a2:	2007      	movs	r0, #7
100002a4:	f7ff ffc6 	bl	10000234 <pwm_set_chan_level>
100002a8:	bd10      	pop	{r4, pc}
100002aa:	eebf 7a00 	vmov.f32	s14, #240	@ 0xbf800000 -1.0
100002ae:	eef4 7ac7 	vcmpe.f32	s15, s14
100002b2:	eef1 fa10 	vmrs	APSR_nzcv, fpscr
100002b6:	d5e3      	bpl.n	10000280 <motor_set_pwm+0x18>
100002b8:	eeff 7a00 	vmov.f32	s15, #240	@ 0xbf800000 -1.0
100002bc:	e7e5      	b.n	1000028a <motor_set_pwm+0x22>
100002be:	ed9f 7a13 	vldr	s14, [pc, #76]	@ 1000030c <motor_set_pwm+0xa4>
100002c2:	ee67 7a87 	vmul.f32	s15, s15, s14
100002c6:	eefc 7ae7 	vcvt.u32.f32	s15, s15
100002ca:	ee17 3a90 	vmov	r3, s15
100002ce:	b29a      	uxth	r2, r3
100002d0:	2100      	movs	r1, #0
100002d2:	2007      	movs	r0, #7
100002d4:	f7ff ffae 	bl	10000234 <pwm_set_chan_level>
100002d8:	2200      	movs	r2, #0
100002da:	2101      	movs	r1, #1
100002dc:	2007      	movs	r0, #7
100002de:	f7ff ffa9 	bl	10000234 <pwm_set_chan_level>
100002e2:	e7e1      	b.n	100002a8 <motor_set_pwm+0x40>
100002e4:	ed9f 7a09 	vldr	s14, [pc, #36]	@ 1000030c <motor_set_pwm+0xa4>
100002e8:	ee67 7ac7 	vnmul.f32	s15, s15, s14
100002ec:	eefc 7ae7 	vcvt.u32.f32	s15, s15
100002f0:	ee17 3a90 	vmov	r3, s15
100002f4:	b29c      	uxth	r4, r3
100002f6:	2200      	movs	r2, #0
100002f8:	4611      	mov	r1, r2
100002fa:	2007      	movs	r0, #7
100002fc:	f7ff ff9a 	bl	10000234 <pwm_set_chan_level>
10000300:	4622      	mov	r2, r4
10000302:	2101      	movs	r1, #1
10000304:	2007      	movs	r0, #7
10000306:	f7ff ff95 	bl	10000234 <pwm_set_chan_level>
1000030a:	e7cd      	b.n	100002a8 <motor_set_pwm+0x40>
1000030c:	4479c000 	.word	0x4479c000

10000310 <pwm_pin_init>:
10000310:	b510      	push	{r4, lr}
10000312:	4604      	mov	r4, r0
10000314:	2104      	movs	r1, #4
10000316:	f000 f879 	bl	1000040c <gpio_set_function>
1000031a:	2c1f      	cmp	r4, #31
1000031c:	d81b      	bhi.n	10000356 <pwm_pin_init+0x46>
1000031e:	f3c4 0042 	ubfx	r0, r4, #1, #3
10000322:	eb00 0380 	add.w	r3, r0, r0, lsl #2
10000326:	009b      	lsls	r3, r3, #2
10000328:	f103 4380 	add.w	r3, r3, #1073741824	@ 0x40000000
1000032c:	f503 2328 	add.w	r3, r3, #688128	@ 0xa8000
10000330:	f240 32e7 	movw	r2, #999	@ 0x3e7
10000334:	611a      	str	r2, [r3, #16]
10000336:	f44f 62fa 	mov.w	r2, #2000	@ 0x7d0
1000033a:	605a      	str	r2, [r3, #4]
1000033c:	eb00 0080 	add.w	r0, r0, r0, lsl #2
10000340:	0080      	lsls	r0, r0, #2
10000342:	f100 4080 	add.w	r0, r0, #1073741824	@ 0x40000000
10000346:	681b      	ldr	r3, [r3, #0]
10000348:	43db      	mvns	r3, r3
1000034a:	f003 0301 	and.w	r3, r3, #1
1000034e:	f500 2029 	add.w	r0, r0, #692224	@ 0xa9000
10000352:	6003      	str	r3, [r0, #0]
10000354:	bd10      	pop	{r4, pc}
10000356:	f3c4 0041 	ubfx	r0, r4, #1, #2
1000035a:	3008      	adds	r0, #8
1000035c:	e7e1      	b.n	10000322 <pwm_pin_init+0x12>

1000035e <motor_init>:
1000035e:	b508      	push	{r3, lr}
10000360:	200e      	movs	r0, #14
10000362:	f7ff ffd5 	bl	10000310 <pwm_pin_init>
10000366:	200f      	movs	r0, #15
10000368:	f7ff ffd2 	bl	10000310 <pwm_pin_init>
1000036c:	2200      	movs	r2, #0
1000036e:	4611      	mov	r1, r2
10000370:	2007      	movs	r0, #7
10000372:	f7ff ff5f 	bl	10000234 <pwm_set_chan_level>
10000376:	2200      	movs	r2, #0
10000378:	2101      	movs	r1, #1
1000037a:	2007      	movs	r0, #7
1000037c:	f7ff ff5a 	bl	10000234 <pwm_set_chan_level>
10000380:	bd08      	pop	{r3, pc}
	...

10000384 <main>:
10000384:	b508      	push	{r3, lr}
10000386:	f002 fead 	bl	100030e4 <stdio_init_all>
1000038a:	f44f 60fa 	mov.w	r0, #2000	@ 0x7d0
1000038e:	f000 ff4b 	bl	10001228 <sleep_ms>
10000392:	4818      	ldr	r0, [pc, #96]	@ (100003f4 <main+0x70>)
10000394:	f002 feaa 	bl	100030ec <__wrap_puts>
10000398:	f7ff ffe1 	bl	1000035e <motor_init>
1000039c:	4816      	ldr	r0, [pc, #88]	@ (100003f8 <main+0x74>)
1000039e:	f002 fea5 	bl	100030ec <__wrap_puts>
100003a2:	4816      	ldr	r0, [pc, #88]	@ (100003fc <main+0x78>)
100003a4:	f7ff ff60 	bl	10000268 <motor_set_pwm>
100003a8:	f44f 60fa 	mov.w	r0, #2000	@ 0x7d0
100003ac:	f000 ff3c 	bl	10001228 <sleep_ms>
100003b0:	4d13      	ldr	r5, [pc, #76]	@ (10000400 <main+0x7c>)
100003b2:	4628      	mov	r0, r5
100003b4:	f002 fe9a 	bl	100030ec <__wrap_puts>
100003b8:	2400      	movs	r4, #0
100003ba:	4620      	mov	r0, r4
100003bc:	f7ff ff54 	bl	10000268 <motor_set_pwm>
100003c0:	f44f 707a 	mov.w	r0, #1000	@ 0x3e8
100003c4:	f000 ff30 	bl	10001228 <sleep_ms>
100003c8:	480e      	ldr	r0, [pc, #56]	@ (10000404 <main+0x80>)
100003ca:	f002 fe8f 	bl	100030ec <__wrap_puts>
100003ce:	480e      	ldr	r0, [pc, #56]	@ (10000408 <main+0x84>)
100003d0:	f7ff ff4a 	bl	10000268 <motor_set_pwm>
100003d4:	f44f 60fa 	mov.w	r0, #2000	@ 0x7d0
100003d8:	f000 ff26 	bl	10001228 <sleep_ms>
100003dc:	4628      	mov	r0, r5
100003de:	f002 fe85 	bl	100030ec <__wrap_puts>
100003e2:	4620      	mov	r0, r4
100003e4:	f7ff ff40 	bl	10000268 <motor_set_pwm>
100003e8:	f44f 707a 	mov.w	r0, #1000	@ 0x3e8
100003ec:	f000 ff1c 	bl	10001228 <sleep_ms>
100003f0:	e7d4      	b.n	1000039c <main+0x18>
100003f2:	bf00      	nop
100003f4:	100062f8 	.word	0x100062f8
100003f8:	1000630c 	.word	0x1000630c
100003fc:	3f333333 	.word	0x3f333333
10000400:	10006318 	.word	0x10006318
10000404:	10006320 	.word	0x10006320
10000408:	bf333333 	.word	0xbf333333

1000040c <gpio_set_function>:
1000040c:	4b0c      	ldr	r3, [pc, #48]	@ (10000440 <gpio_set_function+0x34>)
1000040e:	eb03 0280 	add.w	r2, r3, r0, lsl #2
10000412:	f853 3020 	ldr.w	r3, [r3, r0, lsl #2]
10000416:	f083 0340 	eor.w	r3, r3, #64	@ 0x40
1000041a:	f003 03c0 	and.w	r3, r3, #192	@ 0xc0
1000041e:	f502 5c80 	add.w	ip, r2, #4096	@ 0x1000
10000422:	f8cc 3000 	str.w	r3, [ip]
10000426:	00c0      	lsls	r0, r0, #3
10000428:	f100 4080 	add.w	r0, r0, #1073741824	@ 0x40000000
1000042c:	f500 3020 	add.w	r0, r0, #163840	@ 0x28000
10000430:	6041      	str	r1, [r0, #4]
10000432:	f502 5240 	add.w	r2, r2, #12288	@ 0x3000
10000436:	f44f 7380 	mov.w	r3, #256	@ 0x100
1000043a:	6013      	str	r3, [r2, #0]
1000043c:	4770      	bx	lr
1000043e:	bf00      	nop
10000440:	40038004 	.word	0x40038004

10000444 <panic>:
10000444:	b40f      	push	{r0, r1, r2, r3}
10000446:	b500      	push	{lr}
10000448:	b083      	sub	sp, #12
1000044a:	9c04      	ldr	r4, [sp, #16]
1000044c:	4807      	ldr	r0, [pc, #28]	@ (1000046c <panic+0x28>)
1000044e:	f002 fe4d 	bl	100030ec <__wrap_puts>
10000452:	b13c      	cbz	r4, 10000464 <panic+0x20>
10000454:	a905      	add	r1, sp, #20
10000456:	9101      	str	r1, [sp, #4]
10000458:	4620      	mov	r0, r4
1000045a:	f002 fe57 	bl	1000310c <__wrap_vprintf>
1000045e:	4804      	ldr	r0, [pc, #16]	@ (10000470 <panic+0x2c>)
10000460:	f002 fe44 	bl	100030ec <__wrap_puts>
10000464:	2001      	movs	r0, #1
10000466:	f002 fd09 	bl	10002e7c <_exit>
1000046a:	bf00      	nop
1000046c:	1000632c 	.word	0x1000632c
10000470:	1000633c 	.word	0x1000633c

10000474 <hw_claim_lock>:
10000474:	f3ef 8010 	mrs	r0, PRIMASK
10000478:	b672      	cpsid	i
1000047a:	4b06      	ldr	r3, [pc, #24]	@ (10000494 <hw_claim_lock+0x20>)
1000047c:	e8d3 1fcf 	ldaexb	r1, [r3]
10000480:	2201      	movs	r2, #1
10000482:	2900      	cmp	r1, #0
10000484:	d1fa      	bne.n	1000047c <hw_claim_lock+0x8>
10000486:	e8c3 2f41 	strexb	r1, r2, [r3]
1000048a:	2900      	cmp	r1, #0
1000048c:	d1f6      	bne.n	1000047c <hw_claim_lock+0x8>
1000048e:	f3bf 8f5f 	dmb	sy
10000492:	4770      	bx	lr
10000494:	2000119f 	.word	0x2000119f

10000498 <hw_claim_unlock>:
10000498:	2300      	movs	r3, #0
1000049a:	4a03      	ldr	r2, [pc, #12]	@ (100004a8 <hw_claim_unlock+0x10>)
1000049c:	e8c2 3f8f 	stlb	r3, [r2]
100004a0:	f380 8810 	msr	PRIMASK, r0
100004a4:	4770      	bx	lr
100004a6:	bf00      	nop
100004a8:	2000119f 	.word	0x2000119f

100004ac <hw_claim_or_assert>:
100004ac:	b570      	push	{r4, r5, r6, lr}
100004ae:	4605      	mov	r5, r0
100004b0:	460c      	mov	r4, r1
100004b2:	4616      	mov	r6, r2
100004b4:	f7ff ffde 	bl	10000474 <hw_claim_lock>
100004b8:	08e2      	lsrs	r2, r4, #3
100004ba:	5ca9      	ldrb	r1, [r5, r2]
100004bc:	f004 0c07 	and.w	ip, r4, #7
100004c0:	2301      	movs	r3, #1
100004c2:	fa03 f30c 	lsl.w	r3, r3, ip
100004c6:	4219      	tst	r1, r3
100004c8:	d105      	bne.n	100004d6 <hw_claim_or_assert+0x2a>
100004ca:	b2db      	uxtb	r3, r3
100004cc:	430b      	orrs	r3, r1
100004ce:	54ab      	strb	r3, [r5, r2]
100004d0:	f7ff ffe2 	bl	10000498 <hw_claim_unlock>
100004d4:	bd70      	pop	{r4, r5, r6, pc}
100004d6:	4621      	mov	r1, r4
100004d8:	4630      	mov	r0, r6
100004da:	f7ff ffb3 	bl	10000444 <panic>

100004de <hw_claim_unused_from_range>:
100004de:	b5f8      	push	{r3, r4, r5, r6, r7, lr}
100004e0:	4606      	mov	r6, r0
100004e2:	460d      	mov	r5, r1
100004e4:	4614      	mov	r4, r2
100004e6:	461f      	mov	r7, r3
100004e8:	f7ff ffc4 	bl	10000474 <hw_claim_lock>
100004ec:	e000      	b.n	100004f0 <hw_claim_unused_from_range+0x12>
100004ee:	3401      	adds	r4, #1
100004f0:	42bc      	cmp	r4, r7
100004f2:	d80e      	bhi.n	10000512 <hw_claim_unused_from_range+0x34>
100004f4:	ea4f 0cd4 	mov.w	ip, r4, lsr #3
100004f8:	f816 100c 	ldrb.w	r1, [r6, ip]
100004fc:	f004 0307 	and.w	r3, r4, #7
10000500:	2201      	movs	r2, #1
10000502:	409a      	lsls	r2, r3
10000504:	4211      	tst	r1, r2
10000506:	d1f2      	bne.n	100004ee <hw_claim_unused_from_range+0x10>
10000508:	b2d2      	uxtb	r2, r2
1000050a:	430a      	orrs	r2, r1
1000050c:	f806 200c 	strb.w	r2, [r6, ip]
10000510:	e001      	b.n	10000516 <hw_claim_unused_from_range+0x38>
10000512:	f04f 34ff 	mov.w	r4, #4294967295	@ 0xffffffff
10000516:	f7ff ffbf 	bl	10000498 <hw_claim_unlock>
1000051a:	2c00      	cmp	r4, #0
1000051c:	db01      	blt.n	10000522 <hw_claim_unused_from_range+0x44>
1000051e:	4620      	mov	r0, r4
10000520:	bdf8      	pop	{r3, r4, r5, r6, r7, pc}
10000522:	2d00      	cmp	r5, #0
10000524:	d0fb      	beq.n	1000051e <hw_claim_unused_from_range+0x40>
10000526:	9806      	ldr	r0, [sp, #24]
10000528:	f7ff ff8c 	bl	10000444 <panic>

1000052c <next_striped_spin_lock_num>:
1000052c:	4a05      	ldr	r2, [pc, #20]	@ (10000544 <next_striped_spin_lock_num+0x18>)
1000052e:	7810      	ldrb	r0, [r2, #0]
10000530:	1c43      	adds	r3, r0, #1
10000532:	b2db      	uxtb	r3, r3
10000534:	7013      	strb	r3, [r2, #0]
10000536:	2b17      	cmp	r3, #23
10000538:	d902      	bls.n	10000540 <next_striped_spin_lock_num+0x14>
1000053a:	4613      	mov	r3, r2
1000053c:	2210      	movs	r2, #16
1000053e:	701a      	strb	r2, [r3, #0]
10000540:	4770      	bx	lr
10000542:	bf00      	nop
10000544:	20000dc0 	.word	0x20000dc0

10000548 <spin_lock_claim_unused>:
10000548:	b500      	push	{lr}
1000054a:	b083      	sub	sp, #12
1000054c:	4601      	mov	r1, r0
1000054e:	4b05      	ldr	r3, [pc, #20]	@ (10000564 <spin_lock_claim_unused+0x1c>)
10000550:	9300      	str	r3, [sp, #0]
10000552:	231f      	movs	r3, #31
10000554:	2218      	movs	r2, #24
10000556:	4804      	ldr	r0, [pc, #16]	@ (10000568 <spin_lock_claim_unused+0x20>)
10000558:	f7ff ffc1 	bl	100004de <hw_claim_unused_from_range>
1000055c:	b003      	add	sp, #12
1000055e:	f85d fb04 	ldr.w	pc, [sp], #4
10000562:	bf00      	nop
10000564:	10006340 	.word	0x10006340
10000568:	200015b0 	.word	0x200015b0

1000056c <spinlock_set_extexclall>:
1000056c:	f04f 22e0 	mov.w	r2, #3758153728	@ 0xe000e000
10000570:	6893      	ldr	r3, [r2, #8]
10000572:	f043 5300 	orr.w	r3, r3, #536870912	@ 0x20000000
10000576:	6093      	str	r3, [r2, #8]
10000578:	4770      	bx	lr
	...

1000057c <spin_locks_reset>:
1000057c:	2300      	movs	r3, #0
1000057e:	e005      	b.n	1000058c <spin_locks_reset+0x10>
10000580:	4a04      	ldr	r2, [pc, #16]	@ (10000594 <spin_locks_reset+0x18>)
10000582:	441a      	add	r2, r3
10000584:	2100      	movs	r1, #0
10000586:	e8c2 1f8f 	stlb	r1, [r2]
1000058a:	3301      	adds	r3, #1
1000058c:	2b1f      	cmp	r3, #31
1000058e:	d9f7      	bls.n	10000580 <spin_locks_reset+0x4>
10000590:	4770      	bx	lr
10000592:	bf00      	nop
10000594:	20001194 	.word	0x20001194

10000598 <set_raw_irq_handler_and_unlock>:
10000598:	4b06      	ldr	r3, [pc, #24]	@ (100005b4 <set_raw_irq_handler_and_unlock+0x1c>)
1000059a:	689b      	ldr	r3, [r3, #8]
1000059c:	3010      	adds	r0, #16
1000059e:	f843 1020 	str.w	r1, [r3, r0, lsl #2]
100005a2:	f3bf 8f5f 	dmb	sy
100005a6:	2300      	movs	r3, #0
100005a8:	4903      	ldr	r1, [pc, #12]	@ (100005b8 <set_raw_irq_handler_and_unlock+0x20>)
100005aa:	e8c1 3f8f 	stlb	r3, [r1]
100005ae:	f382 8810 	msr	PRIMASK, r2
100005b2:	4770      	bx	lr
100005b4:	e000ed00 	.word	0xe000ed00
100005b8:	2000119d 	.word	0x2000119d

100005bc <nvic_ipr0>:
100005bc:	4800      	ldr	r0, [pc, #0]	@ (100005c0 <nvic_ipr0+0x4>)
100005be:	4770      	bx	lr
100005c0:	e000e400 	.word	0xe000e400

100005c4 <runtime_init_per_core_irq_priorities>:
100005c4:	b508      	push	{r3, lr}
100005c6:	f7ff fff9 	bl	100005bc <nvic_ipr0>
100005ca:	2300      	movs	r3, #0
100005cc:	e004      	b.n	100005d8 <runtime_init_per_core_irq_priorities+0x14>
100005ce:	f04f 3280 	mov.w	r2, #2155905152	@ 0x80808080
100005d2:	f840 2b04 	str.w	r2, [r0], #4
100005d6:	3301      	adds	r3, #1
100005d8:	2b0c      	cmp	r3, #12
100005da:	d9f8      	bls.n	100005ce <runtime_init_per_core_irq_priorities+0xa>
100005dc:	b662      	cpsie	i
100005de:	bd08      	pop	{r3, pc}

100005e0 <resolve_j_16>:
100005e0:	b508      	push	{r3, lr}
100005e2:	8803      	ldrh	r3, [r0, #0]
100005e4:	0ada      	lsrs	r2, r3, #11
100005e6:	2a1c      	cmp	r2, #28
100005e8:	d106      	bne.n	100005f8 <resolve_j_16+0x18>
100005ea:	055b      	lsls	r3, r3, #21
100005ec:	d40b      	bmi.n	10000606 <resolve_j_16+0x26>
100005ee:	155b      	asrs	r3, r3, #21
100005f0:	3302      	adds	r3, #2
100005f2:	eb00 0043 	add.w	r0, r0, r3, lsl #1
100005f6:	bd08      	pop	{r3, pc}
100005f8:	4b06      	ldr	r3, [pc, #24]	@ (10000614 <resolve_j_16+0x34>)
100005fa:	4a07      	ldr	r2, [pc, #28]	@ (10000618 <resolve_j_16+0x38>)
100005fc:	f44f 718e 	mov.w	r1, #284	@ 0x11c
10000600:	4806      	ldr	r0, [pc, #24]	@ (1000061c <resolve_j_16+0x3c>)
10000602:	f002 fc41 	bl	10002e88 <__assert_func>
10000606:	f503 13ff 	add.w	r3, r3, #2088960	@ 0x1fe000
1000060a:	f503 53ff 	add.w	r3, r3, #8160	@ 0x1fe0
1000060e:	331f      	adds	r3, #31
10000610:	e7ed      	b.n	100005ee <resolve_j_16+0xe>
10000612:	bf00      	nop
10000614:	1000635c 	.word	0x1000635c
10000618:	10006be0 	.word	0x10006be0
1000061c:	10006374 	.word	0x10006374

10000620 <make_j_16>:
10000620:	b508      	push	{r3, lr}
10000622:	1a09      	subs	r1, r1, r0
10000624:	f201 72fc 	addw	r2, r1, #2044	@ 0x7fc
10000628:	f640 73fe 	movw	r3, #4094	@ 0xffe
1000062c:	429a      	cmp	r2, r3
1000062e:	d808      	bhi.n	10000642 <make_j_16+0x22>
10000630:	1f08      	subs	r0, r1, #4
10000632:	f011 0f01 	tst.w	r1, #1
10000636:	d104      	bne.n	10000642 <make_j_16+0x22>
10000638:	f3c0 004a 	ubfx	r0, r0, #1, #11
1000063c:	f440 4060 	orr.w	r0, r0, #57344	@ 0xe000
10000640:	bd08      	pop	{r3, pc}
10000642:	4b03      	ldr	r3, [pc, #12]	@ (10000650 <make_j_16+0x30>)
10000644:	4a03      	ldr	r2, [pc, #12]	@ (10000654 <make_j_16+0x34>)
10000646:	f44f 7187 	mov.w	r1, #270	@ 0x10e
1000064a:	4803      	ldr	r0, [pc, #12]	@ (10000658 <make_j_16+0x38>)
1000064c:	f002 fc1c 	bl	10002e88 <__assert_func>
10000650:	100063bc 	.word	0x100063bc
10000654:	10006bd4 	.word	0x10006bd4
10000658:	10006374 	.word	0x10006374

1000065c <irq_is_enabled>:
1000065c:	0942      	lsrs	r2, r0, #5
1000065e:	4b06      	ldr	r3, [pc, #24]	@ (10000678 <irq_is_enabled+0x1c>)
10000660:	f853 2022 	ldr.w	r2, [r3, r2, lsl #2]
10000664:	f000 001f 	and.w	r0, r0, #31
10000668:	2301      	movs	r3, #1
1000066a:	4083      	lsls	r3, r0
1000066c:	421a      	tst	r2, r3
1000066e:	bf14      	ite	ne
10000670:	2001      	movne	r0, #1
10000672:	2000      	moveq	r0, #0
10000674:	4770      	bx	lr
10000676:	bf00      	nop
10000678:	e000e100 	.word	0xe000e100

1000067c <irq_set_mask_n_enabled>:
1000067c:	b13a      	cbz	r2, 1000068e <irq_set_mask_n_enabled+0x12>
1000067e:	4b06      	ldr	r3, [pc, #24]	@ (10000698 <irq_set_mask_n_enabled+0x1c>)
10000680:	f100 0260 	add.w	r2, r0, #96	@ 0x60
10000684:	f843 1022 	str.w	r1, [r3, r2, lsl #2]
10000688:	f843 1020 	str.w	r1, [r3, r0, lsl #2]
1000068c:	4770      	bx	lr
1000068e:	3020      	adds	r0, #32
10000690:	4b01      	ldr	r3, [pc, #4]	@ (10000698 <irq_set_mask_n_enabled+0x1c>)
10000692:	f843 1020 	str.w	r1, [r3, r0, lsl #2]
10000696:	4770      	bx	lr
10000698:	e000e100 	.word	0xe000e100

1000069c <irq_set_enabled>:
1000069c:	b508      	push	{r3, lr}
1000069e:	460a      	mov	r2, r1
100006a0:	f000 031f 	and.w	r3, r0, #31
100006a4:	2101      	movs	r1, #1
100006a6:	4099      	lsls	r1, r3
100006a8:	0940      	lsrs	r0, r0, #5
100006aa:	f7ff ffe7 	bl	1000067c <irq_set_mask_n_enabled>
100006ae:	bd08      	pop	{r3, pc}

100006b0 <irq_set_pending>:
100006b0:	f000 021f 	and.w	r2, r0, #31
100006b4:	0940      	lsrs	r0, r0, #5
100006b6:	2301      	movs	r3, #1
100006b8:	4093      	lsls	r3, r2
100006ba:	3040      	adds	r0, #64	@ 0x40
100006bc:	4a01      	ldr	r2, [pc, #4]	@ (100006c4 <irq_set_pending+0x14>)
100006be:	f842 3020 	str.w	r3, [r2, r0, lsl #2]
100006c2:	4770      	bx	lr
100006c4:	e000e100 	.word	0xe000e100

100006c8 <irq_get_vtable_handler>:
100006c8:	4b02      	ldr	r3, [pc, #8]	@ (100006d4 <irq_get_vtable_handler+0xc>)
100006ca:	689b      	ldr	r3, [r3, #8]
100006cc:	3010      	adds	r0, #16
100006ce:	f853 0020 	ldr.w	r0, [r3, r0, lsl #2]
100006d2:	4770      	bx	lr
100006d4:	e000ed00 	.word	0xe000ed00

100006d8 <irq_has_shared_handler>:
100006d8:	b508      	push	{r3, lr}
100006da:	f7ff fff5 	bl	100006c8 <irq_get_vtable_handler>
100006de:	4b03      	ldr	r3, [pc, #12]	@ (100006ec <irq_has_shared_handler+0x14>)
100006e0:	1ac0      	subs	r0, r0, r3
100006e2:	282f      	cmp	r0, #47	@ 0x2f
100006e4:	bf8c      	ite	hi
100006e6:	2000      	movhi	r0, #0
100006e8:	2001      	movls	r0, #1
100006ea:	bd08      	pop	{r3, pc}
100006ec:	20000dc4 	.word	0x20000dc4

100006f0 <irq_set_exclusive_handler>:
100006f0:	b570      	push	{r4, r5, r6, lr}
100006f2:	4605      	mov	r5, r0
100006f4:	460c      	mov	r4, r1
100006f6:	f3ef 8610 	mrs	r6, PRIMASK
100006fa:	b672      	cpsid	i
100006fc:	4b0f      	ldr	r3, [pc, #60]	@ (1000073c <irq_set_exclusive_handler+0x4c>)
100006fe:	e8d3 1fcf 	ldaexb	r1, [r3]
10000702:	2201      	movs	r2, #1
10000704:	2900      	cmp	r1, #0
10000706:	d1fa      	bne.n	100006fe <irq_set_exclusive_handler+0xe>
10000708:	e8c3 2f41 	strexb	r1, r2, [r3]
1000070c:	2900      	cmp	r1, #0
1000070e:	d1f6      	bne.n	100006fe <irq_set_exclusive_handler+0xe>
10000710:	f3bf 8f5f 	dmb	sy
10000714:	f7ff ffd8 	bl	100006c8 <irq_get_vtable_handler>
10000718:	4b09      	ldr	r3, [pc, #36]	@ (10000740 <irq_set_exclusive_handler+0x50>)
1000071a:	4298      	cmp	r0, r3
1000071c:	d001      	beq.n	10000722 <irq_set_exclusive_handler+0x32>
1000071e:	42a0      	cmp	r0, r4
10000720:	d105      	bne.n	1000072e <irq_set_exclusive_handler+0x3e>
10000722:	4632      	mov	r2, r6
10000724:	4621      	mov	r1, r4
10000726:	4628      	mov	r0, r5
10000728:	f7ff ff36 	bl	10000598 <set_raw_irq_handler_and_unlock>
1000072c:	bd70      	pop	{r4, r5, r6, pc}
1000072e:	4b05      	ldr	r3, [pc, #20]	@ (10000744 <irq_set_exclusive_handler+0x54>)
10000730:	4a05      	ldr	r2, [pc, #20]	@ (10000748 <irq_set_exclusive_handler+0x58>)
10000732:	21ed      	movs	r1, #237	@ 0xed
10000734:	4805      	ldr	r0, [pc, #20]	@ (1000074c <irq_set_exclusive_handler+0x5c>)
10000736:	f002 fba7 	bl	10002e88 <__assert_func>
1000073a:	bf00      	nop
1000073c:	2000119d 	.word	0x2000119d
10000740:	10000111 	.word	0x10000111
10000744:	100063ec 	.word	0x100063ec
10000748:	10006c08 	.word	0x10006c08
1000074c:	10006374 	.word	0x10006374

10000750 <irq_add_shared_handler>:
10000750:	e92d 4ff0 	stmdb	sp!, {r4, r5, r6, r7, r8, r9, sl, fp, lr}
10000754:	b087      	sub	sp, #28
10000756:	9100      	str	r1, [sp, #0]
10000758:	4615      	mov	r5, r2
1000075a:	f3ef 8a10 	mrs	sl, PRIMASK
1000075e:	b672      	cpsid	i
10000760:	4b7c      	ldr	r3, [pc, #496]	@ (10000954 <irq_add_shared_handler+0x204>)
10000762:	e8d3 1fcf 	ldaexb	r1, [r3]
10000766:	2201      	movs	r2, #1
10000768:	2900      	cmp	r1, #0
1000076a:	d1fa      	bne.n	10000762 <irq_add_shared_handler+0x12>
1000076c:	e8c3 2f41 	strexb	r1, r2, [r3]
10000770:	2900      	cmp	r1, #0
10000772:	d1f6      	bne.n	10000762 <irq_add_shared_handler+0x12>
10000774:	f3bf 8f5f 	dmb	sy
10000778:	4b77      	ldr	r3, [pc, #476]	@ (10000958 <irq_add_shared_handler+0x208>)
1000077a:	f993 4000 	ldrsb.w	r4, [r3]
1000077e:	2c00      	cmp	r4, #0
10000780:	db44      	blt.n	1000080c <irq_add_shared_handler+0xbc>
10000782:	4680      	mov	r8, r0
10000784:	eb04 0744 	add.w	r7, r4, r4, lsl #1
10000788:	4b74      	ldr	r3, [pc, #464]	@ (1000095c <irq_add_shared_handler+0x20c>)
1000078a:	eb03 0787 	add.w	r7, r3, r7, lsl #2
1000078e:	f997 1006 	ldrsb.w	r1, [r7, #6]
10000792:	4a71      	ldr	r2, [pc, #452]	@ (10000958 <irq_add_shared_handler+0x208>)
10000794:	7011      	strb	r1, [r2, #0]
10000796:	4a72      	ldr	r2, [pc, #456]	@ (10000960 <irq_add_shared_handler+0x210>)
10000798:	6892      	ldr	r2, [r2, #8]
1000079a:	f100 0110 	add.w	r1, r0, #16
1000079e:	f852 9021 	ldr.w	r9, [r2, r1, lsl #2]
100007a2:	eba9 0203 	sub.w	r2, r9, r3
100007a6:	2a2f      	cmp	r2, #47	@ 0x2f
100007a8:	d93e      	bls.n	10000828 <irq_add_shared_handler+0xd8>
100007aa:	4b6e      	ldr	r3, [pc, #440]	@ (10000964 <irq_add_shared_handler+0x214>)
100007ac:	4599      	cmp	r9, r3
100007ae:	d134      	bne.n	1000081a <irq_add_shared_handler+0xca>
100007b0:	f44f 4321 	mov.w	r3, #41216	@ 0xa100
100007b4:	f8ad 300c 	strh.w	r3, [sp, #12]
100007b8:	ea4f 0944 	mov.w	r9, r4, lsl #1
100007bc:	eb04 0044 	add.w	r0, r4, r4, lsl #1
100007c0:	4e66      	ldr	r6, [pc, #408]	@ (1000095c <irq_add_shared_handler+0x20c>)
100007c2:	eb06 0080 	add.w	r0, r6, r0, lsl #2
100007c6:	4968      	ldr	r1, [pc, #416]	@ (10000968 <irq_add_shared_handler+0x218>)
100007c8:	3002      	adds	r0, #2
100007ca:	f7ff ff29 	bl	10000620 <make_j_16>
100007ce:	f8ad 000e 	strh.w	r0, [sp, #14]
100007d2:	f64b 5301 	movw	r3, #48385	@ 0xbd01
100007d6:	f8ad 3010 	strh.w	r3, [sp, #16]
100007da:	23ff      	movs	r3, #255	@ 0xff
100007dc:	f88d 3012 	strb.w	r3, [sp, #18]
100007e0:	f88d 5013 	strb.w	r5, [sp, #19]
100007e4:	9b00      	ldr	r3, [sp, #0]
100007e6:	9305      	str	r3, [sp, #20]
100007e8:	44a1      	add	r9, r4
100007ea:	eb06 0389 	add.w	r3, r6, r9, lsl #2
100007ee:	aa06      	add	r2, sp, #24
100007f0:	e912 0007 	ldmdb	r2, {r0, r1, r2}
100007f4:	e883 0007 	stmia.w	r3, {r0, r1, r2}
100007f8:	f047 0901 	orr.w	r9, r7, #1
100007fc:	4652      	mov	r2, sl
100007fe:	4649      	mov	r1, r9
10000800:	4640      	mov	r0, r8
10000802:	f7ff fec9 	bl	10000598 <set_raw_irq_handler_and_unlock>
10000806:	b007      	add	sp, #28
10000808:	e8bd 8ff0 	ldmia.w	sp!, {r4, r5, r6, r7, r8, r9, sl, fp, pc}
1000080c:	4b57      	ldr	r3, [pc, #348]	@ (1000096c <irq_add_shared_handler+0x21c>)
1000080e:	4a58      	ldr	r2, [pc, #352]	@ (10000970 <irq_add_shared_handler+0x220>)
10000810:	f44f 71be 	mov.w	r1, #380	@ 0x17c
10000814:	4857      	ldr	r0, [pc, #348]	@ (10000974 <irq_add_shared_handler+0x224>)
10000816:	f002 fb37 	bl	10002e88 <__assert_func>
1000081a:	4b57      	ldr	r3, [pc, #348]	@ (10000978 <irq_add_shared_handler+0x228>)
1000081c:	4a54      	ldr	r2, [pc, #336]	@ (10000970 <irq_add_shared_handler+0x220>)
1000081e:	f240 1183 	movw	r1, #387	@ 0x183
10000822:	4854      	ldr	r0, [pc, #336]	@ (10000974 <irq_add_shared_handler+0x224>)
10000824:	f002 fb30 	bl	10002e88 <__assert_func>
10000828:	f029 0b01 	bic.w	fp, r9, #1
1000082c:	ebab 0303 	sub.w	r3, fp, r3
10000830:	4a52      	ldr	r2, [pc, #328]	@ (1000097c <irq_add_shared_handler+0x22c>)
10000832:	fba2 1203 	umull	r1, r2, r2, r3
10000836:	08d2      	lsrs	r2, r2, #3
10000838:	eb02 0242 	add.w	r2, r2, r2, lsl #1
1000083c:	ebb3 0f82 	cmp.w	r3, r2, lsl #2
10000840:	d10f      	bne.n	10000862 <irq_add_shared_handler+0x112>
10000842:	465b      	mov	r3, fp
10000844:	2600      	movs	r6, #0
10000846:	79da      	ldrb	r2, [r3, #7]
10000848:	42aa      	cmp	r2, r5
1000084a:	d912      	bls.n	10000872 <irq_add_shared_handler+0x122>
1000084c:	f993 2006 	ldrsb.w	r2, [r3, #6]
10000850:	2a00      	cmp	r2, #0
10000852:	db0d      	blt.n	10000870 <irq_add_shared_handler+0x120>
10000854:	eb02 0242 	add.w	r2, r2, r2, lsl #1
10000858:	461e      	mov	r6, r3
1000085a:	4b40      	ldr	r3, [pc, #256]	@ (1000095c <irq_add_shared_handler+0x20c>)
1000085c:	eb03 0382 	add.w	r3, r3, r2, lsl #2
10000860:	e7f1      	b.n	10000846 <irq_add_shared_handler+0xf6>
10000862:	4b47      	ldr	r3, [pc, #284]	@ (10000980 <irq_add_shared_handler+0x230>)
10000864:	4a42      	ldr	r2, [pc, #264]	@ (10000970 <irq_add_shared_handler+0x220>)
10000866:	f44f 71ca 	mov.w	r1, #404	@ 0x194
1000086a:	4842      	ldr	r0, [pc, #264]	@ (10000974 <irq_add_shared_handler+0x224>)
1000086c:	f002 fb0c 	bl	10002e88 <__assert_func>
10000870:	461e      	mov	r6, r3
10000872:	b3a6      	cbz	r6, 100008de <irq_add_shared_handler+0x18e>
10000874:	f644 0301 	movw	r3, #18433	@ 0x4801
10000878:	f8ad 300c 	strh.w	r3, [sp, #12]
1000087c:	f44f 438f 	mov.w	r3, #18304	@ 0x4780
10000880:	f8ad 300e 	strh.w	r3, [sp, #14]
10000884:	f996 b006 	ldrsb.w	fp, [r6, #6]
10000888:	f1bb 0f00 	cmp.w	fp, #0
1000088c:	da1a      	bge.n	100008c4 <irq_add_shared_handler+0x174>
1000088e:	f64b 5001 	movw	r0, #48385	@ 0xbd01
10000892:	f8ad 0010 	strh.w	r0, [sp, #16]
10000896:	f88d b012 	strb.w	fp, [sp, #18]
1000089a:	f88d 5013 	strb.w	r5, [sp, #19]
1000089e:	9b00      	ldr	r3, [sp, #0]
100008a0:	9305      	str	r3, [sp, #20]
100008a2:	4639      	mov	r1, r7
100008a4:	1d30      	adds	r0, r6, #4
100008a6:	f7ff febb 	bl	10000620 <make_j_16>
100008aa:	80b0      	strh	r0, [r6, #4]
100008ac:	71b4      	strb	r4, [r6, #6]
100008ae:	eb04 0444 	add.w	r4, r4, r4, lsl #1
100008b2:	4b2a      	ldr	r3, [pc, #168]	@ (1000095c <irq_add_shared_handler+0x20c>)
100008b4:	eb03 0384 	add.w	r3, r3, r4, lsl #2
100008b8:	aa06      	add	r2, sp, #24
100008ba:	e912 0007 	ldmdb	r2, {r0, r1, r2}
100008be:	e883 0007 	stmia.w	r3, {r0, r1, r2}
100008c2:	e79b      	b.n	100007fc <irq_add_shared_handler+0xac>
100008c4:	1d30      	adds	r0, r6, #4
100008c6:	f7ff fe8b 	bl	100005e0 <resolve_j_16>
100008ca:	4601      	mov	r1, r0
100008cc:	eb04 0244 	add.w	r2, r4, r4, lsl #1
100008d0:	4b22      	ldr	r3, [pc, #136]	@ (1000095c <irq_add_shared_handler+0x20c>)
100008d2:	eb03 0382 	add.w	r3, r3, r2, lsl #2
100008d6:	1d18      	adds	r0, r3, #4
100008d8:	f7ff fea2 	bl	10000620 <make_j_16>
100008dc:	e7d9      	b.n	10000892 <irq_add_shared_handler+0x142>
100008de:	f44f 4321 	mov.w	r3, #41216	@ 0xa100
100008e2:	f8ad 300c 	strh.w	r3, [sp, #12]
100008e6:	0063      	lsls	r3, r4, #1
100008e8:	9301      	str	r3, [sp, #4]
100008ea:	eb04 0644 	add.w	r6, r4, r4, lsl #1
100008ee:	f8df 906c 	ldr.w	r9, [pc, #108]	@ 1000095c <irq_add_shared_handler+0x20c>
100008f2:	eb09 0686 	add.w	r6, r9, r6, lsl #2
100008f6:	491c      	ldr	r1, [pc, #112]	@ (10000968 <irq_add_shared_handler+0x218>)
100008f8:	1cb0      	adds	r0, r6, #2
100008fa:	f7ff fe91 	bl	10000620 <make_j_16>
100008fe:	f8ad 000e 	strh.w	r0, [sp, #14]
10000902:	4659      	mov	r1, fp
10000904:	1d30      	adds	r0, r6, #4
10000906:	f7ff fe8b 	bl	10000620 <make_j_16>
1000090a:	f8ad 0010 	strh.w	r0, [sp, #16]
1000090e:	f64a 23aa 	movw	r3, #43690	@ 0xaaaa
10000912:	465a      	mov	r2, fp
10000914:	4649      	mov	r1, r9
10000916:	1a52      	subs	r2, r2, r1
10000918:	4152      	adcs	r2, r2
1000091a:	4353      	muls	r3, r2
1000091c:	0d1b      	lsrs	r3, r3, #20
1000091e:	f88d 3012 	strb.w	r3, [sp, #18]
10000922:	f88d 5013 	strb.w	r5, [sp, #19]
10000926:	9a00      	ldr	r2, [sp, #0]
10000928:	9205      	str	r2, [sp, #20]
1000092a:	9b01      	ldr	r3, [sp, #4]
1000092c:	4423      	add	r3, r4
1000092e:	eb09 0983 	add.w	r9, r9, r3, lsl #2
10000932:	ab06      	add	r3, sp, #24
10000934:	e913 0007 	ldmdb	r3, {r0, r1, r2}
10000938:	e889 0007 	stmia.w	r9, {r0, r1, r2}
1000093c:	f644 0301 	movw	r3, #18433	@ 0x4801
10000940:	f8ab 3000 	strh.w	r3, [fp]
10000944:	f44f 438f 	mov.w	r3, #18304	@ 0x4780
10000948:	f8ab 3002 	strh.w	r3, [fp, #2]
1000094c:	f047 0901 	orr.w	r9, r7, #1
10000950:	e754      	b.n	100007fc <irq_add_shared_handler+0xac>
10000952:	bf00      	nop
10000954:	2000119d 	.word	0x2000119d
10000958:	20001a84 	.word	0x20001a84
1000095c:	20000dc4 	.word	0x20000dc4
10000960:	e000ed00 	.word	0xe000ed00
10000964:	10000111 	.word	0x10000111
10000968:	20000df4 	.word	0x20000df4
1000096c:	10006424 	.word	0x10006424
10000970:	10006bf0 	.word	0x10006bf0
10000974:	10006374 	.word	0x10006374
10000978:	1000644c 	.word	0x1000644c
1000097c:	aaaaaaab 	.word	0xaaaaaaab
10000980:	10006474 	.word	0x10006474

10000984 <irq_add_tail_to_free_list>:
10000984:	b538      	push	{r3, r4, r5, lr}
10000986:	f040 0401 	orr.w	r4, r0, #1
1000098a:	4b32      	ldr	r3, [pc, #200]	@ (10000a54 <irq_add_tail_to_free_list+0xd0>)
1000098c:	1ae3      	subs	r3, r4, r3
1000098e:	2b2f      	cmp	r3, #47	@ 0x2f
10000990:	d831      	bhi.n	100009f6 <irq_add_tail_to_free_list+0x72>
10000992:	f3ef 8105 	mrs	r1, IPSR
10000996:	b2c9      	uxtb	r1, r1
10000998:	2900      	cmp	r1, #0
1000099a:	d033      	beq.n	10000a04 <irq_add_tail_to_free_list+0x80>
1000099c:	f3ef 8e10 	mrs	lr, PRIMASK
100009a0:	b672      	cpsid	i
100009a2:	4b2d      	ldr	r3, [pc, #180]	@ (10000a58 <irq_add_tail_to_free_list+0xd4>)
100009a4:	e8d3 5fcf 	ldaexb	r5, [r3]
100009a8:	2201      	movs	r2, #1
100009aa:	2d00      	cmp	r5, #0
100009ac:	d1fa      	bne.n	100009a4 <irq_add_tail_to_free_list+0x20>
100009ae:	e8c3 2f45 	strexb	r5, r2, [r3]
100009b2:	2d00      	cmp	r5, #0
100009b4:	d1f6      	bne.n	100009a4 <irq_add_tail_to_free_list+0x20>
100009b6:	f3bf 8f5f 	dmb	sy
100009ba:	f64a 23aa 	movw	r3, #43690	@ 0xaaaa
100009be:	4602      	mov	r2, r0
100009c0:	4d24      	ldr	r5, [pc, #144]	@ (10000a54 <irq_add_tail_to_free_list+0xd0>)
100009c2:	1b52      	subs	r2, r2, r5
100009c4:	4152      	adcs	r2, r2
100009c6:	4353      	muls	r3, r2
100009c8:	0d1b      	lsrs	r3, r3, #20
100009ca:	fa4f fc83 	sxtb.w	ip, r3
100009ce:	4b23      	ldr	r3, [pc, #140]	@ (10000a5c <irq_add_tail_to_free_list+0xd8>)
100009d0:	689b      	ldr	r3, [r3, #8]
100009d2:	f853 3021 	ldr.w	r3, [r3, r1, lsl #2]
100009d6:	42a3      	cmp	r3, r4
100009d8:	d01b      	beq.n	10000a12 <irq_add_tail_to_free_list+0x8e>
100009da:	2300      	movs	r3, #0
100009dc:	2b03      	cmp	r3, #3
100009de:	d832      	bhi.n	10000a46 <irq_add_tail_to_free_list+0xc2>
100009e0:	eb03 0143 	add.w	r1, r3, r3, lsl #1
100009e4:	4a1b      	ldr	r2, [pc, #108]	@ (10000a54 <irq_add_tail_to_free_list+0xd0>)
100009e6:	eb02 0281 	add.w	r2, r2, r1, lsl #2
100009ea:	f992 2006 	ldrsb.w	r2, [r2, #6]
100009ee:	4562      	cmp	r2, ip
100009f0:	d020      	beq.n	10000a34 <irq_add_tail_to_free_list+0xb0>
100009f2:	3301      	adds	r3, #1
100009f4:	e7f2      	b.n	100009dc <irq_add_tail_to_free_list+0x58>
100009f6:	4b1a      	ldr	r3, [pc, #104]	@ (10000a60 <irq_add_tail_to_free_list+0xdc>)
100009f8:	4a1a      	ldr	r2, [pc, #104]	@ (10000a64 <irq_add_tail_to_free_list+0xe0>)
100009fa:	f240 217f 	movw	r1, #639	@ 0x27f
100009fe:	481a      	ldr	r0, [pc, #104]	@ (10000a68 <irq_add_tail_to_free_list+0xe4>)
10000a00:	f002 fa42 	bl	10002e88 <__assert_func>
10000a04:	4b19      	ldr	r3, [pc, #100]	@ (10000a6c <irq_add_tail_to_free_list+0xe8>)
10000a06:	4a17      	ldr	r2, [pc, #92]	@ (10000a64 <irq_add_tail_to_free_list+0xe0>)
10000a08:	f240 2182 	movw	r1, #642	@ 0x282
10000a0c:	4816      	ldr	r0, [pc, #88]	@ (10000a68 <irq_add_tail_to_free_list+0xe4>)
10000a0e:	f002 fa3b 	bl	10002e88 <__assert_func>
10000a12:	4b12      	ldr	r3, [pc, #72]	@ (10000a5c <irq_add_tail_to_free_list+0xd8>)
10000a14:	689b      	ldr	r3, [r3, #8]
10000a16:	4a16      	ldr	r2, [pc, #88]	@ (10000a70 <irq_add_tail_to_free_list+0xec>)
10000a18:	f843 2021 	str.w	r2, [r3, r1, lsl #2]
10000a1c:	4b15      	ldr	r3, [pc, #84]	@ (10000a74 <irq_add_tail_to_free_list+0xf0>)
10000a1e:	781a      	ldrb	r2, [r3, #0]
10000a20:	7182      	strb	r2, [r0, #6]
10000a22:	f883 c000 	strb.w	ip, [r3]
10000a26:	2300      	movs	r3, #0
10000a28:	4a0b      	ldr	r2, [pc, #44]	@ (10000a58 <irq_add_tail_to_free_list+0xd4>)
10000a2a:	e8c2 3f8f 	stlb	r3, [r2]
10000a2e:	f38e 8810 	msr	PRIMASK, lr
10000a32:	bd38      	pop	{r3, r4, r5, pc}
10000a34:	4a07      	ldr	r2, [pc, #28]	@ (10000a54 <irq_add_tail_to_free_list+0xd0>)
10000a36:	eb02 0181 	add.w	r1, r2, r1, lsl #2
10000a3a:	24ff      	movs	r4, #255	@ 0xff
10000a3c:	718c      	strb	r4, [r1, #6]
10000a3e:	f64b 5301 	movw	r3, #48385	@ 0xbd01
10000a42:	808b      	strh	r3, [r1, #4]
10000a44:	e7ea      	b.n	10000a1c <irq_add_tail_to_free_list+0x98>
10000a46:	4b0c      	ldr	r3, [pc, #48]	@ (10000a78 <irq_add_tail_to_free_list+0xf4>)
10000a48:	4a06      	ldr	r2, [pc, #24]	@ (10000a64 <irq_add_tail_to_free_list+0xe0>)
10000a4a:	f240 2193 	movw	r1, #659	@ 0x293
10000a4e:	4806      	ldr	r0, [pc, #24]	@ (10000a68 <irq_add_tail_to_free_list+0xe4>)
10000a50:	f002 fa1a 	bl	10002e88 <__assert_func>
10000a54:	20000dc4 	.word	0x20000dc4
10000a58:	2000119d 	.word	0x2000119d
10000a5c:	e000ed00 	.word	0xe000ed00
10000a60:	100064f8 	.word	0x100064f8
10000a64:	10006bb8 	.word	0x10006bb8
10000a68:	10006374 	.word	0x10006374
10000a6c:	10006520 	.word	0x10006520
10000a70:	10000111 	.word	0x10000111
10000a74:	20001a84 	.word	0x20001a84
10000a78:	1000652c 	.word	0x1000652c

10000a7c <user_irq_claim_unused>:
10000a7c:	b500      	push	{lr}
10000a7e:	b083      	sub	sp, #12
10000a80:	4601      	mov	r1, r0
10000a82:	4b07      	ldr	r3, [pc, #28]	@ (10000aa0 <user_irq_claim_unused+0x24>)
10000a84:	9300      	str	r3, [sp, #0]
10000a86:	2305      	movs	r3, #5
10000a88:	2200      	movs	r2, #0
10000a8a:	4806      	ldr	r0, [pc, #24]	@ (10000aa4 <user_irq_claim_unused+0x28>)
10000a8c:	f7ff fd27 	bl	100004de <hw_claim_unused_from_range>
10000a90:	2800      	cmp	r0, #0
10000a92:	db01      	blt.n	10000a98 <user_irq_claim_unused+0x1c>
10000a94:	f1c0 0033 	rsb	r0, r0, #51	@ 0x33
10000a98:	b003      	add	sp, #12
10000a9a:	f85d fb04 	ldr.w	pc, [sp], #4
10000a9e:	bf00      	nop
10000aa0:	10006534 	.word	0x10006534
10000aa4:	20001a88 	.word	0x20001a88

10000aa8 <lock_init>:
10000aa8:	4b01      	ldr	r3, [pc, #4]	@ (10000ab0 <lock_init+0x8>)
10000aaa:	440b      	add	r3, r1
10000aac:	6003      	str	r3, [r0, #0]
10000aae:	4770      	bx	lr
10000ab0:	20001194 	.word	0x20001194

10000ab4 <mutex_init>:
10000ab4:	b510      	push	{r4, lr}
10000ab6:	4604      	mov	r4, r0
10000ab8:	f7ff fd38 	bl	1000052c <next_striped_spin_lock_num>
10000abc:	4601      	mov	r1, r0
10000abe:	4620      	mov	r0, r4
10000ac0:	f7ff fff2 	bl	10000aa8 <lock_init>
10000ac4:	23ff      	movs	r3, #255	@ 0xff
10000ac6:	7123      	strb	r3, [r4, #4]
10000ac8:	f3bf 8f5f 	dmb	sy
10000acc:	bd10      	pop	{r4, pc}

10000ace <recursive_mutex_init>:
10000ace:	b510      	push	{r4, lr}
10000ad0:	4604      	mov	r4, r0
10000ad2:	f7ff fd2b 	bl	1000052c <next_striped_spin_lock_num>
10000ad6:	4601      	mov	r1, r0
10000ad8:	4620      	mov	r0, r4
10000ada:	f7ff ffe5 	bl	10000aa8 <lock_init>
10000ade:	23ff      	movs	r3, #255	@ 0xff
10000ae0:	7123      	strb	r3, [r4, #4]
10000ae2:	2300      	movs	r3, #0
10000ae4:	7163      	strb	r3, [r4, #5]
10000ae6:	f3bf 8f5f 	dmb	sy
10000aea:	bd10      	pop	{r4, pc}

10000aec <runtime_init_mutex>:
10000aec:	b510      	push	{r4, lr}
10000aee:	4c0d      	ldr	r4, [pc, #52]	@ (10000b24 <runtime_init_mutex+0x38>)
10000af0:	e009      	b.n	10000b06 <runtime_init_mutex+0x1a>
10000af2:	4b0d      	ldr	r3, [pc, #52]	@ (10000b28 <runtime_init_mutex+0x3c>)
10000af4:	4a0d      	ldr	r2, [pc, #52]	@ (10000b2c <runtime_init_mutex+0x40>)
10000af6:	211a      	movs	r1, #26
10000af8:	480d      	ldr	r0, [pc, #52]	@ (10000b30 <runtime_init_mutex+0x44>)
10000afa:	f002 f9c5 	bl	10002e88 <__assert_func>
10000afe:	4620      	mov	r0, r4
10000b00:	f7ff ffd8 	bl	10000ab4 <mutex_init>
10000b04:	3408      	adds	r4, #8
10000b06:	4b0b      	ldr	r3, [pc, #44]	@ (10000b34 <runtime_init_mutex+0x48>)
10000b08:	429c      	cmp	r4, r3
10000b0a:	d209      	bcs.n	10000b20 <runtime_init_mutex+0x34>
10000b0c:	6823      	ldr	r3, [r4, #0]
10000b0e:	2b00      	cmp	r3, #0
10000b10:	d0f5      	beq.n	10000afe <runtime_init_mutex+0x12>
10000b12:	2b01      	cmp	r3, #1
10000b14:	d1ed      	bne.n	10000af2 <runtime_init_mutex+0x6>
10000b16:	4620      	mov	r0, r4
10000b18:	f7ff ffd9 	bl	10000ace <recursive_mutex_init>
10000b1c:	3408      	adds	r4, #8
10000b1e:	e7f2      	b.n	10000b06 <runtime_init_mutex+0x1a>
10000b20:	bd10      	pop	{r4, pc}
10000b22:	bf00      	nop
10000b24:	20000e5c 	.word	0x20000e5c
10000b28:	10006550 	.word	0x10006550
10000b2c:	10006c48 	.word	0x10006c48
10000b30:	10006570 	.word	0x10006570
10000b34:	20000e64 	.word	0x20000e64

10000b38 <critical_section_init_with_lock_num>:
10000b38:	4b02      	ldr	r3, [pc, #8]	@ (10000b44 <critical_section_init_with_lock_num+0xc>)
10000b3a:	440b      	add	r3, r1
10000b3c:	6003      	str	r3, [r0, #0]
10000b3e:	f3bf 8f5f 	dmb	sy
10000b42:	4770      	bx	lr
10000b44:	20001194 	.word	0x20001194

10000b48 <critical_section_init>:
10000b48:	b510      	push	{r4, lr}
10000b4a:	4604      	mov	r4, r0
10000b4c:	2001      	movs	r0, #1
10000b4e:	f7ff fcfb 	bl	10000548 <spin_lock_claim_unused>
10000b52:	4601      	mov	r1, r0
10000b54:	4620      	mov	r0, r4
10000b56:	f7ff ffef 	bl	10000b38 <critical_section_init_with_lock_num>
10000b5a:	bd10      	pop	{r4, pc}

10000b5c <ta_from_current_irq>:
10000b5c:	4602      	mov	r2, r0
10000b5e:	f3ef 8305 	mrs	r3, IPSR
10000b62:	b2db      	uxtb	r3, r3
10000b64:	3b10      	subs	r3, #16
10000b66:	0899      	lsrs	r1, r3, #2
10000b68:	d004      	beq.n	10000b74 <ta_from_current_irq+0x18>
10000b6a:	4803      	ldr	r0, [pc, #12]	@ (10000b78 <ta_from_current_irq+0x1c>)
10000b6c:	f003 0303 	and.w	r3, r3, #3
10000b70:	6013      	str	r3, [r2, #0]
10000b72:	4770      	bx	lr
10000b74:	4801      	ldr	r0, [pc, #4]	@ (10000b7c <ta_from_current_irq+0x20>)
10000b76:	e7f9      	b.n	10000b6c <ta_from_current_irq+0x10>
10000b78:	400b8000 	.word	0x400b8000
10000b7c:	400b0000 	.word	0x400b0000

10000b80 <ta_set_timeout>:
10000b80:	b410      	push	{r4}
10000b82:	6a84      	ldr	r4, [r0, #40]	@ 0x28
10000b84:	eba2 0c04 	sub.w	ip, r2, r4
10000b88:	1d0b      	adds	r3, r1, #4
10000b8a:	f850 3023 	ldr.w	r3, [r0, r3, lsl #2]
10000b8e:	1b1b      	subs	r3, r3, r4
10000b90:	459c      	cmp	ip, r3
10000b92:	d304      	bcc.n	10000b9e <ta_set_timeout+0x1e>
10000b94:	6a04      	ldr	r4, [r0, #32]
10000b96:	2301      	movs	r3, #1
10000b98:	408b      	lsls	r3, r1
10000b9a:	421c      	tst	r4, r3
10000b9c:	d102      	bne.n	10000ba4 <ta_set_timeout+0x24>
10000b9e:	3104      	adds	r1, #4
10000ba0:	f840 2021 	str.w	r2, [r0, r1, lsl #2]
10000ba4:	f85d 4b04 	ldr.w	r4, [sp], #4
10000ba8:	4770      	bx	lr

10000baa <make_alarm_id>:
10000baa:	ea41 4000 	orr.w	r0, r1, r0, lsl #16
10000bae:	4770      	bx	lr

10000bb0 <sleep_until_callback>:
10000bb0:	4b0d      	ldr	r3, [pc, #52]	@ (10000be8 <sleep_until_callback+0x38>)
10000bb2:	681a      	ldr	r2, [r3, #0]
10000bb4:	f3ef 8110 	mrs	r1, PRIMASK
10000bb8:	b672      	cpsid	i
10000bba:	e8d2 cfcf 	ldaexb	ip, [r2]
10000bbe:	2001      	movs	r0, #1
10000bc0:	f1bc 0f00 	cmp.w	ip, #0
10000bc4:	d1f9      	bne.n	10000bba <sleep_until_callback+0xa>
10000bc6:	e8c2 0f4c 	strexb	ip, r0, [r2]
10000bca:	f1bc 0f00 	cmp.w	ip, #0
10000bce:	d1f4      	bne.n	10000bba <sleep_until_callback+0xa>
10000bd0:	f3bf 8f5f 	dmb	sy
10000bd4:	681a      	ldr	r2, [r3, #0]
10000bd6:	2300      	movs	r3, #0
10000bd8:	e8c2 3f8f 	stlb	r3, [r2]
10000bdc:	f381 8810 	msr	PRIMASK, r1
10000be0:	bf40      	sev
10000be2:	2000      	movs	r0, #0
10000be4:	2100      	movs	r1, #0
10000be6:	4770      	bx	lr
10000be8:	20001a64 	.word	0x20001a64

10000bec <alarm_pool_irq_handler>:
10000bec:	e92d 4ff0 	stmdb	sp!, {r4, r5, r6, r7, r8, r9, sl, fp, lr}
10000bf0:	b085      	sub	sp, #20
10000bf2:	a803      	add	r0, sp, #12
10000bf4:	f7ff ffb2 	bl	10000b5c <ta_from_current_irq>
10000bf8:	4ba9      	ldr	r3, [pc, #676]	@ (10000ea0 <alarm_pool_irq_handler+0x2b4>)
10000bfa:	4298      	cmp	r0, r3
10000bfc:	bf14      	ite	ne
10000bfe:	2300      	movne	r3, #0
10000c00:	2301      	moveq	r3, #1
10000c02:	9903      	ldr	r1, [sp, #12]
10000c04:	eb01 0383 	add.w	r3, r1, r3, lsl #2
10000c08:	4aa6      	ldr	r2, [pc, #664]	@ (10000ea4 <alarm_pool_irq_handler+0x2b8>)
10000c0a:	f852 4023 	ldr.w	r4, [r2, r3, lsl #2]
10000c0e:	7823      	ldrb	r3, [r4, #0]
10000c10:	4299      	cmp	r1, r3
10000c12:	d106      	bne.n	10000c22 <alarm_pool_irq_handler+0x36>
10000c14:	4605      	mov	r5, r0
10000c16:	2201      	movs	r2, #1
10000c18:	408a      	lsls	r2, r1
10000c1a:	f500 5341 	add.w	r3, r0, #12352	@ 0x3040
10000c1e:	605a      	str	r2, [r3, #4]
10000c20:	e114      	b.n	10000e4c <alarm_pool_irq_handler+0x260>
10000c22:	4ba1      	ldr	r3, [pc, #644]	@ (10000ea8 <alarm_pool_irq_handler+0x2bc>)
10000c24:	4aa1      	ldr	r2, [pc, #644]	@ (10000eac <alarm_pool_irq_handler+0x2c0>)
10000c26:	2192      	movs	r1, #146	@ 0x92
10000c28:	48a1      	ldr	r0, [pc, #644]	@ (10000eb0 <alarm_pool_irq_handler+0x2c4>)
10000c2a:	f002 f92d 	bl	10002e88 <__assert_func>
10000c2e:	f8d4 9014 	ldr.w	r9, [r4, #20]
10000c32:	eb06 0746 	add.w	r7, r6, r6, lsl #1
10000c36:	ea4f 0ac7 	mov.w	sl, r7, lsl #3
10000c3a:	eb09 07c7 	add.w	r7, r9, r7, lsl #3
10000c3e:	f8d7 b008 	ldr.w	fp, [r7, #8]
10000c42:	f8d7 800c 	ldr.w	r8, [r7, #12]
10000c46:	4628      	mov	r0, r5
10000c48:	f000 fbb8 	bl	100013bc <timer_time_us_64>
10000c4c:	ebb0 000b 	subs.w	r0, r0, fp
10000c50:	eb61 0308 	sbc.w	r3, r1, r8
10000c54:	2b00      	cmp	r3, #0
10000c56:	f2c0 8102 	blt.w	10000e5e <alarm_pool_irq_handler+0x272>
10000c5a:	f1b8 0f00 	cmp.w	r8, #0
10000c5e:	db60      	blt.n	10000d22 <alarm_pool_irq_handler+0x136>
10000c60:	693b      	ldr	r3, [r7, #16]
10000c62:	461a      	mov	r2, r3
10000c64:	9300      	str	r3, [sp, #0]
10000c66:	4b93      	ldr	r3, [pc, #588]	@ (10000eb4 <alarm_pool_irq_handler+0x2c8>)
10000c68:	429a      	cmp	r2, r3
10000c6a:	d030      	beq.n	10000cce <alarm_pool_irq_handler+0xe2>
10000c6c:	8879      	ldrh	r1, [r7, #2]
10000c6e:	b289      	uxth	r1, r1
10000c70:	f9b4 0008 	ldrsh.w	r0, [r4, #8]
10000c74:	f7ff ff99 	bl	10000baa <make_alarm_id>
10000c78:	6979      	ldr	r1, [r7, #20]
10000c7a:	9b00      	ldr	r3, [sp, #0]
10000c7c:	4798      	blx	r3
10000c7e:	9000      	str	r0, [sp, #0]
10000c80:	9101      	str	r1, [sp, #4]
10000c82:	9900      	ldr	r1, [sp, #0]
10000c84:	9a01      	ldr	r2, [sp, #4]
10000c86:	ea51 0302 	orrs.w	r3, r1, r2
10000c8a:	d04a      	beq.n	10000d22 <alarm_pool_irq_handler+0x136>
10000c8c:	4613      	mov	r3, r2
10000c8e:	2a00      	cmp	r2, #0
10000c90:	da29      	bge.n	10000ce6 <alarm_pool_irq_handler+0xfa>
10000c92:	ebbb 0201 	subs.w	r2, fp, r1
10000c96:	eb68 0803 	sbc.w	r8, r8, r3
10000c9a:	60ba      	str	r2, [r7, #8]
10000c9c:	f8c7 800c 	str.w	r8, [r7, #12]
10000ca0:	f939 300a 	ldrsh.w	r3, [r9, sl]
10000ca4:	2b00      	cmp	r3, #0
10000ca6:	f2c0 80da 	blt.w	10000e5e <alarm_pool_irq_handler+0x272>
10000caa:	f8d4 e014 	ldr.w	lr, [r4, #20]
10000cae:	eb03 0143 	add.w	r1, r3, r3, lsl #1
10000cb2:	eb0e 01c1 	add.w	r1, lr, r1, lsl #3
10000cb6:	6888      	ldr	r0, [r1, #8]
10000cb8:	68c9      	ldr	r1, [r1, #12]
10000cba:	1a10      	subs	r0, r2, r0
10000cbc:	eb68 0101 	sbc.w	r1, r8, r1
10000cc0:	2900      	cmp	r1, #0
10000cc2:	f2c0 80cc 	blt.w	10000e5e <alarm_pool_irq_handler+0x272>
10000cc6:	46a4      	mov	ip, r4
10000cc8:	f82c 3f08 	strh.w	r3, [ip, #8]!
10000ccc:	e015      	b.n	10000cfa <alarm_pool_irq_handler+0x10e>
10000cce:	697a      	ldr	r2, [r7, #20]
10000cd0:	6913      	ldr	r3, [r2, #16]
10000cd2:	9200      	str	r2, [sp, #0]
10000cd4:	4610      	mov	r0, r2
10000cd6:	4798      	blx	r3
10000cd8:	b318      	cbz	r0, 10000d22 <alarm_pool_irq_handler+0x136>
10000cda:	9a00      	ldr	r2, [sp, #0]
10000cdc:	6813      	ldr	r3, [r2, #0]
10000cde:	9300      	str	r3, [sp, #0]
10000ce0:	6853      	ldr	r3, [r2, #4]
10000ce2:	9301      	str	r3, [sp, #4]
10000ce4:	e7cd      	b.n	10000c82 <alarm_pool_irq_handler+0x96>
10000ce6:	4628      	mov	r0, r5
10000ce8:	f000 fb68 	bl	100013bc <timer_time_us_64>
10000cec:	9b00      	ldr	r3, [sp, #0]
10000cee:	181a      	adds	r2, r3, r0
10000cf0:	9b01      	ldr	r3, [sp, #4]
10000cf2:	eb43 0801 	adc.w	r8, r3, r1
10000cf6:	e7d0      	b.n	10000c9a <alarm_pool_irq_handler+0xae>
10000cf8:	469c      	mov	ip, r3
10000cfa:	f9bc 7000 	ldrsh.w	r7, [ip]
10000cfe:	2f00      	cmp	r7, #0
10000d00:	db0a      	blt.n	10000d18 <alarm_pool_irq_handler+0x12c>
10000d02:	eb07 0347 	add.w	r3, r7, r7, lsl #1
10000d06:	eb0e 03c3 	add.w	r3, lr, r3, lsl #3
10000d0a:	6898      	ldr	r0, [r3, #8]
10000d0c:	68d9      	ldr	r1, [r3, #12]
10000d0e:	1a10      	subs	r0, r2, r0
10000d10:	eb68 0101 	sbc.w	r1, r8, r1
10000d14:	2900      	cmp	r1, #0
10000d16:	daef      	bge.n	10000cf8 <alarm_pool_irq_handler+0x10c>
10000d18:	f829 700a 	strh.w	r7, [r9, sl]
10000d1c:	f8ac 6000 	strh.w	r6, [ip]
10000d20:	e09d      	b.n	10000e5e <alarm_pool_irq_handler+0x272>
10000d22:	f939 300a 	ldrsh.w	r3, [r9, sl]
10000d26:	8123      	strh	r3, [r4, #8]
10000d28:	6923      	ldr	r3, [r4, #16]
10000d2a:	f3ef 8210 	mrs	r2, PRIMASK
10000d2e:	b672      	cpsid	i
10000d30:	e8d3 0fcf 	ldaexb	r0, [r3]
10000d34:	2101      	movs	r1, #1
10000d36:	2800      	cmp	r0, #0
10000d38:	d1fa      	bne.n	10000d30 <alarm_pool_irq_handler+0x144>
10000d3a:	e8c3 1f40 	strexb	r0, r1, [r3]
10000d3e:	2800      	cmp	r0, #0
10000d40:	d1f6      	bne.n	10000d30 <alarm_pool_irq_handler+0x144>
10000d42:	f3bf 8f5f 	dmb	sy
10000d46:	f9b4 3002 	ldrsh.w	r3, [r4, #2]
10000d4a:	f829 300a 	strh.w	r3, [r9, sl]
10000d4e:	8066      	strh	r6, [r4, #2]
10000d50:	6921      	ldr	r1, [r4, #16]
10000d52:	2300      	movs	r3, #0
10000d54:	e8c1 3f8f 	stlb	r3, [r1]
10000d58:	f382 8810 	msr	PRIMASK, r2
10000d5c:	e07f      	b.n	10000e5e <alarm_pool_irq_handler+0x272>
10000d5e:	6923      	ldr	r3, [r4, #16]
10000d60:	f3ef 8210 	mrs	r2, PRIMASK
10000d64:	b672      	cpsid	i
10000d66:	e8d3 0fcf 	ldaexb	r0, [r3]
10000d6a:	2101      	movs	r1, #1
10000d6c:	2800      	cmp	r0, #0
10000d6e:	d1fa      	bne.n	10000d66 <alarm_pool_irq_handler+0x17a>
10000d70:	e8c3 1f40 	strexb	r0, r1, [r3]
10000d74:	2800      	cmp	r0, #0
10000d76:	d1f6      	bne.n	10000d66 <alarm_pool_irq_handler+0x17a>
10000d78:	f3bf 8f5f 	dmb	sy
10000d7c:	f8b4 8004 	ldrh.w	r8, [r4, #4]
10000d80:	fa0f f888 	sxth.w	r8, r8
10000d84:	f64f 73ff 	movw	r3, #65535	@ 0xffff
10000d88:	80a3      	strh	r3, [r4, #4]
10000d8a:	6921      	ldr	r1, [r4, #16]
10000d8c:	2300      	movs	r3, #0
10000d8e:	e8c1 3f8f 	stlb	r3, [r1]
10000d92:	f382 8810 	msr	PRIMASK, r2
10000d96:	e015      	b.n	10000dc4 <alarm_pool_irq_handler+0x1d8>
10000d98:	461e      	mov	r6, r3
10000d9a:	f9b6 2000 	ldrsh.w	r2, [r6]
10000d9e:	2a00      	cmp	r2, #0
10000da0:	db0a      	blt.n	10000db8 <alarm_pool_irq_handler+0x1cc>
10000da2:	eb02 0342 	add.w	r3, r2, r2, lsl #1
10000da6:	eb0c 03c3 	add.w	r3, ip, r3, lsl #3
10000daa:	6898      	ldr	r0, [r3, #8]
10000dac:	68d9      	ldr	r1, [r3, #12]
10000dae:	1a38      	subs	r0, r7, r0
10000db0:	eb6e 0101 	sbc.w	r1, lr, r1
10000db4:	2900      	cmp	r1, #0
10000db6:	daef      	bge.n	10000d98 <alarm_pool_irq_handler+0x1ac>
10000db8:	f8a6 8000 	strh.w	r8, [r6]
10000dbc:	f93c 8009 	ldrsh.w	r8, [ip, r9]
10000dc0:	f82c 2009 	strh.w	r2, [ip, r9]
10000dc4:	f1b8 0f00 	cmp.w	r8, #0
10000dc8:	db4e      	blt.n	10000e68 <alarm_pool_irq_handler+0x27c>
10000dca:	f8d4 c014 	ldr.w	ip, [r4, #20]
10000dce:	eb08 0348 	add.w	r3, r8, r8, lsl #1
10000dd2:	ea4f 09c3 	mov.w	r9, r3, lsl #3
10000dd6:	eb0c 03c3 	add.w	r3, ip, r3, lsl #3
10000dda:	689f      	ldr	r7, [r3, #8]
10000ddc:	f8d3 e00c 	ldr.w	lr, [r3, #12]
10000de0:	f104 0608 	add.w	r6, r4, #8
10000de4:	e7d9      	b.n	10000d9a <alarm_pool_irq_handler+0x1ae>
10000de6:	2300      	movs	r3, #0
10000de8:	71a3      	strb	r3, [r4, #6]
10000dea:	f104 0c08 	add.w	ip, r4, #8
10000dee:	f9b4 3008 	ldrsh.w	r3, [r4, #8]
10000df2:	e010      	b.n	10000e16 <alarm_pool_irq_handler+0x22a>
10000df4:	f04f 38ff 	mov.w	r8, #4294967295	@ 0xffffffff
10000df8:	f04f 39ff 	mov.w	r9, #4294967295	@ 0xffffffff
10000dfc:	e9c0 8902 	strd	r8, r9, [r0, #8]
10000e00:	f9b4 0008 	ldrsh.w	r0, [r4, #8]
10000e04:	4298      	cmp	r0, r3
10000e06:	d005      	beq.n	10000e14 <alarm_pool_irq_handler+0x228>
10000e08:	f8ac 2000 	strh.w	r2, [ip]
10000e0c:	f9b4 0008 	ldrsh.w	r0, [r4, #8]
10000e10:	53c8      	strh	r0, [r1, r7]
10000e12:	8123      	strh	r3, [r4, #8]
10000e14:	4613      	mov	r3, r2
10000e16:	f1b3 3fff 	cmp.w	r3, #4294967295	@ 0xffffffff
10000e1a:	d028      	beq.n	10000e6e <alarm_pool_irq_handler+0x282>
10000e1c:	6961      	ldr	r1, [r4, #20]
10000e1e:	eb03 0243 	add.w	r2, r3, r3, lsl #1
10000e22:	00d7      	lsls	r7, r2, #3
10000e24:	eb01 00c2 	add.w	r0, r1, r2, lsl #3
10000e28:	f931 2032 	ldrsh.w	r2, [r1, r2, lsl #3]
10000e2c:	8846      	ldrh	r6, [r0, #2]
10000e2e:	f416 4f00 	tst.w	r6, #32768	@ 0x8000
10000e32:	d1df      	bne.n	10000df4 <alarm_pool_irq_handler+0x208>
10000e34:	4684      	mov	ip, r0
10000e36:	e7ed      	b.n	10000e14 <alarm_pool_irq_handler+0x228>
10000e38:	4628      	mov	r0, r5
10000e3a:	f000 fabf 	bl	100013bc <timer_time_us_64>
10000e3e:	1a3f      	subs	r7, r7, r0
10000e40:	eb66 0601 	sbc.w	r6, r6, r1
10000e44:	2f01      	cmp	r7, #1
10000e46:	f176 0600 	sbcs.w	r6, r6, #0
10000e4a:	da35      	bge.n	10000eb8 <alarm_pool_irq_handler+0x2cc>
10000e4c:	9a03      	ldr	r2, [sp, #12]
10000e4e:	2301      	movs	r3, #1
10000e50:	4093      	lsls	r3, r2
10000e52:	63eb      	str	r3, [r5, #60]	@ 0x3c
10000e54:	f9b4 6008 	ldrsh.w	r6, [r4, #8]
10000e58:	2e00      	cmp	r6, #0
10000e5a:	f6bf aee8 	bge.w	10000c2e <alarm_pool_irq_handler+0x42>
10000e5e:	88a3      	ldrh	r3, [r4, #4]
10000e60:	f413 4f00 	tst.w	r3, #32768	@ 0x8000
10000e64:	f43f af7b 	beq.w	10000d5e <alarm_pool_irq_handler+0x172>
10000e68:	79a3      	ldrb	r3, [r4, #6]
10000e6a:	2b00      	cmp	r3, #0
10000e6c:	d1bb      	bne.n	10000de6 <alarm_pool_irq_handler+0x1fa>
10000e6e:	f9b4 3008 	ldrsh.w	r3, [r4, #8]
10000e72:	2b00      	cmp	r3, #0
10000e74:	db20      	blt.n	10000eb8 <alarm_pool_irq_handler+0x2cc>
10000e76:	6962      	ldr	r2, [r4, #20]
10000e78:	eb03 0343 	add.w	r3, r3, r3, lsl #1
10000e7c:	eb02 03c3 	add.w	r3, r2, r3, lsl #3
10000e80:	689f      	ldr	r7, [r3, #8]
10000e82:	68de      	ldr	r6, [r3, #12]
10000e84:	f1b6 3fff 	cmp.w	r6, #4294967295	@ 0xffffffff
10000e88:	bf08      	it	eq
10000e8a:	f1b7 3fff 	cmpeq.w	r7, #4294967295	@ 0xffffffff
10000e8e:	d0d3      	beq.n	10000e38 <alarm_pool_irq_handler+0x24c>
10000e90:	463a      	mov	r2, r7
10000e92:	4633      	mov	r3, r6
10000e94:	9903      	ldr	r1, [sp, #12]
10000e96:	4628      	mov	r0, r5
10000e98:	f7ff fe72 	bl	10000b80 <ta_set_timeout>
10000e9c:	e7cc      	b.n	10000e38 <alarm_pool_irq_handler+0x24c>
10000e9e:	bf00      	nop
10000ea0:	400b8000 	.word	0x400b8000
10000ea4:	20001a3c 	.word	0x20001a3c
10000ea8:	10006604 	.word	0x10006604
10000eac:	10006c74 	.word	0x10006c74
10000eb0:	10006630 	.word	0x10006630
10000eb4:	10000bed 	.word	0x10000bed
10000eb8:	bf40      	sev
10000eba:	b005      	add	sp, #20
10000ebc:	e8bd 8ff0 	ldmia.w	sp!, {r4, r5, r6, r7, r8, r9, sl, fp, pc}

10000ec0 <ta_enable_irq_handler>:
10000ec0:	b5f8      	push	{r3, r4, r5, r6, r7, lr}
10000ec2:	4604      	mov	r4, r0
10000ec4:	460d      	mov	r5, r1
10000ec6:	4611      	mov	r1, r2
10000ec8:	4b0a      	ldr	r3, [pc, #40]	@ (10000ef4 <ta_enable_irq_handler+0x34>)
10000eca:	4298      	cmp	r0, r3
10000ecc:	d010      	beq.n	10000ef0 <ta_enable_irq_handler+0x30>
10000ece:	2600      	movs	r6, #0
10000ed0:	442e      	add	r6, r5
10000ed2:	2701      	movs	r7, #1
10000ed4:	fa07 f505 	lsl.w	r5, r7, r5
10000ed8:	6225      	str	r5, [r4, #32]
10000eda:	4630      	mov	r0, r6
10000edc:	f7ff fc08 	bl	100006f0 <irq_set_exclusive_handler>
10000ee0:	4639      	mov	r1, r7
10000ee2:	4630      	mov	r0, r6
10000ee4:	f7ff fbda 	bl	1000069c <irq_set_enabled>
10000ee8:	f504 5401 	add.w	r4, r4, #8256	@ 0x2040
10000eec:	6025      	str	r5, [r4, #0]
10000eee:	bdf8      	pop	{r3, r4, r5, r6, r7, pc}
10000ef0:	2604      	movs	r6, #4
10000ef2:	e7ed      	b.n	10000ed0 <ta_enable_irq_handler+0x10>
10000ef4:	400b8000 	.word	0x400b8000

10000ef8 <alarm_pool_post_alloc_init>:
10000ef8:	b5f8      	push	{r3, r4, r5, r6, r7, lr}
10000efa:	4604      	mov	r4, r0
10000efc:	460e      	mov	r6, r1
10000efe:	4617      	mov	r7, r2
10000f00:	461d      	mov	r5, r3
10000f02:	60c1      	str	r1, [r0, #12]
10000f04:	f7ff fb12 	bl	1000052c <next_striped_spin_lock_num>
10000f08:	4b16      	ldr	r3, [pc, #88]	@ (10000f64 <alarm_pool_post_alloc_init+0x6c>)
10000f0a:	4403      	add	r3, r0
10000f0c:	6123      	str	r3, [r4, #16]
10000f0e:	7027      	strb	r7, [r4, #0]
10000f10:	b2ab      	uxth	r3, r5
10000f12:	8163      	strh	r3, [r4, #10]
10000f14:	f04f 4250 	mov.w	r2, #3489660928	@ 0xd0000000
10000f18:	7812      	ldrb	r2, [r2, #0]
10000f1a:	7062      	strb	r2, [r4, #1]
10000f1c:	f64f 72ff 	movw	r2, #65535	@ 0xffff
10000f20:	8122      	strh	r2, [r4, #8]
10000f22:	80a2      	strh	r2, [r4, #4]
10000f24:	3b01      	subs	r3, #1
10000f26:	8063      	strh	r3, [r4, #2]
10000f28:	f04f 0c00 	mov.w	ip, #0
10000f2c:	e008      	b.n	10000f40 <alarm_pool_post_alloc_init+0x48>
10000f2e:	f10c 30ff 	add.w	r0, ip, #4294967295	@ 0xffffffff
10000f32:	eb0c 0e4c 	add.w	lr, ip, ip, lsl #1
10000f36:	6963      	ldr	r3, [r4, #20]
10000f38:	f823 003e 	strh.w	r0, [r3, lr, lsl #3]
10000f3c:	f10c 0c01 	add.w	ip, ip, #1
10000f40:	45ac      	cmp	ip, r5
10000f42:	d3f4      	bcc.n	10000f2e <alarm_pool_post_alloc_init+0x36>
10000f44:	4b08      	ldr	r3, [pc, #32]	@ (10000f68 <alarm_pool_post_alloc_init+0x70>)
10000f46:	429e      	cmp	r6, r3
10000f48:	bf14      	ite	ne
10000f4a:	2300      	movne	r3, #0
10000f4c:	2301      	moveq	r3, #1
10000f4e:	eb07 0383 	add.w	r3, r7, r3, lsl #2
10000f52:	4a06      	ldr	r2, [pc, #24]	@ (10000f6c <alarm_pool_post_alloc_init+0x74>)
10000f54:	f842 4023 	str.w	r4, [r2, r3, lsl #2]
10000f58:	4a05      	ldr	r2, [pc, #20]	@ (10000f70 <alarm_pool_post_alloc_init+0x78>)
10000f5a:	4639      	mov	r1, r7
10000f5c:	4630      	mov	r0, r6
10000f5e:	f7ff ffaf 	bl	10000ec0 <ta_enable_irq_handler>
10000f62:	bdf8      	pop	{r3, r4, r5, r6, r7, pc}
10000f64:	20001194 	.word	0x20001194
10000f68:	400b8000 	.word	0x400b8000
10000f6c:	20001a3c 	.word	0x20001a3c
10000f70:	10000bed 	.word	0x10000bed

10000f74 <alarm_pool_get_default>:
10000f74:	b508      	push	{r3, lr}
10000f76:	4b05      	ldr	r3, [pc, #20]	@ (10000f8c <alarm_pool_get_default+0x18>)
10000f78:	691b      	ldr	r3, [r3, #16]
10000f7a:	b10b      	cbz	r3, 10000f80 <alarm_pool_get_default+0xc>
10000f7c:	4803      	ldr	r0, [pc, #12]	@ (10000f8c <alarm_pool_get_default+0x18>)
10000f7e:	bd08      	pop	{r3, pc}
10000f80:	4b03      	ldr	r3, [pc, #12]	@ (10000f90 <alarm_pool_get_default+0x1c>)
10000f82:	4a04      	ldr	r2, [pc, #16]	@ (10000f94 <alarm_pool_get_default+0x20>)
10000f84:	2165      	movs	r1, #101	@ 0x65
10000f86:	4804      	ldr	r0, [pc, #16]	@ (10000f98 <alarm_pool_get_default+0x24>)
10000f88:	f001 ff7e 	bl	10002e88 <__assert_func>
10000f8c:	20000e0c 	.word	0x20000e0c
10000f90:	10006670 	.word	0x10006670
10000f94:	10006c5c 	.word	0x10006c5c
10000f98:	10006630 	.word	0x10006630

10000f9c <alarm_pool_add_alarm_at_force_in_context>:
10000f9c:	b5f8      	push	{r3, r4, r5, r6, r7, lr}
10000f9e:	4604      	mov	r4, r0
10000fa0:	469e      	mov	lr, r3
10000fa2:	6900      	ldr	r0, [r0, #16]
10000fa4:	f3ef 8110 	mrs	r1, PRIMASK
10000fa8:	b672      	cpsid	i
10000faa:	e8d0 6fcf 	ldaexb	r6, [r0]
10000fae:	2501      	movs	r5, #1
10000fb0:	2e00      	cmp	r6, #0
10000fb2:	d1fa      	bne.n	10000faa <alarm_pool_add_alarm_at_force_in_context+0xe>
10000fb4:	e8c0 5f46 	strexb	r6, r5, [r0]
10000fb8:	2e00      	cmp	r6, #0
10000fba:	d1f6      	bne.n	10000faa <alarm_pool_add_alarm_at_force_in_context+0xe>
10000fbc:	f3bf 8f5f 	dmb	sy
10000fc0:	f9b4 5002 	ldrsh.w	r5, [r4, #2]
10000fc4:	6966      	ldr	r6, [r4, #20]
10000fc6:	eb05 0045 	add.w	r0, r5, r5, lsl #1
10000fca:	00c7      	lsls	r7, r0, #3
10000fcc:	eb06 00c0 	add.w	r0, r6, r0, lsl #3
10000fd0:	2d00      	cmp	r5, #0
10000fd2:	db03      	blt.n	10000fdc <alarm_pool_add_alarm_at_force_in_context+0x40>
10000fd4:	f936 c007 	ldrsh.w	ip, [r6, r7]
10000fd8:	f8a4 c002 	strh.w	ip, [r4, #2]
10000fdc:	f04f 0c00 	mov.w	ip, #0
10000fe0:	6923      	ldr	r3, [r4, #16]
10000fe2:	e8c3 cf8f 	stlb	ip, [r3]
10000fe6:	f381 8810 	msr	PRIMASK, r1
10000fea:	4565      	cmp	r5, ip
10000fec:	db33      	blt.n	10001056 <alarm_pool_add_alarm_at_force_in_context+0xba>
10000fee:	9906      	ldr	r1, [sp, #24]
10000ff0:	6101      	str	r1, [r0, #16]
10000ff2:	9907      	ldr	r1, [sp, #28]
10000ff4:	6141      	str	r1, [r0, #20]
10000ff6:	6082      	str	r2, [r0, #8]
10000ff8:	f8c0 e00c 	str.w	lr, [r0, #12]
10000ffc:	8841      	ldrh	r1, [r0, #2]
10000ffe:	b289      	uxth	r1, r1
10001000:	3101      	adds	r1, #1
10001002:	f3c1 010e 	ubfx	r1, r1, #0, #15
10001006:	b901      	cbnz	r1, 1000100a <alarm_pool_add_alarm_at_force_in_context+0x6e>
10001008:	2101      	movs	r1, #1
1000100a:	8041      	strh	r1, [r0, #2]
1000100c:	4628      	mov	r0, r5
1000100e:	f7ff fdcc 	bl	10000baa <make_alarm_id>
10001012:	6923      	ldr	r3, [r4, #16]
10001014:	f3ef 8210 	mrs	r2, PRIMASK
10001018:	b672      	cpsid	i
1000101a:	e8d3 cfcf 	ldaexb	ip, [r3]
1000101e:	2101      	movs	r1, #1
10001020:	f1bc 0f00 	cmp.w	ip, #0
10001024:	d1f9      	bne.n	1000101a <alarm_pool_add_alarm_at_force_in_context+0x7e>
10001026:	e8c3 1f4c 	strexb	ip, r1, [r3]
1000102a:	f1bc 0f00 	cmp.w	ip, #0
1000102e:	d1f4      	bne.n	1000101a <alarm_pool_add_alarm_at_force_in_context+0x7e>
10001030:	f3bf 8f5f 	dmb	sy
10001034:	88a3      	ldrh	r3, [r4, #4]
10001036:	53f3      	strh	r3, [r6, r7]
10001038:	80a5      	strh	r5, [r4, #4]
1000103a:	6921      	ldr	r1, [r4, #16]
1000103c:	2300      	movs	r3, #0
1000103e:	e8c1 3f8f 	stlb	r3, [r1]
10001042:	f382 8810 	msr	PRIMASK, r2
10001046:	68e3      	ldr	r3, [r4, #12]
10001048:	7821      	ldrb	r1, [r4, #0]
1000104a:	2201      	movs	r2, #1
1000104c:	408a      	lsls	r2, r1
1000104e:	f503 5301 	add.w	r3, r3, #8256	@ 0x2040
10001052:	605a      	str	r2, [r3, #4]
10001054:	bdf8      	pop	{r3, r4, r5, r6, r7, pc}
10001056:	f04f 30ff 	mov.w	r0, #4294967295	@ 0xffffffff
1000105a:	e7fb      	b.n	10001054 <alarm_pool_add_alarm_at_force_in_context+0xb8>

1000105c <alarm_pool_add_alarm_at>:
1000105c:	b570      	push	{r4, r5, r6, lr}
1000105e:	b082      	sub	sp, #8
10001060:	4606      	mov	r6, r0
10001062:	4615      	mov	r5, r2
10001064:	461c      	mov	r4, r3
10001066:	f89d 3020 	ldrb.w	r3, [sp, #32]
1000106a:	b933      	cbnz	r3, 1000107a <alarm_pool_add_alarm_at+0x1e>
1000106c:	f000 f9bc 	bl	100013e8 <time_us_64>
10001070:	4285      	cmp	r5, r0
10001072:	eb64 0101 	sbc.w	r1, r4, r1
10001076:	2900      	cmp	r1, #0
10001078:	db0a      	blt.n	10001090 <alarm_pool_add_alarm_at+0x34>
1000107a:	9b07      	ldr	r3, [sp, #28]
1000107c:	9301      	str	r3, [sp, #4]
1000107e:	9b06      	ldr	r3, [sp, #24]
10001080:	9300      	str	r3, [sp, #0]
10001082:	462a      	mov	r2, r5
10001084:	4623      	mov	r3, r4
10001086:	4630      	mov	r0, r6
10001088:	f7ff ff88 	bl	10000f9c <alarm_pool_add_alarm_at_force_in_context>
1000108c:	b002      	add	sp, #8
1000108e:	bd70      	pop	{r4, r5, r6, pc}
10001090:	2000      	movs	r0, #0
10001092:	e7fb      	b.n	1000108c <alarm_pool_add_alarm_at+0x30>

10001094 <add_alarm_at>:
10001094:	b5f0      	push	{r4, r5, r6, r7, lr}
10001096:	b085      	sub	sp, #20
10001098:	4605      	mov	r5, r0
1000109a:	460c      	mov	r4, r1
1000109c:	4616      	mov	r6, r2
1000109e:	461f      	mov	r7, r3
100010a0:	f7ff ff68 	bl	10000f74 <alarm_pool_get_default>
100010a4:	f89d 3028 	ldrb.w	r3, [sp, #40]	@ 0x28
100010a8:	9302      	str	r3, [sp, #8]
100010aa:	9701      	str	r7, [sp, #4]
100010ac:	9600      	str	r6, [sp, #0]
100010ae:	462a      	mov	r2, r5
100010b0:	4623      	mov	r3, r4
100010b2:	f7ff ffd3 	bl	1000105c <alarm_pool_add_alarm_at>
100010b6:	b005      	add	sp, #20
100010b8:	bdf0      	pop	{r4, r5, r6, r7, pc}

100010ba <alarm_pool_cancel_alarm>:
100010ba:	4603      	mov	r3, r0
100010bc:	8940      	ldrh	r0, [r0, #10]
100010be:	ebb0 4f21 	cmp.w	r0, r1, asr #16
100010c2:	dd31      	ble.n	10001128 <alarm_pool_cancel_alarm+0x6e>
100010c4:	b510      	push	{r4, lr}
100010c6:	140a      	asrs	r2, r1, #16
100010c8:	6958      	ldr	r0, [r3, #20]
100010ca:	eb02 0242 	add.w	r2, r2, r2, lsl #1
100010ce:	eb00 00c2 	add.w	r0, r0, r2, lsl #3
100010d2:	691a      	ldr	r2, [r3, #16]
100010d4:	f3ef 8c10 	mrs	ip, PRIMASK
100010d8:	b672      	cpsid	i
100010da:	e8d2 4fcf 	ldaexb	r4, [r2]
100010de:	f05f 0e01 	movs.w	lr, #1
100010e2:	2c00      	cmp	r4, #0
100010e4:	d1f9      	bne.n	100010da <alarm_pool_cancel_alarm+0x20>
100010e6:	e8c2 ef44 	strexb	r4, lr, [r2]
100010ea:	2c00      	cmp	r4, #0
100010ec:	d1f5      	bne.n	100010da <alarm_pool_cancel_alarm+0x20>
100010ee:	f3bf 8f5f 	dmb	sy
100010f2:	8842      	ldrh	r2, [r0, #2]
100010f4:	b292      	uxth	r2, r2
100010f6:	b289      	uxth	r1, r1
100010f8:	428a      	cmp	r2, r1
100010fa:	d00f      	beq.n	1000111c <alarm_pool_cancel_alarm+0x62>
100010fc:	2000      	movs	r0, #0
100010fe:	6919      	ldr	r1, [r3, #16]
10001100:	2200      	movs	r2, #0
10001102:	e8c1 2f8f 	stlb	r2, [r1]
10001106:	f38c 8810 	msr	PRIMASK, ip
1000110a:	b130      	cbz	r0, 1000111a <alarm_pool_cancel_alarm+0x60>
1000110c:	68da      	ldr	r2, [r3, #12]
1000110e:	781b      	ldrb	r3, [r3, #0]
10001110:	2101      	movs	r1, #1
10001112:	4099      	lsls	r1, r3
10001114:	f502 5301 	add.w	r3, r2, #8256	@ 0x2040
10001118:	6059      	str	r1, [r3, #4]
1000111a:	bd10      	pop	{r4, pc}
1000111c:	f442 4200 	orr.w	r2, r2, #32768	@ 0x8000
10001120:	8042      	strh	r2, [r0, #2]
10001122:	2001      	movs	r0, #1
10001124:	7198      	strb	r0, [r3, #6]
10001126:	e7ea      	b.n	100010fe <alarm_pool_cancel_alarm+0x44>
10001128:	2000      	movs	r0, #0
1000112a:	4770      	bx	lr

1000112c <cancel_alarm>:
1000112c:	b510      	push	{r4, lr}
1000112e:	4604      	mov	r4, r0
10001130:	f7ff ff20 	bl	10000f74 <alarm_pool_get_default>
10001134:	4621      	mov	r1, r4
10001136:	f7ff ffc0 	bl	100010ba <alarm_pool_cancel_alarm>
1000113a:	bd10      	pop	{r4, pc}

1000113c <alarm_pool_core_num>:
1000113c:	7840      	ldrb	r0, [r0, #1]
1000113e:	4770      	bx	lr

10001140 <sleep_until>:
10001140:	b5f0      	push	{r4, r5, r6, r7, lr}
10001142:	b083      	sub	sp, #12
10001144:	f3ef 8305 	mrs	r3, IPSR
10001148:	b2db      	uxtb	r3, r3
1000114a:	b9cb      	cbnz	r3, 10001180 <sleep_until+0x40>
1000114c:	4605      	mov	r5, r0
1000114e:	460f      	mov	r7, r1
10001150:	1f86      	subs	r6, r0, #6
10001152:	f141 34ff 	adc.w	r4, r1, #4294967295	@ 0xffffffff
10001156:	42b0      	cmp	r0, r6
10001158:	eb71 0304 	sbcs.w	r3, r1, r4
1000115c:	d201      	bcs.n	10001162 <sleep_until+0x22>
1000115e:	2600      	movs	r6, #0
10001160:	4634      	mov	r4, r6
10001162:	f000 f941 	bl	100013e8 <time_us_64>
10001166:	1a30      	subs	r0, r6, r0
10001168:	eb64 0301 	sbc.w	r3, r4, r1
1000116c:	2801      	cmp	r0, #1
1000116e:	f173 0300 	sbcs.w	r3, r3, #0
10001172:	da08      	bge.n	10001186 <sleep_until+0x46>
10001174:	4628      	mov	r0, r5
10001176:	4639      	mov	r1, r7
10001178:	f000 f93e 	bl	100013f8 <busy_wait_until>
1000117c:	b003      	add	sp, #12
1000117e:	bdf0      	pop	{r4, r5, r6, r7, pc}
10001180:	481c      	ldr	r0, [pc, #112]	@ (100011f4 <sleep_until+0xb4>)
10001182:	f7ff f95f 	bl	10000444 <panic>
10001186:	2300      	movs	r3, #0
10001188:	9300      	str	r3, [sp, #0]
1000118a:	4a1b      	ldr	r2, [pc, #108]	@ (100011f8 <sleep_until+0xb8>)
1000118c:	4630      	mov	r0, r6
1000118e:	4621      	mov	r1, r4
10001190:	f7ff ff80 	bl	10001094 <add_alarm_at>
10001194:	2800      	cmp	r0, #0
10001196:	da1e      	bge.n	100011d6 <sleep_until+0x96>
10001198:	e7ec      	b.n	10001174 <sleep_until+0x34>
1000119a:	2300      	movs	r3, #0
1000119c:	e000      	b.n	100011a0 <sleep_until+0x60>
1000119e:	2300      	movs	r3, #0
100011a0:	2b00      	cmp	r3, #0
100011a2:	d1e7      	bne.n	10001174 <sleep_until+0x34>
100011a4:	4b15      	ldr	r3, [pc, #84]	@ (100011fc <sleep_until+0xbc>)
100011a6:	681a      	ldr	r2, [r3, #0]
100011a8:	f3ef 8110 	mrs	r1, PRIMASK
100011ac:	b672      	cpsid	i
100011ae:	e8d2 cfcf 	ldaexb	ip, [r2]
100011b2:	2001      	movs	r0, #1
100011b4:	f1bc 0f00 	cmp.w	ip, #0
100011b8:	d1f9      	bne.n	100011ae <sleep_until+0x6e>
100011ba:	e8c2 0f4c 	strexb	ip, r0, [r2]
100011be:	f1bc 0f00 	cmp.w	ip, #0
100011c2:	d1f4      	bne.n	100011ae <sleep_until+0x6e>
100011c4:	f3bf 8f5f 	dmb	sy
100011c8:	681a      	ldr	r2, [r3, #0]
100011ca:	2300      	movs	r3, #0
100011cc:	e8c2 3f8f 	stlb	r3, [r2]
100011d0:	f381 8810 	msr	PRIMASK, r1
100011d4:	bf20      	wfe
100011d6:	4b0a      	ldr	r3, [pc, #40]	@ (10001200 <sleep_until+0xc0>)
100011d8:	6a5b      	ldr	r3, [r3, #36]	@ 0x24
100011da:	429c      	cmp	r4, r3
100011dc:	d8df      	bhi.n	1000119e <sleep_until+0x5e>
100011de:	4908      	ldr	r1, [pc, #32]	@ (10001200 <sleep_until+0xc0>)
100011e0:	6a89      	ldr	r1, [r1, #40]	@ 0x28
100011e2:	42b1      	cmp	r1, r6
100011e4:	d203      	bcs.n	100011ee <sleep_until+0xae>
100011e6:	429c      	cmp	r4, r3
100011e8:	d0d7      	beq.n	1000119a <sleep_until+0x5a>
100011ea:	2301      	movs	r3, #1
100011ec:	e7d8      	b.n	100011a0 <sleep_until+0x60>
100011ee:	2301      	movs	r3, #1
100011f0:	e7d6      	b.n	100011a0 <sleep_until+0x60>
100011f2:	bf00      	nop
100011f4:	10006694 	.word	0x10006694
100011f8:	10000bb1 	.word	0x10000bb1
100011fc:	20001a64 	.word	0x20001a64
10001200:	400b0000 	.word	0x400b0000

10001204 <sleep_us>:
10001204:	b538      	push	{r3, r4, r5, lr}
10001206:	4604      	mov	r4, r0
10001208:	460d      	mov	r5, r1
1000120a:	f000 f8ed 	bl	100013e8 <time_us_64>
1000120e:	1820      	adds	r0, r4, r0
10001210:	eb45 0101 	adc.w	r1, r5, r1
10001214:	2900      	cmp	r1, #0
10001216:	db02      	blt.n	1000121e <sleep_us+0x1a>
10001218:	f7ff ff92 	bl	10001140 <sleep_until>
1000121c:	bd38      	pop	{r3, r4, r5, pc}
1000121e:	f04f 30ff 	mov.w	r0, #4294967295	@ 0xffffffff
10001222:	f06f 4100 	mvn.w	r1, #2147483648	@ 0x80000000
10001226:	e7f7      	b.n	10001218 <sleep_us+0x14>

10001228 <sleep_ms>:
10001228:	b508      	push	{r3, lr}
1000122a:	0ec3      	lsrs	r3, r0, #27
1000122c:	0141      	lsls	r1, r0, #5
1000122e:	1a09      	subs	r1, r1, r0
10001230:	f163 0300 	sbc.w	r3, r3, #0
10001234:	009b      	lsls	r3, r3, #2
10001236:	ea43 7391 	orr.w	r3, r3, r1, lsr #30
1000123a:	0089      	lsls	r1, r1, #2
1000123c:	1809      	adds	r1, r1, r0
1000123e:	f143 0300 	adc.w	r3, r3, #0
10001242:	00db      	lsls	r3, r3, #3
10001244:	00c8      	lsls	r0, r1, #3
10001246:	ea43 7151 	orr.w	r1, r3, r1, lsr #29
1000124a:	f7ff ffdb 	bl	10001204 <sleep_us>
1000124e:	bd08      	pop	{r3, pc}

10001250 <best_effort_wfe_or_timeout>:
10001250:	b5f0      	push	{r4, r5, r6, r7, lr}
10001252:	b083      	sub	sp, #12
10001254:	4605      	mov	r5, r0
10001256:	460c      	mov	r4, r1
10001258:	f3ef 8305 	mrs	r3, IPSR
1000125c:	b2db      	uxtb	r3, r3
1000125e:	b193      	cbz	r3, 10001286 <best_effort_wfe_or_timeout+0x36>
10001260:	4b3c      	ldr	r3, [pc, #240]	@ (10001354 <best_effort_wfe_or_timeout+0x104>)
10001262:	6a5b      	ldr	r3, [r3, #36]	@ 0x24
10001264:	428b      	cmp	r3, r1
10001266:	d309      	bcc.n	1000127c <best_effort_wfe_or_timeout+0x2c>
10001268:	4a3a      	ldr	r2, [pc, #232]	@ (10001354 <best_effort_wfe_or_timeout+0x104>)
1000126a:	6a92      	ldr	r2, [r2, #40]	@ 0x28
1000126c:	4282      	cmp	r2, r0
1000126e:	d208      	bcs.n	10001282 <best_effort_wfe_or_timeout+0x32>
10001270:	428b      	cmp	r3, r1
10001272:	d001      	beq.n	10001278 <best_effort_wfe_or_timeout+0x28>
10001274:	2001      	movs	r0, #1
10001276:	e002      	b.n	1000127e <best_effort_wfe_or_timeout+0x2e>
10001278:	2000      	movs	r0, #0
1000127a:	e000      	b.n	1000127e <best_effort_wfe_or_timeout+0x2e>
1000127c:	2000      	movs	r0, #0
1000127e:	b003      	add	sp, #12
10001280:	bdf0      	pop	{r4, r5, r6, r7, pc}
10001282:	2001      	movs	r0, #1
10001284:	e7fb      	b.n	1000127e <best_effort_wfe_or_timeout+0x2e>
10001286:	f7ff fe75 	bl	10000f74 <alarm_pool_get_default>
1000128a:	68c7      	ldr	r7, [r0, #12]
1000128c:	7806      	ldrb	r6, [r0, #0]
1000128e:	4638      	mov	r0, r7
10001290:	f000 f894 	bl	100013bc <timer_time_us_64>
10001294:	1a2a      	subs	r2, r5, r0
10001296:	eb64 0101 	sbc.w	r1, r4, r1
1000129a:	3604      	adds	r6, #4
1000129c:	f857 3026 	ldr.w	r3, [r7, r6, lsl #2]
100012a0:	1a1b      	subs	r3, r3, r0
100012a2:	429a      	cmp	r2, r3
100012a4:	f171 0100 	sbcs.w	r1, r1, #0
100012a8:	db12      	blt.n	100012d0 <best_effort_wfe_or_timeout+0x80>
100012aa:	bf20      	wfe
100012ac:	4b29      	ldr	r3, [pc, #164]	@ (10001354 <best_effort_wfe_or_timeout+0x104>)
100012ae:	6a5b      	ldr	r3, [r3, #36]	@ 0x24
100012b0:	429c      	cmp	r4, r3
100012b2:	d809      	bhi.n	100012c8 <best_effort_wfe_or_timeout+0x78>
100012b4:	4a27      	ldr	r2, [pc, #156]	@ (10001354 <best_effort_wfe_or_timeout+0x104>)
100012b6:	6a92      	ldr	r2, [r2, #40]	@ 0x28
100012b8:	42aa      	cmp	r2, r5
100012ba:	d207      	bcs.n	100012cc <best_effort_wfe_or_timeout+0x7c>
100012bc:	429c      	cmp	r4, r3
100012be:	d001      	beq.n	100012c4 <best_effort_wfe_or_timeout+0x74>
100012c0:	2001      	movs	r0, #1
100012c2:	e7dc      	b.n	1000127e <best_effort_wfe_or_timeout+0x2e>
100012c4:	2000      	movs	r0, #0
100012c6:	e7da      	b.n	1000127e <best_effort_wfe_or_timeout+0x2e>
100012c8:	2000      	movs	r0, #0
100012ca:	e7d8      	b.n	1000127e <best_effort_wfe_or_timeout+0x2e>
100012cc:	2001      	movs	r0, #1
100012ce:	e7d6      	b.n	1000127e <best_effort_wfe_or_timeout+0x2e>
100012d0:	2300      	movs	r3, #0
100012d2:	9300      	str	r3, [sp, #0]
100012d4:	4a20      	ldr	r2, [pc, #128]	@ (10001358 <best_effort_wfe_or_timeout+0x108>)
100012d6:	4628      	mov	r0, r5
100012d8:	4621      	mov	r1, r4
100012da:	f7ff fedb 	bl	10001094 <add_alarm_at>
100012de:	2800      	cmp	r0, #0
100012e0:	dd0b      	ble.n	100012fa <best_effort_wfe_or_timeout+0xaa>
100012e2:	4b1c      	ldr	r3, [pc, #112]	@ (10001354 <best_effort_wfe_or_timeout+0x104>)
100012e4:	6a5b      	ldr	r3, [r3, #36]	@ 0x24
100012e6:	429c      	cmp	r4, r3
100012e8:	d81b      	bhi.n	10001322 <best_effort_wfe_or_timeout+0xd2>
100012ea:	4a1a      	ldr	r2, [pc, #104]	@ (10001354 <best_effort_wfe_or_timeout+0x104>)
100012ec:	6a92      	ldr	r2, [r2, #40]	@ 0x28
100012ee:	42aa      	cmp	r2, r5
100012f0:	d228      	bcs.n	10001344 <best_effort_wfe_or_timeout+0xf4>
100012f2:	429c      	cmp	r4, r3
100012f4:	d013      	beq.n	1000131e <best_effort_wfe_or_timeout+0xce>
100012f6:	2301      	movs	r3, #1
100012f8:	e014      	b.n	10001324 <best_effort_wfe_or_timeout+0xd4>
100012fa:	4b16      	ldr	r3, [pc, #88]	@ (10001354 <best_effort_wfe_or_timeout+0x104>)
100012fc:	6a5b      	ldr	r3, [r3, #36]	@ 0x24
100012fe:	429c      	cmp	r4, r3
10001300:	d809      	bhi.n	10001316 <best_effort_wfe_or_timeout+0xc6>
10001302:	4a14      	ldr	r2, [pc, #80]	@ (10001354 <best_effort_wfe_or_timeout+0x104>)
10001304:	6a92      	ldr	r2, [r2, #40]	@ 0x28
10001306:	42aa      	cmp	r2, r5
10001308:	d207      	bcs.n	1000131a <best_effort_wfe_or_timeout+0xca>
1000130a:	429c      	cmp	r4, r3
1000130c:	d001      	beq.n	10001312 <best_effort_wfe_or_timeout+0xc2>
1000130e:	2001      	movs	r0, #1
10001310:	e7b5      	b.n	1000127e <best_effort_wfe_or_timeout+0x2e>
10001312:	2000      	movs	r0, #0
10001314:	e7b3      	b.n	1000127e <best_effort_wfe_or_timeout+0x2e>
10001316:	2000      	movs	r0, #0
10001318:	e7b1      	b.n	1000127e <best_effort_wfe_or_timeout+0x2e>
1000131a:	2001      	movs	r0, #1
1000131c:	e7af      	b.n	1000127e <best_effort_wfe_or_timeout+0x2e>
1000131e:	2300      	movs	r3, #0
10001320:	e000      	b.n	10001324 <best_effort_wfe_or_timeout+0xd4>
10001322:	2300      	movs	r3, #0
10001324:	b903      	cbnz	r3, 10001328 <best_effort_wfe_or_timeout+0xd8>
10001326:	bf20      	wfe
10001328:	f7ff ff00 	bl	1000112c <cancel_alarm>
1000132c:	4b09      	ldr	r3, [pc, #36]	@ (10001354 <best_effort_wfe_or_timeout+0x104>)
1000132e:	6a5b      	ldr	r3, [r3, #36]	@ 0x24
10001330:	429c      	cmp	r4, r3
10001332:	d80b      	bhi.n	1000134c <best_effort_wfe_or_timeout+0xfc>
10001334:	4a07      	ldr	r2, [pc, #28]	@ (10001354 <best_effort_wfe_or_timeout+0x104>)
10001336:	6a92      	ldr	r2, [r2, #40]	@ 0x28
10001338:	42aa      	cmp	r2, r5
1000133a:	d209      	bcs.n	10001350 <best_effort_wfe_or_timeout+0x100>
1000133c:	429c      	cmp	r4, r3
1000133e:	d003      	beq.n	10001348 <best_effort_wfe_or_timeout+0xf8>
10001340:	2001      	movs	r0, #1
10001342:	e79c      	b.n	1000127e <best_effort_wfe_or_timeout+0x2e>
10001344:	2301      	movs	r3, #1
10001346:	e7ed      	b.n	10001324 <best_effort_wfe_or_timeout+0xd4>
10001348:	2000      	movs	r0, #0
1000134a:	e798      	b.n	1000127e <best_effort_wfe_or_timeout+0x2e>
1000134c:	2000      	movs	r0, #0
1000134e:	e796      	b.n	1000127e <best_effort_wfe_or_timeout+0x2e>
10001350:	2001      	movs	r0, #1
10001352:	e794      	b.n	1000127e <best_effort_wfe_or_timeout+0x2e>
10001354:	400b0000 	.word	0x400b0000
10001358:	10000bb1 	.word	0x10000bb1

1000135c <alarm_pool_get_default_timer>:
1000135c:	4800      	ldr	r0, [pc, #0]	@ (10001360 <alarm_pool_get_default_timer+0x4>)
1000135e:	4770      	bx	lr
10001360:	400b0000 	.word	0x400b0000

10001364 <runtime_init_default_alarm_pool>:
10001364:	b510      	push	{r4, lr}
10001366:	4b0a      	ldr	r3, [pc, #40]	@ (10001390 <runtime_init_default_alarm_pool+0x2c>)
10001368:	691b      	ldr	r3, [r3, #16]
1000136a:	b123      	cbz	r3, 10001376 <runtime_init_default_alarm_pool+0x12>
1000136c:	210a      	movs	r1, #10
1000136e:	4809      	ldr	r0, [pc, #36]	@ (10001394 <runtime_init_default_alarm_pool+0x30>)
10001370:	f7ff fb9a 	bl	10000aa8 <lock_init>
10001374:	bd10      	pop	{r4, pc}
10001376:	f7ff fff1 	bl	1000135c <alarm_pool_get_default_timer>
1000137a:	4604      	mov	r4, r0
1000137c:	2103      	movs	r1, #3
1000137e:	f000 f80b 	bl	10001398 <timer_hardware_alarm_claim>
10001382:	2310      	movs	r3, #16
10001384:	2203      	movs	r2, #3
10001386:	4621      	mov	r1, r4
10001388:	4801      	ldr	r0, [pc, #4]	@ (10001390 <runtime_init_default_alarm_pool+0x2c>)
1000138a:	f7ff fdb5 	bl	10000ef8 <alarm_pool_post_alloc_init>
1000138e:	e7ed      	b.n	1000136c <runtime_init_default_alarm_pool+0x8>
10001390:	20000e0c 	.word	0x20000e0c
10001394:	20001a64 	.word	0x20001a64

10001398 <timer_hardware_alarm_claim>:
10001398:	b510      	push	{r4, lr}
1000139a:	4a05      	ldr	r2, [pc, #20]	@ (100013b0 <timer_hardware_alarm_claim+0x18>)
1000139c:	4c05      	ldr	r4, [pc, #20]	@ (100013b4 <timer_hardware_alarm_claim+0x1c>)
1000139e:	4b06      	ldr	r3, [pc, #24]	@ (100013b8 <timer_hardware_alarm_claim+0x20>)
100013a0:	42a0      	cmp	r0, r4
100013a2:	bf14      	ite	ne
100013a4:	4618      	movne	r0, r3
100013a6:	1c58      	addeq	r0, r3, #1
100013a8:	f7ff f880 	bl	100004ac <hw_claim_or_assert>
100013ac:	bd10      	pop	{r4, pc}
100013ae:	bf00      	nop
100013b0:	100066e4 	.word	0x100066e4
100013b4:	400b8000 	.word	0x400b8000
100013b8:	200015b4 	.word	0x200015b4

100013bc <timer_time_us_64>:
100013bc:	4602      	mov	r2, r0
100013be:	6a43      	ldr	r3, [r0, #36]	@ 0x24
100013c0:	6a90      	ldr	r0, [r2, #40]	@ 0x28
100013c2:	4619      	mov	r1, r3
100013c4:	6a53      	ldr	r3, [r2, #36]	@ 0x24
100013c6:	4299      	cmp	r1, r3
100013c8:	d1fa      	bne.n	100013c0 <timer_time_us_64+0x4>
100013ca:	4770      	bx	lr

100013cc <timer_busy_wait_until>:
100013cc:	6a41      	ldr	r1, [r0, #36]	@ 0x24
100013ce:	e000      	b.n	100013d2 <timer_busy_wait_until+0x6>
100013d0:	6a41      	ldr	r1, [r0, #36]	@ 0x24
100013d2:	4299      	cmp	r1, r3
100013d4:	d3fc      	bcc.n	100013d0 <timer_busy_wait_until+0x4>
100013d6:	e000      	b.n	100013da <timer_busy_wait_until+0xe>
100013d8:	6a41      	ldr	r1, [r0, #36]	@ 0x24
100013da:	4299      	cmp	r1, r3
100013dc:	d102      	bne.n	100013e4 <timer_busy_wait_until+0x18>
100013de:	6a81      	ldr	r1, [r0, #40]	@ 0x28
100013e0:	4291      	cmp	r1, r2
100013e2:	d3f9      	bcc.n	100013d8 <timer_busy_wait_until+0xc>
100013e4:	4770      	bx	lr
	...

100013e8 <time_us_64>:
100013e8:	b508      	push	{r3, lr}
100013ea:	4802      	ldr	r0, [pc, #8]	@ (100013f4 <time_us_64+0xc>)
100013ec:	f7ff ffe6 	bl	100013bc <timer_time_us_64>
100013f0:	bd08      	pop	{r3, pc}
100013f2:	bf00      	nop
100013f4:	400b0000 	.word	0x400b0000

100013f8 <busy_wait_until>:
100013f8:	b508      	push	{r3, lr}
100013fa:	4602      	mov	r2, r0
100013fc:	460b      	mov	r3, r1
100013fe:	4802      	ldr	r0, [pc, #8]	@ (10001408 <busy_wait_until+0x10>)
10001400:	f7ff ffe4 	bl	100013cc <timer_busy_wait_until>
10001404:	bd08      	pop	{r3, pc}
10001406:	bf00      	nop
10001408:	400b0000 	.word	0x400b0000

1000140c <clock_configure_internal>:
1000140c:	b570      	push	{r4, r5, r6, lr}
1000140e:	4616      	mov	r6, r2
10001410:	9d04      	ldr	r5, [sp, #16]
10001412:	eb00 0c40 	add.w	ip, r0, r0, lsl #1
10001416:	ea4f 0c8c 	mov.w	ip, ip, lsl #2
1000141a:	f10c 4c80 	add.w	ip, ip, #1073741824	@ 0x40000000
1000141e:	f50c 3c80 	add.w	ip, ip, #65536	@ 0x10000
10001422:	f8dc 2004 	ldr.w	r2, [ip, #4]
10001426:	42aa      	cmp	r2, r5
10001428:	d201      	bcs.n	1000142e <clock_configure_internal+0x22>
1000142a:	f8cc 5004 	str.w	r5, [ip, #4]
1000142e:	f1a0 0e04 	sub.w	lr, r0, #4
10001432:	fa5f fe8e 	uxtb.w	lr, lr
10001436:	f1be 0f01 	cmp.w	lr, #1
1000143a:	d928      	bls.n	1000148e <clock_configure_internal+0x82>
1000143c:	f50c 5240 	add.w	r2, ip, #12288	@ 0x3000
10001440:	f44f 6400 	mov.w	r4, #2048	@ 0x800
10001444:	6014      	str	r4, [r2, #0]
10001446:	4a1e      	ldr	r2, [pc, #120]	@ (100014c0 <clock_configure_internal+0xb4>)
10001448:	f852 2020 	ldr.w	r2, [r2, r0, lsl #2]
1000144c:	b142      	cbz	r2, 10001460 <clock_configure_internal+0x54>
1000144e:	4c1c      	ldr	r4, [pc, #112]	@ (100014c0 <clock_configure_internal+0xb4>)
10001450:	6964      	ldr	r4, [r4, #20]
10001452:	fbb4 f4f2 	udiv	r4, r4, r2
10001456:	3401      	adds	r4, #1
10001458:	eb04 0444 	add.w	r4, r4, r4, lsl #1
1000145c:	3c03      	subs	r4, #3
1000145e:	d2fd      	bcs.n	1000145c <clock_configure_internal+0x50>
10001460:	f8dc 2000 	ldr.w	r2, [ip]
10001464:	ea82 1246 	eor.w	r2, r2, r6, lsl #5
10001468:	f002 02e0 	and.w	r2, r2, #224	@ 0xe0
1000146c:	f50c 5480 	add.w	r4, ip, #4096	@ 0x1000
10001470:	6022      	str	r2, [r4, #0]
10001472:	f1be 0f01 	cmp.w	lr, #1
10001476:	d916      	bls.n	100014a6 <clock_configure_internal+0x9a>
10001478:	f50c 5200 	add.w	r2, ip, #8192	@ 0x2000
1000147c:	f44f 6100 	mov.w	r1, #2048	@ 0x800
10001480:	6011      	str	r1, [r2, #0]
10001482:	f8cc 5004 	str.w	r5, [ip, #4]
10001486:	4a0e      	ldr	r2, [pc, #56]	@ (100014c0 <clock_configure_internal+0xb4>)
10001488:	f842 3020 	str.w	r3, [r2, r0, lsl #2]
1000148c:	bd70      	pop	{r4, r5, r6, pc}
1000148e:	2901      	cmp	r1, #1
10001490:	d1d4      	bne.n	1000143c <clock_configure_internal+0x30>
10001492:	f50c 5240 	add.w	r2, ip, #12288	@ 0x3000
10001496:	2403      	movs	r4, #3
10001498:	6014      	str	r4, [r2, #0]
1000149a:	f8dc 2008 	ldr.w	r2, [ip, #8]
1000149e:	f012 0f01 	tst.w	r2, #1
100014a2:	d0fa      	beq.n	1000149a <clock_configure_internal+0x8e>
100014a4:	e7dc      	b.n	10001460 <clock_configure_internal+0x54>
100014a6:	f8dc 2000 	ldr.w	r2, [ip]
100014aa:	404a      	eors	r2, r1
100014ac:	f002 0203 	and.w	r2, r2, #3
100014b0:	6022      	str	r2, [r4, #0]
100014b2:	f8dc 4008 	ldr.w	r4, [ip, #8]
100014b6:	2201      	movs	r2, #1
100014b8:	408a      	lsls	r2, r1
100014ba:	4214      	tst	r4, r2
100014bc:	d0f9      	beq.n	100014b2 <clock_configure_internal+0xa6>
100014be:	e7db      	b.n	10001478 <clock_configure_internal+0x6c>
100014c0:	200015b8 	.word	0x200015b8

100014c4 <clock_configure_undivided>:
100014c4:	b510      	push	{r4, lr}
100014c6:	b082      	sub	sp, #8
100014c8:	f44f 3480 	mov.w	r4, #65536	@ 0x10000
100014cc:	9400      	str	r4, [sp, #0]
100014ce:	f7ff ff9d 	bl	1000140c <clock_configure_internal>
100014d2:	b002      	add	sp, #8
100014d4:	bd10      	pop	{r4, pc}
	...

100014d8 <clock_get_hz>:
100014d8:	4b01      	ldr	r3, [pc, #4]	@ (100014e0 <clock_get_hz+0x8>)
100014da:	f853 0020 	ldr.w	r0, [r3, r0, lsl #2]
100014de:	4770      	bx	lr
100014e0:	200015b8 	.word	0x200015b8

100014e4 <pll_init>:
100014e4:	b570      	push	{r4, r5, r6, lr}
100014e6:	9c04      	ldr	r4, [sp, #16]
100014e8:	4d34      	ldr	r5, [pc, #208]	@ (100015bc <pll_init+0xd8>)
100014ea:	fbb5 fcf1 	udiv	ip, r5, r1
100014ee:	4d34      	ldr	r5, [pc, #208]	@ (100015c0 <pll_init+0xdc>)
100014f0:	4415      	add	r5, r2
100014f2:	4e34      	ldr	r6, [pc, #208]	@ (100015c4 <pll_init+0xe0>)
100014f4:	42b5      	cmp	r5, r6
100014f6:	d837      	bhi.n	10001568 <pll_init+0x84>
100014f8:	fbb2 f5fc 	udiv	r5, r2, ip
100014fc:	f1a5 0e10 	sub.w	lr, r5, #16
10001500:	f5be 7f98 	cmp.w	lr, #304	@ 0x130
10001504:	d836      	bhi.n	10001574 <pll_init+0x90>
10001506:	f103 3eff 	add.w	lr, r3, #4294967295	@ 0xffffffff
1000150a:	f1be 0f06 	cmp.w	lr, #6
1000150e:	d837      	bhi.n	10001580 <pll_init+0x9c>
10001510:	f104 3eff 	add.w	lr, r4, #4294967295	@ 0xffffffff
10001514:	f1be 0f06 	cmp.w	lr, #6
10001518:	d832      	bhi.n	10001580 <pll_init+0x9c>
1000151a:	ebbc 1f12 	cmp.w	ip, r2, lsr #4
1000151e:	d835      	bhi.n	1000158c <pll_init+0xa8>
10001520:	0324      	lsls	r4, r4, #12
10001522:	ea44 4403 	orr.w	r4, r4, r3, lsl #16
10001526:	6803      	ldr	r3, [r0, #0]
10001528:	2b00      	cmp	r3, #0
1000152a:	db35      	blt.n	10001598 <pll_init+0xb4>
1000152c:	4b26      	ldr	r3, [pc, #152]	@ (100015c8 <pll_init+0xe4>)
1000152e:	4298      	cmp	r0, r3
10001530:	d042      	beq.n	100015b8 <pll_init+0xd4>
10001532:	230e      	movs	r3, #14
10001534:	2201      	movs	r2, #1
10001536:	409a      	lsls	r2, r3
10001538:	4b24      	ldr	r3, [pc, #144]	@ (100015cc <pll_init+0xe8>)
1000153a:	601a      	str	r2, [r3, #0]
1000153c:	f503 5380 	add.w	r3, r3, #4096	@ 0x1000
10001540:	601a      	str	r2, [r3, #0]
10001542:	4b23      	ldr	r3, [pc, #140]	@ (100015d0 <pll_init+0xec>)
10001544:	689b      	ldr	r3, [r3, #8]
10001546:	ea32 0303 	bics.w	r3, r2, r3
1000154a:	d1fa      	bne.n	10001542 <pll_init+0x5e>
1000154c:	6001      	str	r1, [r0, #0]
1000154e:	6085      	str	r5, [r0, #8]
10001550:	f500 5240 	add.w	r2, r0, #12288	@ 0x3000
10001554:	3204      	adds	r2, #4
10001556:	2321      	movs	r3, #33	@ 0x21
10001558:	6013      	str	r3, [r2, #0]
1000155a:	6803      	ldr	r3, [r0, #0]
1000155c:	2b00      	cmp	r3, #0
1000155e:	dafc      	bge.n	1000155a <pll_init+0x76>
10001560:	60c4      	str	r4, [r0, #12]
10001562:	2308      	movs	r3, #8
10001564:	6013      	str	r3, [r2, #0]
10001566:	bd70      	pop	{r4, r5, r6, pc}
10001568:	4b1a      	ldr	r3, [pc, #104]	@ (100015d4 <pll_init+0xf0>)
1000156a:	4a1b      	ldr	r2, [pc, #108]	@ (100015d8 <pll_init+0xf4>)
1000156c:	2111      	movs	r1, #17
1000156e:	481b      	ldr	r0, [pc, #108]	@ (100015dc <pll_init+0xf8>)
10001570:	f001 fc8a 	bl	10002e88 <__assert_func>
10001574:	4b1a      	ldr	r3, [pc, #104]	@ (100015e0 <pll_init+0xfc>)
10001576:	4a18      	ldr	r2, [pc, #96]	@ (100015d8 <pll_init+0xf4>)
10001578:	2119      	movs	r1, #25
1000157a:	4818      	ldr	r0, [pc, #96]	@ (100015dc <pll_init+0xf8>)
1000157c:	f001 fc84 	bl	10002e88 <__assert_func>
10001580:	4b18      	ldr	r3, [pc, #96]	@ (100015e4 <pll_init+0x100>)
10001582:	4a15      	ldr	r2, [pc, #84]	@ (100015d8 <pll_init+0xf4>)
10001584:	211c      	movs	r1, #28
10001586:	4815      	ldr	r0, [pc, #84]	@ (100015dc <pll_init+0xf8>)
10001588:	f001 fc7e 	bl	10002e88 <__assert_func>
1000158c:	4b16      	ldr	r3, [pc, #88]	@ (100015e8 <pll_init+0x104>)
1000158e:	4a12      	ldr	r2, [pc, #72]	@ (100015d8 <pll_init+0xf4>)
10001590:	2123      	movs	r1, #35	@ 0x23
10001592:	4812      	ldr	r0, [pc, #72]	@ (100015dc <pll_init+0xf8>)
10001594:	f001 fc78 	bl	10002e88 <__assert_func>
10001598:	6803      	ldr	r3, [r0, #0]
1000159a:	f003 033f 	and.w	r3, r3, #63	@ 0x3f
1000159e:	428b      	cmp	r3, r1
100015a0:	d1c4      	bne.n	1000152c <pll_init+0x48>
100015a2:	6883      	ldr	r3, [r0, #8]
100015a4:	f3c3 030b 	ubfx	r3, r3, #0, #12
100015a8:	42ab      	cmp	r3, r5
100015aa:	d1bf      	bne.n	1000152c <pll_init+0x48>
100015ac:	68c3      	ldr	r3, [r0, #12]
100015ae:	f403 23ee 	and.w	r3, r3, #487424	@ 0x77000
100015b2:	42a3      	cmp	r3, r4
100015b4:	d1ba      	bne.n	1000152c <pll_init+0x48>
100015b6:	e7d6      	b.n	10001566 <pll_init+0x82>
100015b8:	230f      	movs	r3, #15
100015ba:	e7bb      	b.n	10001534 <pll_init+0x50>
100015bc:	00b71b00 	.word	0x00b71b00
100015c0:	d34be880 	.word	0xd34be880
100015c4:	32a9f880 	.word	0x32a9f880
100015c8:	40058000 	.word	0x40058000
100015cc:	40022000 	.word	0x40022000
100015d0:	40020000 	.word	0x40020000
100015d4:	10006708 	.word	0x10006708
100015d8:	10006c8c 	.word	0x10006c8c
100015dc:	10006758 	.word	0x10006758
100015e0:	100067a0 	.word	0x100067a0
100015e4:	100067bc 	.word	0x100067bc
100015e8:	10006808 	.word	0x10006808

100015ec <watchdog_update>:
100015ec:	4b02      	ldr	r3, [pc, #8]	@ (100015f8 <watchdog_update+0xc>)
100015ee:	681a      	ldr	r2, [r3, #0]
100015f0:	4b02      	ldr	r3, [pc, #8]	@ (100015fc <watchdog_update+0x10>)
100015f2:	605a      	str	r2, [r3, #4]
100015f4:	4770      	bx	lr
100015f6:	bf00      	nop
100015f8:	20001a14 	.word	0x20001a14
100015fc:	400d8000 	.word	0x400d8000

10001600 <_watchdog_enable>:
10001600:	b508      	push	{r3, lr}
10001602:	4b16      	ldr	r3, [pc, #88]	@ (1000165c <_watchdog_enable+0x5c>)
10001604:	f04f 4280 	mov.w	r2, #1073741824	@ 0x40000000
10001608:	601a      	str	r2, [r3, #0]
1000160a:	f5a3 2341 	sub.w	r3, r3, #790528	@ 0xc1000
1000160e:	4a14      	ldr	r2, [pc, #80]	@ (10001660 <_watchdog_enable+0x60>)
10001610:	609a      	str	r2, [r3, #8]
10001612:	b151      	cbz	r1, 1000162a <_watchdog_enable+0x2a>
10001614:	f503 2340 	add.w	r3, r3, #786432	@ 0xc0000
10001618:	f04f 62e0 	mov.w	r2, #117440512	@ 0x7000000
1000161c:	601a      	str	r2, [r3, #0]
1000161e:	b948      	cbnz	r0, 10001634 <_watchdog_enable+0x34>
10001620:	4b10      	ldr	r3, [pc, #64]	@ (10001664 <_watchdog_enable+0x64>)
10001622:	f04f 4200 	mov.w	r2, #2147483648	@ 0x80000000
10001626:	601a      	str	r2, [r3, #0]
10001628:	bd08      	pop	{r3, pc}
1000162a:	4b0c      	ldr	r3, [pc, #48]	@ (1000165c <_watchdog_enable+0x5c>)
1000162c:	f04f 62e0 	mov.w	r2, #117440512	@ 0x7000000
10001630:	601a      	str	r2, [r3, #0]
10001632:	e7f4      	b.n	1000161e <_watchdog_enable+0x1e>
10001634:	f44f 737a 	mov.w	r3, #1000	@ 0x3e8
10001638:	fb03 f000 	mul.w	r0, r3, r0
1000163c:	4b0a      	ldr	r3, [pc, #40]	@ (10001668 <_watchdog_enable+0x68>)
1000163e:	6018      	str	r0, [r3, #0]
10001640:	f1b0 7f80 	cmp.w	r0, #16777216	@ 0x1000000
10001644:	d302      	bcc.n	1000164c <_watchdog_enable+0x4c>
10001646:	f06f 427f 	mvn.w	r2, #4278190080	@ 0xff000000
1000164a:	601a      	str	r2, [r3, #0]
1000164c:	f7ff ffce 	bl	100015ec <watchdog_update>
10001650:	4b04      	ldr	r3, [pc, #16]	@ (10001664 <_watchdog_enable+0x64>)
10001652:	f04f 4280 	mov.w	r2, #1073741824	@ 0x40000000
10001656:	601a      	str	r2, [r3, #0]
10001658:	e7e6      	b.n	10001628 <_watchdog_enable+0x28>
1000165a:	bf00      	nop
1000165c:	400db000 	.word	0x400db000
10001660:	01fffff3 	.word	0x01fffff3
10001664:	400da000 	.word	0x400da000
10001668:	20001a14 	.word	0x20001a14

1000166c <watchdog_reboot>:
1000166c:	b510      	push	{r4, lr}
1000166e:	4b0c      	ldr	r3, [pc, #48]	@ (100016a0 <watchdog_reboot+0x34>)
10001670:	f04f 4480 	mov.w	r4, #1073741824	@ 0x40000000
10001674:	601c      	str	r4, [r3, #0]
10001676:	b170      	cbz	r0, 10001696 <watchdog_reboot+0x2a>
10001678:	f040 0301 	orr.w	r3, r0, #1
1000167c:	4809      	ldr	r0, [pc, #36]	@ (100016a4 <watchdog_reboot+0x38>)
1000167e:	4c0a      	ldr	r4, [pc, #40]	@ (100016a8 <watchdog_reboot+0x3c>)
10001680:	61c4      	str	r4, [r0, #28]
10001682:	4c0a      	ldr	r4, [pc, #40]	@ (100016ac <watchdog_reboot+0x40>)
10001684:	405c      	eors	r4, r3
10001686:	6204      	str	r4, [r0, #32]
10001688:	6241      	str	r1, [r0, #36]	@ 0x24
1000168a:	6283      	str	r3, [r0, #40]	@ 0x28
1000168c:	2100      	movs	r1, #0
1000168e:	4610      	mov	r0, r2
10001690:	f7ff ffb6 	bl	10001600 <_watchdog_enable>
10001694:	bd10      	pop	{r4, pc}
10001696:	4b03      	ldr	r3, [pc, #12]	@ (100016a4 <watchdog_reboot+0x38>)
10001698:	2100      	movs	r1, #0
1000169a:	61d9      	str	r1, [r3, #28]
1000169c:	e7f6      	b.n	1000168c <watchdog_reboot+0x20>
1000169e:	bf00      	nop
100016a0:	400db000 	.word	0x400db000
100016a4:	400d8000 	.word	0x400d8000
100016a8:	b007c0d3 	.word	0xb007c0d3
100016ac:	4ff83f2d 	.word	0x4ff83f2d

100016b0 <tick_start>:
100016b0:	4a05      	ldr	r2, [pc, #20]	@ (100016c8 <tick_start+0x18>)
100016b2:	eb00 0340 	add.w	r3, r0, r0, lsl #1
100016b6:	eb02 0383 	add.w	r3, r2, r3, lsl #2
100016ba:	6059      	str	r1, [r3, #4]
100016bc:	eb00 0040 	add.w	r0, r0, r0, lsl #1
100016c0:	0080      	lsls	r0, r0, #2
100016c2:	2301      	movs	r3, #1
100016c4:	5013      	str	r3, [r2, r0]
100016c6:	4770      	bx	lr
100016c8:	40108000 	.word	0x40108000

100016cc <rom_reboot>:
100016cc:	e92d 41f0 	stmdb	sp!, {r4, r5, r6, r7, r8, lr}
100016d0:	4605      	mov	r5, r0
100016d2:	460e      	mov	r6, r1
100016d4:	4617      	mov	r7, r2
100016d6:	4698      	mov	r8, r3
100016d8:	2300      	movs	r3, #0
100016da:	8adb      	ldrh	r3, [r3, #22]
100016dc:	2200      	movs	r2, #0
100016de:	e842 f200 	tt	r2, r2
100016e2:	f412 0f80 	tst.w	r2, #4194304	@ 0x400000
100016e6:	d10b      	bne.n	10001700 <rom_reboot+0x34>
100016e8:	2110      	movs	r1, #16
100016ea:	f244 2052 	movw	r0, #16978	@ 0x4252
100016ee:	4798      	blx	r3
100016f0:	4604      	mov	r4, r0
100016f2:	4643      	mov	r3, r8
100016f4:	463a      	mov	r2, r7
100016f6:	4631      	mov	r1, r6
100016f8:	4628      	mov	r0, r5
100016fa:	47a0      	blx	r4
100016fc:	e8bd 81f0 	ldmia.w	sp!, {r4, r5, r6, r7, r8, pc}
10001700:	2104      	movs	r1, #4
10001702:	f244 2052 	movw	r0, #16978	@ 0x4252
10001706:	4798      	blx	r3
10001708:	4604      	mov	r4, r0
1000170a:	e7f2      	b.n	100016f2 <rom_reboot+0x26>

1000170c <rom_func_lookup>:
1000170c:	b508      	push	{r3, lr}
1000170e:	2300      	movs	r3, #0
10001710:	8adb      	ldrh	r3, [r3, #22]
10001712:	2200      	movs	r2, #0
10001714:	e842 f200 	tt	r2, r2
10001718:	f412 0f80 	tst.w	r2, #4194304	@ 0x400000
1000171c:	d102      	bne.n	10001724 <rom_func_lookup+0x18>
1000171e:	2110      	movs	r1, #16
10001720:	4798      	blx	r3
10001722:	bd08      	pop	{r3, pc}
10001724:	2104      	movs	r1, #4
10001726:	4798      	blx	r3
10001728:	e7fb      	b.n	10001722 <rom_func_lookup+0x16>

1000172a <rom_reset_usb_boot_extra>:
1000172a:	b508      	push	{r3, lr}
1000172c:	1e03      	subs	r3, r0, #0
1000172e:	db06      	blt.n	1000173e <rom_reset_usb_boot_extra+0x14>
10001730:	f041 0020 	orr.w	r0, r1, #32
10001734:	b112      	cbz	r2, 1000173c <rom_reset_usb_boot_extra+0x12>
10001736:	f041 0130 	orr.w	r1, r1, #48	@ 0x30
1000173a:	e000      	b.n	1000173e <rom_reset_usb_boot_extra+0x14>
1000173c:	4601      	mov	r1, r0
1000173e:	460a      	mov	r2, r1
10001740:	210a      	movs	r1, #10
10001742:	f44f 7081 	mov.w	r0, #258	@ 0x102
10001746:	f7ff ffc1 	bl	100016cc <rom_reboot>
	...

1000174c <runtime_init_bootrom_locking_enable>:
1000174c:	4b03      	ldr	r3, [pc, #12]	@ (1000175c <runtime_init_bootrom_locking_enable+0x10>)
1000174e:	f8d3 3828 	ldr.w	r3, [r3, #2088]	@ 0x828
10001752:	2b00      	cmp	r3, #0
10001754:	d0fa      	beq.n	1000174c <runtime_init_bootrom_locking_enable>
10001756:	f3bf 8f5f 	dmb	sy
1000175a:	4770      	bx	lr
1000175c:	400e0000 	.word	0x400e0000

10001760 <boot_locks_reset>:
10001760:	2200      	movs	r2, #0
10001762:	e007      	b.n	10001774 <boot_locks_reset+0x14>
10001764:	4b05      	ldr	r3, [pc, #20]	@ (1000177c <boot_locks_reset+0x1c>)
10001766:	4413      	add	r3, r2
10001768:	009b      	lsls	r3, r3, #2
1000176a:	f3bf 8f5f 	dmb	sy
1000176e:	2100      	movs	r1, #0
10001770:	6019      	str	r1, [r3, #0]
10001772:	3201      	adds	r2, #1
10001774:	2a07      	cmp	r2, #7
10001776:	d9f5      	bls.n	10001764 <boot_locks_reset+0x4>
10001778:	4770      	bx	lr
1000177a:	bf00      	nop
1000177c:	10038203 	.word	0x10038203

10001780 <runtime_init_boot_locks_reset>:
10001780:	b508      	push	{r3, lr}
10001782:	f7ff ffed 	bl	10001760 <boot_locks_reset>
10001786:	bd08      	pop	{r3, pc}

10001788 <xosc_init>:
10001788:	4b07      	ldr	r3, [pc, #28]	@ (100017a8 <xosc_init+0x20>)
1000178a:	f44f 622a 	mov.w	r2, #2720	@ 0xaa0
1000178e:	601a      	str	r2, [r3, #0]
10001790:	f44f 728d 	mov.w	r2, #282	@ 0x11a
10001794:	60da      	str	r2, [r3, #12]
10001796:	f503 5300 	add.w	r3, r3, #8192	@ 0x2000
1000179a:	4a04      	ldr	r2, [pc, #16]	@ (100017ac <xosc_init+0x24>)
1000179c:	601a      	str	r2, [r3, #0]
1000179e:	4b02      	ldr	r3, [pc, #8]	@ (100017a8 <xosc_init+0x20>)
100017a0:	685b      	ldr	r3, [r3, #4]
100017a2:	2b00      	cmp	r3, #0
100017a4:	dafb      	bge.n	1000179e <xosc_init+0x16>
100017a6:	4770      	bx	lr
100017a8:	40048000 	.word	0x40048000
100017ac:	00fab000 	.word	0x00fab000

100017b0 <runtime_run_initializers_from>:
100017b0:	b510      	push	{r4, lr}
100017b2:	4604      	mov	r4, r0
100017b4:	e002      	b.n	100017bc <runtime_run_initializers_from+0xc>
100017b6:	f854 3b04 	ldr.w	r3, [r4], #4
100017ba:	4798      	blx	r3
100017bc:	4b01      	ldr	r3, [pc, #4]	@ (100017c4 <runtime_run_initializers_from+0x14>)
100017be:	429c      	cmp	r4, r3
100017c0:	d3f9      	bcc.n	100017b6 <runtime_run_initializers_from+0x6>
100017c2:	bd10      	pop	{r4, pc}
100017c4:	100062f0 	.word	0x100062f0

100017c8 <first_per_core_initializer>:
100017c8:	4770      	bx	lr
	...

100017cc <runtime_run_initializers>:
100017cc:	b508      	push	{r3, lr}
100017ce:	4802      	ldr	r0, [pc, #8]	@ (100017d8 <runtime_run_initializers+0xc>)
100017d0:	f7ff ffee 	bl	100017b0 <runtime_run_initializers_from>
100017d4:	bd08      	pop	{r3, pc}
100017d6:	bf00      	nop
100017d8:	100062b0 	.word	0x100062b0

100017dc <runtime_init_early_resets>:
100017dc:	4b06      	ldr	r3, [pc, #24]	@ (100017f8 <runtime_init_early_resets+0x1c>)
100017de:	4a07      	ldr	r2, [pc, #28]	@ (100017fc <runtime_init_early_resets+0x20>)
100017e0:	601a      	str	r2, [r3, #0]
100017e2:	f503 5380 	add.w	r3, r3, #4096	@ 0x1000
100017e6:	4a06      	ldr	r2, [pc, #24]	@ (10001800 <runtime_init_early_resets+0x24>)
100017e8:	601a      	str	r2, [r3, #0]
100017ea:	4b06      	ldr	r3, [pc, #24]	@ (10001804 <runtime_init_early_resets+0x28>)
100017ec:	689a      	ldr	r2, [r3, #8]
100017ee:	4b04      	ldr	r3, [pc, #16]	@ (10001800 <runtime_init_early_resets+0x24>)
100017f0:	4393      	bics	r3, r2
100017f2:	d1fa      	bne.n	100017ea <runtime_init_early_resets+0xe>
100017f4:	4770      	bx	lr
100017f6:	bf00      	nop
100017f8:	40022000 	.word	0x40022000
100017fc:	efef3b7f 	.word	0xefef3b7f
10001800:	03f3fff6 	.word	0x03f3fff6
10001804:	40020000 	.word	0x40020000

10001808 <runtime_init_usb_power_down>:
10001808:	4b05      	ldr	r3, [pc, #20]	@ (10001820 <runtime_init_usb_power_down+0x18>)
1000180a:	6cdb      	ldr	r3, [r3, #76]	@ 0x4c
1000180c:	f5b3 4f00 	cmp.w	r3, #32768	@ 0x8000
10001810:	d000      	beq.n	10001814 <runtime_init_usb_power_down+0xc>
10001812:	4770      	bx	lr
10001814:	4b03      	ldr	r3, [pc, #12]	@ (10001824 <runtime_init_usb_power_down+0x1c>)
10001816:	f44f 2280 	mov.w	r2, #262144	@ 0x40000
1000181a:	64da      	str	r2, [r3, #76]	@ 0x4c
1000181c:	e7f9      	b.n	10001812 <runtime_init_usb_power_down+0xa>
1000181e:	bf00      	nop
10001820:	50110000 	.word	0x50110000
10001824:	50112000 	.word	0x50112000

10001828 <runtime_init_per_core_enable_coprocessors>:
10001828:	f04f 22e0 	mov.w	r2, #3758153728	@ 0xe000e000
1000182c:	f8d2 1d88 	ldr.w	r1, [r2, #3464]	@ 0xd88
10001830:	4b03      	ldr	r3, [pc, #12]	@ (10001840 <runtime_init_per_core_enable_coprocessors+0x18>)
10001832:	430b      	orrs	r3, r1
10001834:	f8c2 3d88 	str.w	r3, [r2, #3464]	@ 0xd88
10001838:	ee10 0430 	dcp_rcmp r0
1000183c:	4770      	bx	lr
1000183e:	bf00      	nop
10001840:	00300303 	.word	0x00300303

10001844 <runtime_init_post_clock_resets>:
10001844:	4b05      	ldr	r3, [pc, #20]	@ (1000185c <runtime_init_post_clock_resets+0x18>)
10001846:	f06f 4260 	mvn.w	r2, #3758096384	@ 0xe0000000
1000184a:	601a      	str	r2, [r3, #0]
1000184c:	4b04      	ldr	r3, [pc, #16]	@ (10001860 <runtime_init_post_clock_resets+0x1c>)
1000184e:	689b      	ldr	r3, [r3, #8]
10001850:	43db      	mvns	r3, r3
10001852:	f033 4360 	bics.w	r3, r3, #3758096384	@ 0xe0000000
10001856:	d1f9      	bne.n	1000184c <runtime_init_post_clock_resets+0x8>
10001858:	4770      	bx	lr
1000185a:	bf00      	nop
1000185c:	40023000 	.word	0x40023000
10001860:	40020000 	.word	0x40020000

10001864 <runtime_init_bootrom_reset>:
10001864:	b508      	push	{r3, lr}
10001866:	f245 2053 	movw	r0, #21075	@ 0x5253
1000186a:	f7ff ff4f 	bl	1000170c <rom_func_lookup>
1000186e:	4603      	mov	r3, r0
10001870:	2004      	movs	r0, #4
10001872:	4798      	blx	r3
10001874:	bd08      	pop	{r3, pc}

10001876 <runtime_init_per_core_bootrom_reset>:
10001876:	b508      	push	{r3, lr}
10001878:	f245 2053 	movw	r0, #21075	@ 0x5253
1000187c:	f7ff ff46 	bl	1000170c <rom_func_lookup>
10001880:	4603      	mov	r3, r0
10001882:	2001      	movs	r0, #1
10001884:	4798      	blx	r3
10001886:	bd08      	pop	{r3, pc}

10001888 <runtime_init_spin_locks_reset>:
10001888:	b508      	push	{r3, lr}
1000188a:	f7fe fe77 	bl	1000057c <spin_locks_reset>
1000188e:	bd08      	pop	{r3, pc}

10001890 <runtime_init_install_ram_vector_table>:
10001890:	b510      	push	{r4, lr}
10001892:	490c      	ldr	r1, [pc, #48]	@ (100018c4 <runtime_init_install_ram_vector_table+0x34>)
10001894:	4a0c      	ldr	r2, [pc, #48]	@ (100018c8 <runtime_init_install_ram_vector_table+0x38>)
10001896:	1a52      	subs	r2, r2, r1
10001898:	1092      	asrs	r2, r2, #2
1000189a:	4614      	mov	r4, r2
1000189c:	2a44      	cmp	r2, #68	@ 0x44
1000189e:	bf28      	it	cs
100018a0:	2244      	movcs	r2, #68	@ 0x44
100018a2:	0092      	lsls	r2, r2, #2
100018a4:	4809      	ldr	r0, [pc, #36]	@ (100018cc <runtime_init_install_ram_vector_table+0x3c>)
100018a6:	f004 fc31 	bl	1000610c <memcpy>
100018aa:	e004      	b.n	100018b6 <runtime_init_install_ram_vector_table+0x26>
100018ac:	4a08      	ldr	r2, [pc, #32]	@ (100018d0 <runtime_init_install_ram_vector_table+0x40>)
100018ae:	4b07      	ldr	r3, [pc, #28]	@ (100018cc <runtime_init_install_ram_vector_table+0x3c>)
100018b0:	f843 2024 	str.w	r2, [r3, r4, lsl #2]
100018b4:	3401      	adds	r4, #1
100018b6:	2c43      	cmp	r4, #67	@ 0x43
100018b8:	d9f8      	bls.n	100018ac <runtime_init_install_ram_vector_table+0x1c>
100018ba:	4a04      	ldr	r2, [pc, #16]	@ (100018cc <runtime_init_install_ram_vector_table+0x3c>)
100018bc:	4b05      	ldr	r3, [pc, #20]	@ (100018d4 <runtime_init_install_ram_vector_table+0x44>)
100018be:	609a      	str	r2, [r3, #8]
100018c0:	bd10      	pop	{r4, pc}
100018c2:	bf00      	nop
100018c4:	10000000 	.word	0x10000000
100018c8:	10000110 	.word	0x10000110
100018cc:	20000000 	.word	0x20000000
100018d0:	10000111 	.word	0x10000111
100018d4:	e000ed00 	.word	0xe000ed00

100018d8 <start_all_ticks>:
100018d8:	b538      	push	{r3, r4, r5, lr}
100018da:	2004      	movs	r0, #4
100018dc:	f7ff fdfc 	bl	100014d8 <clock_get_hz>
100018e0:	4b06      	ldr	r3, [pc, #24]	@ (100018fc <start_all_ticks+0x24>)
100018e2:	fba3 3500 	umull	r3, r5, r3, r0
100018e6:	0cad      	lsrs	r5, r5, #18
100018e8:	2400      	movs	r4, #0
100018ea:	e004      	b.n	100018f6 <start_all_ticks+0x1e>
100018ec:	4629      	mov	r1, r5
100018ee:	b2e0      	uxtb	r0, r4
100018f0:	f7ff fede 	bl	100016b0 <tick_start>
100018f4:	3401      	adds	r4, #1
100018f6:	2c05      	cmp	r4, #5
100018f8:	ddf8      	ble.n	100018ec <start_all_ticks+0x14>
100018fa:	bd38      	pop	{r3, r4, r5, pc}
100018fc:	431bde83 	.word	0x431bde83

10001900 <runtime_init_clocks>:
10001900:	b530      	push	{r4, r5, lr}
10001902:	b083      	sub	sp, #12
10001904:	4b26      	ldr	r3, [pc, #152]	@ (100019a0 <runtime_init_clocks+0xa0>)
10001906:	2200      	movs	r2, #0
10001908:	f8c3 2084 	str.w	r2, [r3, #132]	@ 0x84
1000190c:	f7ff ff3c 	bl	10001788 <xosc_init>
10001910:	4b24      	ldr	r3, [pc, #144]	@ (100019a4 <runtime_init_clocks+0xa4>)
10001912:	2201      	movs	r2, #1
10001914:	63da      	str	r2, [r3, #60]	@ 0x3c
10001916:	4b22      	ldr	r3, [pc, #136]	@ (100019a0 <runtime_init_clocks+0xa0>)
10001918:	6c5b      	ldr	r3, [r3, #68]	@ 0x44
1000191a:	2b01      	cmp	r3, #1
1000191c:	d1fb      	bne.n	10001916 <runtime_init_clocks+0x16>
1000191e:	4b21      	ldr	r3, [pc, #132]	@ (100019a4 <runtime_init_clocks+0xa4>)
10001920:	2203      	movs	r2, #3
10001922:	631a      	str	r2, [r3, #48]	@ 0x30
10001924:	4b1e      	ldr	r3, [pc, #120]	@ (100019a0 <runtime_init_clocks+0xa0>)
10001926:	6b9b      	ldr	r3, [r3, #56]	@ 0x38
10001928:	2b01      	cmp	r3, #1
1000192a:	d1fb      	bne.n	10001924 <runtime_init_clocks+0x24>
1000192c:	2402      	movs	r4, #2
1000192e:	9400      	str	r4, [sp, #0]
10001930:	2305      	movs	r3, #5
10001932:	4a1d      	ldr	r2, [pc, #116]	@ (100019a8 <runtime_init_clocks+0xa8>)
10001934:	2101      	movs	r1, #1
10001936:	481d      	ldr	r0, [pc, #116]	@ (100019ac <runtime_init_clocks+0xac>)
10001938:	f7ff fdd4 	bl	100014e4 <pll_init>
1000193c:	2505      	movs	r5, #5
1000193e:	9500      	str	r5, [sp, #0]
10001940:	462b      	mov	r3, r5
10001942:	4a1b      	ldr	r2, [pc, #108]	@ (100019b0 <runtime_init_clocks+0xb0>)
10001944:	2101      	movs	r1, #1
10001946:	481b      	ldr	r0, [pc, #108]	@ (100019b4 <runtime_init_clocks+0xb4>)
10001948:	f7ff fdcc 	bl	100014e4 <pll_init>
1000194c:	4b1a      	ldr	r3, [pc, #104]	@ (100019b8 <runtime_init_clocks+0xb8>)
1000194e:	2200      	movs	r2, #0
10001950:	4621      	mov	r1, r4
10001952:	2004      	movs	r0, #4
10001954:	f7ff fdb6 	bl	100014c4 <clock_configure_undivided>
10001958:	4c18      	ldr	r4, [pc, #96]	@ (100019bc <runtime_init_clocks+0xbc>)
1000195a:	4623      	mov	r3, r4
1000195c:	2200      	movs	r2, #0
1000195e:	2101      	movs	r1, #1
10001960:	4628      	mov	r0, r5
10001962:	f7ff fdaf 	bl	100014c4 <clock_configure_undivided>
10001966:	4d16      	ldr	r5, [pc, #88]	@ (100019c0 <runtime_init_clocks+0xc0>)
10001968:	462b      	mov	r3, r5
1000196a:	2200      	movs	r2, #0
1000196c:	4611      	mov	r1, r2
1000196e:	2008      	movs	r0, #8
10001970:	f7ff fda8 	bl	100014c4 <clock_configure_undivided>
10001974:	462b      	mov	r3, r5
10001976:	2200      	movs	r2, #0
10001978:	4611      	mov	r1, r2
1000197a:	2009      	movs	r0, #9
1000197c:	f7ff fda2 	bl	100014c4 <clock_configure_undivided>
10001980:	4623      	mov	r3, r4
10001982:	2200      	movs	r2, #0
10001984:	4611      	mov	r1, r2
10001986:	2006      	movs	r0, #6
10001988:	f7ff fd9c 	bl	100014c4 <clock_configure_undivided>
1000198c:	4623      	mov	r3, r4
1000198e:	2200      	movs	r2, #0
10001990:	4611      	mov	r1, r2
10001992:	2007      	movs	r0, #7
10001994:	f7ff fd96 	bl	100014c4 <clock_configure_undivided>
10001998:	f7ff ff9e 	bl	100018d8 <start_all_ticks>
1000199c:	b003      	add	sp, #12
1000199e:	bd30      	pop	{r4, r5, pc}
100019a0:	40010000 	.word	0x40010000
100019a4:	40013000 	.word	0x40013000
100019a8:	59682f00 	.word	0x59682f00
100019ac:	40050000 	.word	0x40050000
100019b0:	47868c00 	.word	0x47868c00
100019b4:	40058000 	.word	0x40058000
100019b8:	00b71b00 	.word	0x00b71b00
100019bc:	08f0d180 	.word	0x08f0d180
100019c0:	02dc6c00 	.word	0x02dc6c00

100019c4 <generic_save_state>:
100019c4:	b086      	sub	sp, #24
100019c6:	b403      	push	{r0, r1}
100019c8:	fc51 0408 	dcp_pxmd r0, r1
100019cc:	e9cd 0102 	strd	r0, r1, [sp, #8]
100019d0:	fc51 0409 	dcp_pymd r0, r1
100019d4:	e9cd 0104 	strd	r0, r1, [sp, #16]
100019d8:	ec51 040a 	dcp_refd r0, r1
100019dc:	e9cd 0106 	strd	r0, r1, [sp, #24]
100019e0:	bc03      	pop	{r0, r1}
100019e2:	47f0      	blx	lr

100019e4 <generic_restore_state>:
100019e4:	e8bd 5000 	ldmia.w	sp!, {ip, lr}
100019e8:	ec4e c400 	dcp_wxmd ip, lr
100019ec:	e8bd 5000 	ldmia.w	sp!, {ip, lr}
100019f0:	ec4e c401 	dcp_wymd ip, lr
100019f4:	e8bd 5000 	ldmia.w	sp!, {ip, lr}
100019f8:	ec4e c402 	dcp_wefd ip, lr
100019fc:	bd00      	pop	{pc}
100019fe:	0000      	movs	r0, r0
10001a00:	b500      	push	{lr}
10001a02:	f7ff ffdf 	bl	100019c4 <generic_save_state>
10001a06:	e002      	b.n	10001a0e <__wrap___aeabi_dadd+0x6>

10001a08 <__wrap___aeabi_dadd>:
10001a08:	fe10 f430 	dcp_pcmp APSR_nzcv
10001a0c:	d4f8      	bmi.n	10001a00 <generic_restore_state+0x1c>
10001a0e:	ec41 0410 	dcp_wxup r0, r1
10001a12:	ec43 2411 	dcp_wyup r2, r3
10001a16:	ee00 0401 	dcp_add0
10001a1a:	ee10 0401 	dcp_add1
10001a1e:	ee80 0420 	dcp_nrdd
10001a22:	ec51 0410 	dcp_rdda r0, r1
10001a26:	4770      	bx	lr
10001a28:	b500      	push	{lr}
10001a2a:	f7ff ffcb 	bl	100019c4 <generic_save_state>
10001a2e:	e002      	b.n	10001a36 <__wrap___aeabi_dsub+0x6>

10001a30 <__wrap___aeabi_dsub>:
10001a30:	fe10 f430 	dcp_pcmp APSR_nzcv
10001a34:	d4f8      	bmi.n	10001a28 <__wrap___aeabi_dadd+0x20>
10001a36:	ec41 0410 	dcp_wxup r0, r1
10001a3a:	ec43 2411 	dcp_wyup r2, r3
10001a3e:	ee00 0401 	dcp_add0
10001a42:	ee10 0421 	dcp_sub1
10001a46:	ee80 0420 	dcp_nrdd
10001a4a:	ec51 0430 	dcp_rdds r0, r1
10001a4e:	4770      	bx	lr
10001a50:	b500      	push	{lr}
10001a52:	f7ff ffb7 	bl	100019c4 <generic_save_state>
10001a56:	e002      	b.n	10001a5e <__wrap___aeabi_dmul+0x6>

10001a58 <__wrap___aeabi_dmul>:
10001a58:	fe10 f430 	dcp_pcmp APSR_nzcv
10001a5c:	d4f8      	bmi.n	10001a50 <__wrap___aeabi_dsub+0x20>
10001a5e:	b510      	push	{r4, lr}
10001a60:	ec41 0410 	dcp_wxup r0, r1
10001a64:	ec43 2411 	dcp_wyup r2, r3
10001a68:	ec51 0404 	dcp_rxms r0, r1, #0x0
10001a6c:	ec53 2405 	dcp_ryms r2, r3, #0x0
10001a70:	fba0 4c02 	umull	r4, ip, r0, r2
10001a74:	f05f 0e00 	movs.w	lr, #0
10001a78:	fbe0 ce03 	umlal	ip, lr, r0, r3
10001a7c:	fbe1 ce02 	umlal	ip, lr, r1, r2
10001a80:	ec4c 4420 	dcp_wxms r4, ip
10001a84:	2400      	movs	r4, #0
10001a86:	fbe1 e403 	umlal	lr, r4, r1, r3
10001a8a:	ec44 e430 	dcp_wxmo lr, r4
10001a8e:	ee80 0420 	dcp_nrdd
10001a92:	ec51 0450 	dcp_rddm r0, r1
10001a96:	e8bd 4010 	ldmia.w	sp!, {r4, lr}
10001a9a:	4770      	bx	lr
10001a9c:	b500      	push	{lr}
10001a9e:	f7ff ff91 	bl	100019c4 <generic_save_state>
10001aa2:	e002      	b.n	10001aaa <__wrap___aeabi_ddiv+0x6>

10001aa4 <__wrap___aeabi_ddiv>:
10001aa4:	fe10 f430 	dcp_pcmp APSR_nzcv
10001aa8:	d4f8      	bmi.n	10001a9c <__wrap___aeabi_dmul+0x44>
10001aaa:	ec41 0410 	dcp_wxup r0, r1
10001aae:	ec43 2411 	dcp_wyup r2, r3
10001ab2:	ec51 0421 	dcp_rymr r0, r1
10001ab6:	fba0 1201 	umull	r1, r2, r0, r1
10001aba:	ea6f 0282 	mvn.w	r2, r2, lsl #2
10001abe:	fb52 0010 	smmlar	r0, r2, r0, r0
10001ac2:	fb52 f212 	smmulr	r2, r2, r2
10001ac6:	fb52 0010 	smmlar	r0, r2, r0, r0
10001aca:	eba0 7cd0 	sub.w	ip, r0, r0, lsr #31
10001ace:	ec53 2404 	dcp_rxms r2, r3, #0x0
10001ad2:	fb5c f113 	smmulr	r1, ip, r3
10001ad6:	ec53 2415 	dcp_ryms r2, r3, #0x1
10001ada:	fba1 2002 	umull	r2, r0, r1, r2
10001ade:	fb01 0003 	mla	r0, r1, r3, r0
10001ae2:	ec53 2444 	dcp_rxms r2, r3, #0x4
10001ae6:	eba2 0000 	sub.w	r0, r2, r0
10001aea:	fb50 f21c 	smmulr	r2, r0, ip
10001aee:	ea4f 1311 	mov.w	r3, r1, lsr #4
10001af2:	eb12 7001 	adds.w	r0, r2, r1, lsl #28
10001af6:	eb43 71e2 	adc.w	r1, r3, r2, asr #31
10001afa:	ea40 5051 	orr.w	r0, r0, r1, lsr #21
10001afe:	ea20 5091 	bic.w	r0, r0, r1, lsr #22
10001b02:	f020 0007 	bic.w	r0, r0, #7
10001b06:	ec53 2475 	dcp_ryms r2, r3, #0x7
10001b0a:	fba0 3c02 	umull	r3, ip, r0, r2
10001b0e:	ec53 2475 	dcp_ryms r2, r3, #0x7
10001b12:	fb00 cc03 	mla	ip, r0, r3, ip
10001b16:	fb01 cc02 	mla	ip, r1, r2, ip
10001b1a:	ec53 2404 	dcp_rxms r2, r3, #0x0
10001b1e:	ebac 4c82 	sub.w	ip, ip, r2, lsl #18
10001b22:	ea40 705c 	orr.w	r0, r0, ip, lsr #29
10001b26:	f1a0 0001 	sub.w	r0, r0, #1
10001b2a:	ec41 0440 	dcp_wxdd r0, r1
10001b2e:	ee80 0420 	dcp_nrdd
10001b32:	ec51 0470 	dcp_rddd r0, r1
10001b36:	4770      	bx	lr
10001b38:	b500      	push	{lr}
10001b3a:	f7ff ff43 	bl	100019c4 <generic_save_state>
10001b3e:	e002      	b.n	10001b46 <__wrap___aeabi_i2d+0x6>

10001b40 <__wrap___aeabi_i2d>:
10001b40:	fe10 f430 	dcp_pcmp APSR_nzcv
10001b44:	d4f8      	bmi.n	10001b38 <__wrap___aeabi_ddiv+0x94>
10001b46:	ec40 0470 	dcp_wxic r0, r0
10001b4a:	ee00 0401 	dcp_add0
10001b4e:	ee10 0421 	dcp_sub1
10001b52:	ee80 0420 	dcp_nrdd
10001b56:	ec51 0430 	dcp_rdds r0, r1
10001b5a:	4770      	bx	lr
10001b5c:	b500      	push	{lr}
10001b5e:	f7ff ff31 	bl	100019c4 <generic_save_state>
10001b62:	e002      	b.n	10001b6a <__wrap___aeabi_ui2d+0x6>

10001b64 <__wrap___aeabi_ui2d>:
10001b64:	fe10 f430 	dcp_pcmp APSR_nzcv
10001b68:	d4f8      	bmi.n	10001b5c <__wrap___aeabi_i2d+0x1c>
10001b6a:	ec40 0460 	dcp_wxuc r0, r0
10001b6e:	ee00 0401 	dcp_add0
10001b72:	ee10 0421 	dcp_sub1
10001b76:	ee80 0420 	dcp_nrdd
10001b7a:	ec51 0430 	dcp_rdds r0, r1
10001b7e:	4770      	bx	lr
10001b80:	b500      	push	{lr}
10001b82:	f7ff ff1f 	bl	100019c4 <generic_save_state>
10001b86:	e002      	b.n	10001b8e <double2int_z_entry>

10001b88 <__wrap___aeabi_d2iz>:
10001b88:	fe10 f430 	dcp_pcmp APSR_nzcv
10001b8c:	d4f8      	bmi.n	10001b80 <__wrap___aeabi_ui2d+0x1c>

10001b8e <double2int_z_entry>:
10001b8e:	ec41 0480 	dcp_wxdc r0, r1
10001b92:	ee00 0401 	dcp_add0
10001b96:	ee10 0401 	dcp_add1
10001b9a:	ee80 0440 	dcp_ntdc
10001b9e:	ee10 0413 	dcp_rdic r0
10001ba2:	4770      	bx	lr
10001ba4:	b500      	push	{lr}
10001ba6:	f7ff ff0d 	bl	100019c4 <generic_save_state>
10001baa:	e002      	b.n	10001bb2 <double2uint_z_entry>

10001bac <__wrap___aeabi_d2uiz>:
10001bac:	fe10 f430 	dcp_pcmp APSR_nzcv
10001bb0:	d4f8      	bmi.n	10001ba4 <double2int_z_entry+0x16>

10001bb2 <double2uint_z_entry>:
10001bb2:	ec41 0480 	dcp_wxdc r0, r1
10001bb6:	ee00 0401 	dcp_add0
10001bba:	ee10 0401 	dcp_add1
10001bbe:	ee80 0440 	dcp_ntdc
10001bc2:	ee10 0433 	dcp_rduc r0
10001bc6:	4770      	bx	lr
10001bc8:	b500      	push	{lr}
10001bca:	f7ff fefb 	bl	100019c4 <generic_save_state>
10001bce:	e002      	b.n	10001bd6 <__wrap___aeabi_dcmpun+0x6>

10001bd0 <__wrap___aeabi_dcmpun>:
10001bd0:	fe10 f430 	dcp_pcmp APSR_nzcv
10001bd4:	d4f8      	bmi.n	10001bc8 <double2uint_z_entry+0x16>
10001bd6:	ec41 0410 	dcp_wxup r0, r1
10001bda:	ec43 2411 	dcp_wyup r2, r3
10001bde:	ee00 0401 	dcp_add0
10001be2:	ee10 0430 	dcp_rcmp r0
10001be6:	f3c0 7000 	ubfx	r0, r0, #28, #1
10001bea:	4770      	bx	lr
10001bec:	b500      	push	{lr}
10001bee:	f7ff fee9 	bl	100019c4 <generic_save_state>
10001bf2:	e002      	b.n	10001bfa <__wrap___aeabi_dcmplt+0x6>

10001bf4 <__wrap___aeabi_dcmplt>:
10001bf4:	fe10 f430 	dcp_pcmp APSR_nzcv
10001bf8:	d4f8      	bmi.n	10001bec <__wrap___aeabi_dcmpun+0x1c>
10001bfa:	ec43 2410 	dcp_wxup r2, r3
10001bfe:	ec41 0411 	dcp_wyup r0, r1
10001c02:	ee00 0401 	dcp_add0
10001c06:	ee10 f430 	dcp_rcmp APSR_nzcv
10001c0a:	bf8c      	ite	hi
10001c0c:	2001      	movhi	r0, #1
10001c0e:	2000      	movls	r0, #0
10001c10:	4770      	bx	lr
10001c12:	bf00      	nop
10001c14:	b500      	push	{lr}
10001c16:	f7ff fed5 	bl	100019c4 <generic_save_state>
10001c1a:	e002      	b.n	10001c22 <__wrap___aeabi_dcmple+0x6>

10001c1c <__wrap___aeabi_dcmple>:
10001c1c:	fe10 f430 	dcp_pcmp APSR_nzcv
10001c20:	d4f8      	bmi.n	10001c14 <__wrap___aeabi_dcmplt+0x20>
10001c22:	ec43 2410 	dcp_wxup r2, r3
10001c26:	ec41 0411 	dcp_wyup r0, r1
10001c2a:	ee00 0401 	dcp_add0
10001c2e:	ee10 f430 	dcp_rcmp APSR_nzcv
10001c32:	bf2c      	ite	cs
10001c34:	2001      	movcs	r0, #1
10001c36:	2000      	movcc	r0, #0
10001c38:	4770      	bx	lr
10001c3a:	bf00      	nop
10001c3c:	b500      	push	{lr}
10001c3e:	f7ff fec1 	bl	100019c4 <generic_save_state>
10001c42:	e002      	b.n	10001c4a <__wrap___aeabi_dcmpge+0x6>

10001c44 <__wrap___aeabi_dcmpge>:
10001c44:	fe10 f430 	dcp_pcmp APSR_nzcv
10001c48:	d4f8      	bmi.n	10001c3c <__wrap___aeabi_dcmple+0x20>
10001c4a:	ec41 0410 	dcp_wxup r0, r1
10001c4e:	ec43 2411 	dcp_wyup r2, r3
10001c52:	ee00 0401 	dcp_add0
10001c56:	ee10 f430 	dcp_rcmp APSR_nzcv
10001c5a:	bf2c      	ite	cs
10001c5c:	2001      	movcs	r0, #1
10001c5e:	2000      	movcc	r0, #0
10001c60:	4770      	bx	lr
10001c62:	bf00      	nop
10001c64:	b500      	push	{lr}
10001c66:	f7ff fead 	bl	100019c4 <generic_save_state>
10001c6a:	e002      	b.n	10001c72 <__wrap___aeabi_dcmpgt+0x6>

10001c6c <__wrap___aeabi_dcmpgt>:
10001c6c:	fe10 f430 	dcp_pcmp APSR_nzcv
10001c70:	d4f8      	bmi.n	10001c64 <__wrap___aeabi_dcmpge+0x20>
10001c72:	ec41 0410 	dcp_wxup r0, r1
10001c76:	ec43 2411 	dcp_wyup r2, r3
10001c7a:	ee00 0401 	dcp_add0
10001c7e:	ee10 f430 	dcp_rcmp APSR_nzcv
10001c82:	bf8c      	ite	hi
10001c84:	2001      	movhi	r0, #1
10001c86:	2000      	movls	r0, #0
10001c88:	4770      	bx	lr
10001c8a:	bf00      	nop

10001c8c <_out_null>:
10001c8c:	4770      	bx	lr

10001c8e <_out_fct>:
10001c8e:	b120      	cbz	r0, 10001c9a <_out_fct+0xc>
10001c90:	b508      	push	{r3, lr}
10001c92:	680a      	ldr	r2, [r1, #0]
10001c94:	6849      	ldr	r1, [r1, #4]
10001c96:	4790      	blx	r2
10001c98:	bd08      	pop	{r3, pc}
10001c9a:	4770      	bx	lr

10001c9c <_atoi>:
10001c9c:	4601      	mov	r1, r0
10001c9e:	2000      	movs	r0, #0
10001ca0:	e008      	b.n	10001cb4 <_atoi+0x18>
10001ca2:	eb00 0080 	add.w	r0, r0, r0, lsl #2
10001ca6:	1c53      	adds	r3, r2, #1
10001ca8:	600b      	str	r3, [r1, #0]
10001caa:	7813      	ldrb	r3, [r2, #0]
10001cac:	eb03 0340 	add.w	r3, r3, r0, lsl #1
10001cb0:	f1a3 0030 	sub.w	r0, r3, #48	@ 0x30
10001cb4:	680a      	ldr	r2, [r1, #0]
10001cb6:	7813      	ldrb	r3, [r2, #0]
10001cb8:	3b30      	subs	r3, #48	@ 0x30
10001cba:	b2db      	uxtb	r3, r3
10001cbc:	2b09      	cmp	r3, #9
10001cbe:	d9f0      	bls.n	10001ca2 <_atoi+0x6>
10001cc0:	4770      	bx	lr

10001cc2 <_out_rev>:
10001cc2:	e92d 4ff0 	stmdb	sp!, {r4, r5, r6, r7, r8, r9, sl, fp, lr}
10001cc6:	b083      	sub	sp, #12
10001cc8:	4605      	mov	r5, r0
10001cca:	460e      	mov	r6, r1
10001ccc:	4693      	mov	fp, r2
10001cce:	461f      	mov	r7, r3
10001cd0:	f8dd a030 	ldr.w	sl, [sp, #48]	@ 0x30
10001cd4:	9c0d      	ldr	r4, [sp, #52]	@ 0x34
10001cd6:	f8dd 9038 	ldr.w	r9, [sp, #56]	@ 0x38
10001cda:	9b0f      	ldr	r3, [sp, #60]	@ 0x3c
10001cdc:	f013 0f03 	tst.w	r3, #3
10001ce0:	d119      	bne.n	10001d16 <_out_rev+0x54>
10001ce2:	46a0      	mov	r8, r4
10001ce4:	9201      	str	r2, [sp, #4]
10001ce6:	45c8      	cmp	r8, r9
10001ce8:	d209      	bcs.n	10001cfe <_out_rev+0x3c>
10001cea:	f102 0b01 	add.w	fp, r2, #1
10001cee:	463b      	mov	r3, r7
10001cf0:	4631      	mov	r1, r6
10001cf2:	2020      	movs	r0, #32
10001cf4:	47a8      	blx	r5
10001cf6:	f108 0801 	add.w	r8, r8, #1
10001cfa:	465a      	mov	r2, fp
10001cfc:	e7f3      	b.n	10001ce6 <_out_rev+0x24>
10001cfe:	f8dd b004 	ldr.w	fp, [sp, #4]
10001d02:	e008      	b.n	10001d16 <_out_rev+0x54>
10001d04:	3c01      	subs	r4, #1
10001d06:	f102 0801 	add.w	r8, r2, #1
10001d0a:	463b      	mov	r3, r7
10001d0c:	4631      	mov	r1, r6
10001d0e:	f81a 0004 	ldrb.w	r0, [sl, r4]
10001d12:	47a8      	blx	r5
10001d14:	4642      	mov	r2, r8
10001d16:	2c00      	cmp	r4, #0
10001d18:	d1f4      	bne.n	10001d04 <_out_rev+0x42>
10001d1a:	9b0f      	ldr	r3, [sp, #60]	@ 0x3c
10001d1c:	f013 0f02 	tst.w	r3, #2
10001d20:	d103      	bne.n	10001d2a <_out_rev+0x68>
10001d22:	4610      	mov	r0, r2
10001d24:	b003      	add	sp, #12
10001d26:	e8bd 8ff0 	ldmia.w	sp!, {r4, r5, r6, r7, r8, r9, sl, fp, pc}
10001d2a:	eba2 030b 	sub.w	r3, r2, fp
10001d2e:	454b      	cmp	r3, r9
10001d30:	d2f7      	bcs.n	10001d22 <_out_rev+0x60>
10001d32:	1c54      	adds	r4, r2, #1
10001d34:	463b      	mov	r3, r7
10001d36:	4631      	mov	r1, r6
10001d38:	2020      	movs	r0, #32
10001d3a:	47a8      	blx	r5
10001d3c:	4622      	mov	r2, r4
10001d3e:	e7f4      	b.n	10001d2a <_out_rev+0x68>

10001d40 <_ntoa_format>:
10001d40:	e92d 43f0 	stmdb	sp!, {r4, r5, r6, r7, r8, r9, lr}
10001d44:	b085      	sub	sp, #20
10001d46:	4699      	mov	r9, r3
10001d48:	9d0c      	ldr	r5, [sp, #48]	@ 0x30
10001d4a:	9c0d      	ldr	r4, [sp, #52]	@ 0x34
10001d4c:	f89d 8038 	ldrb.w	r8, [sp, #56]	@ 0x38
10001d50:	f8dd e040 	ldr.w	lr, [sp, #64]	@ 0x40
10001d54:	9f11      	ldr	r7, [sp, #68]	@ 0x44
10001d56:	9e12      	ldr	r6, [sp, #72]	@ 0x48
10001d58:	f016 0f02 	tst.w	r6, #2
10001d5c:	d121      	bne.n	10001da2 <_ntoa_format+0x62>
10001d5e:	b17f      	cbz	r7, 10001d80 <_ntoa_format+0x40>
10001d60:	f016 0f01 	tst.w	r6, #1
10001d64:	d00c      	beq.n	10001d80 <_ntoa_format+0x40>
10001d66:	f1b8 0f00 	cmp.w	r8, #0
10001d6a:	d102      	bne.n	10001d72 <_ntoa_format+0x32>
10001d6c:	f016 0f0c 	tst.w	r6, #12
10001d70:	d006      	beq.n	10001d80 <_ntoa_format+0x40>
10001d72:	3f01      	subs	r7, #1
10001d74:	e004      	b.n	10001d80 <_ntoa_format+0x40>
10001d76:	f04f 0c30 	mov.w	ip, #48	@ 0x30
10001d7a:	f805 c004 	strb.w	ip, [r5, r4]
10001d7e:	3401      	adds	r4, #1
10001d80:	4574      	cmp	r4, lr
10001d82:	d201      	bcs.n	10001d88 <_ntoa_format+0x48>
10001d84:	2c1f      	cmp	r4, #31
10001d86:	d9f6      	bls.n	10001d76 <_ntoa_format+0x36>
10001d88:	f016 0f01 	tst.w	r6, #1
10001d8c:	d009      	beq.n	10001da2 <_ntoa_format+0x62>
10001d8e:	42bc      	cmp	r4, r7
10001d90:	d207      	bcs.n	10001da2 <_ntoa_format+0x62>
10001d92:	2c1f      	cmp	r4, #31
10001d94:	d805      	bhi.n	10001da2 <_ntoa_format+0x62>
10001d96:	f04f 0c30 	mov.w	ip, #48	@ 0x30
10001d9a:	f805 c004 	strb.w	ip, [r5, r4]
10001d9e:	3401      	adds	r4, #1
10001da0:	e7f2      	b.n	10001d88 <_ntoa_format+0x48>
10001da2:	f016 0f10 	tst.w	r6, #16
10001da6:	d014      	beq.n	10001dd2 <_ntoa_format+0x92>
10001da8:	f416 6f80 	tst.w	r6, #1024	@ 0x400
10001dac:	d104      	bne.n	10001db8 <_ntoa_format+0x78>
10001dae:	b11c      	cbz	r4, 10001db8 <_ntoa_format+0x78>
10001db0:	4574      	cmp	r4, lr
10001db2:	d022      	beq.n	10001dfa <_ntoa_format+0xba>
10001db4:	42bc      	cmp	r4, r7
10001db6:	d020      	beq.n	10001dfa <_ntoa_format+0xba>
10001db8:	9b0f      	ldr	r3, [sp, #60]	@ 0x3c
10001dba:	2b10      	cmp	r3, #16
10001dbc:	d036      	beq.n	10001e2c <_ntoa_format+0xec>
10001dbe:	9b0f      	ldr	r3, [sp, #60]	@ 0x3c
10001dc0:	2b02      	cmp	r3, #2
10001dc2:	d03e      	beq.n	10001e42 <_ntoa_format+0x102>
10001dc4:	2c1f      	cmp	r4, #31
10001dc6:	d80e      	bhi.n	10001de6 <_ntoa_format+0xa6>
10001dc8:	f04f 0c30 	mov.w	ip, #48	@ 0x30
10001dcc:	f805 c004 	strb.w	ip, [r5, r4]
10001dd0:	3401      	adds	r4, #1
10001dd2:	2c1f      	cmp	r4, #31
10001dd4:	d807      	bhi.n	10001de6 <_ntoa_format+0xa6>
10001dd6:	f1b8 0f00 	cmp.w	r8, #0
10001dda:	d03a      	beq.n	10001e52 <_ntoa_format+0x112>
10001ddc:	f04f 0c2d 	mov.w	ip, #45	@ 0x2d
10001de0:	f805 c004 	strb.w	ip, [r5, r4]
10001de4:	3401      	adds	r4, #1
10001de6:	9603      	str	r6, [sp, #12]
10001de8:	9702      	str	r7, [sp, #8]
10001dea:	9401      	str	r4, [sp, #4]
10001dec:	9500      	str	r5, [sp, #0]
10001dee:	464b      	mov	r3, r9
10001df0:	f7ff ff67 	bl	10001cc2 <_out_rev>
10001df4:	b005      	add	sp, #20
10001df6:	e8bd 83f0 	ldmia.w	sp!, {r4, r5, r6, r7, r8, r9, pc}
10001dfa:	f1b4 0c01 	subs.w	ip, r4, #1
10001dfe:	d013      	beq.n	10001e28 <_ntoa_format+0xe8>
10001e00:	9b0f      	ldr	r3, [sp, #60]	@ 0x3c
10001e02:	2b10      	cmp	r3, #16
10001e04:	d00e      	beq.n	10001e24 <_ntoa_format+0xe4>
10001e06:	4664      	mov	r4, ip
10001e08:	9b0f      	ldr	r3, [sp, #60]	@ 0x3c
10001e0a:	2b10      	cmp	r3, #16
10001e0c:	d1d7      	bne.n	10001dbe <_ntoa_format+0x7e>
10001e0e:	f016 0f20 	tst.w	r6, #32
10001e12:	d0d4      	beq.n	10001dbe <_ntoa_format+0x7e>
10001e14:	2c1f      	cmp	r4, #31
10001e16:	d8d2      	bhi.n	10001dbe <_ntoa_format+0x7e>
10001e18:	f04f 0c58 	mov.w	ip, #88	@ 0x58
10001e1c:	f805 c004 	strb.w	ip, [r5, r4]
10001e20:	3401      	adds	r4, #1
10001e22:	e7cf      	b.n	10001dc4 <_ntoa_format+0x84>
10001e24:	3c02      	subs	r4, #2
10001e26:	e7c7      	b.n	10001db8 <_ntoa_format+0x78>
10001e28:	4664      	mov	r4, ip
10001e2a:	e7c5      	b.n	10001db8 <_ntoa_format+0x78>
10001e2c:	f016 0f20 	tst.w	r6, #32
10001e30:	d1ea      	bne.n	10001e08 <_ntoa_format+0xc8>
10001e32:	2c1f      	cmp	r4, #31
10001e34:	d8e8      	bhi.n	10001e08 <_ntoa_format+0xc8>
10001e36:	f04f 0c78 	mov.w	ip, #120	@ 0x78
10001e3a:	f805 c004 	strb.w	ip, [r5, r4]
10001e3e:	3401      	adds	r4, #1
10001e40:	e7c0      	b.n	10001dc4 <_ntoa_format+0x84>
10001e42:	2c1f      	cmp	r4, #31
10001e44:	d8cf      	bhi.n	10001de6 <_ntoa_format+0xa6>
10001e46:	f04f 0c62 	mov.w	ip, #98	@ 0x62
10001e4a:	f805 c004 	strb.w	ip, [r5, r4]
10001e4e:	3401      	adds	r4, #1
10001e50:	e7b8      	b.n	10001dc4 <_ntoa_format+0x84>
10001e52:	f016 0f04 	tst.w	r6, #4
10001e56:	d005      	beq.n	10001e64 <_ntoa_format+0x124>
10001e58:	f04f 0c2b 	mov.w	ip, #43	@ 0x2b
10001e5c:	f805 c004 	strb.w	ip, [r5, r4]
10001e60:	3401      	adds	r4, #1
10001e62:	e7c0      	b.n	10001de6 <_ntoa_format+0xa6>
10001e64:	f016 0f08 	tst.w	r6, #8
10001e68:	d0bd      	beq.n	10001de6 <_ntoa_format+0xa6>
10001e6a:	f04f 0c20 	mov.w	ip, #32
10001e6e:	f805 c004 	strb.w	ip, [r5, r4]
10001e72:	3401      	adds	r4, #1
10001e74:	e7b7      	b.n	10001de6 <_ntoa_format+0xa6>

10001e76 <_ntoa_long>:
10001e76:	b5f0      	push	{r4, r5, r6, r7, lr}
10001e78:	b091      	sub	sp, #68	@ 0x44
10001e7a:	9c16      	ldr	r4, [sp, #88]	@ 0x58
10001e7c:	9d18      	ldr	r5, [sp, #96]	@ 0x60
10001e7e:	9e1b      	ldr	r6, [sp, #108]	@ 0x6c
10001e80:	b90c      	cbnz	r4, 10001e86 <_ntoa_long+0x10>
10001e82:	f026 0610 	bic.w	r6, r6, #16
10001e86:	f416 6e80 	ands.w	lr, r6, #1024	@ 0x400
10001e8a:	d016      	beq.n	10001eba <_ntoa_long+0x44>
10001e8c:	b364      	cbz	r4, 10001ee8 <_ntoa_long+0x72>
10001e8e:	f04f 0e00 	mov.w	lr, #0
10001e92:	e012      	b.n	10001eba <_ntoa_long+0x44>
10001e94:	f10c 0c30 	add.w	ip, ip, #48	@ 0x30
10001e98:	fa5f fc8c 	uxtb.w	ip, ip
10001e9c:	f10e 0701 	add.w	r7, lr, #1
10001ea0:	f10e 0e40 	add.w	lr, lr, #64	@ 0x40
10001ea4:	44ee      	add	lr, sp
10001ea6:	f80e cc20 	strb.w	ip, [lr, #-32]
10001eaa:	fbb4 fcf5 	udiv	ip, r4, r5
10001eae:	42ac      	cmp	r4, r5
10001eb0:	d31b      	bcc.n	10001eea <_ntoa_long+0x74>
10001eb2:	2f1f      	cmp	r7, #31
10001eb4:	d819      	bhi.n	10001eea <_ntoa_long+0x74>
10001eb6:	46be      	mov	lr, r7
10001eb8:	4664      	mov	r4, ip
10001eba:	fbb4 fcf5 	udiv	ip, r4, r5
10001ebe:	fb05 4c1c 	mls	ip, r5, ip, r4
10001ec2:	fa5f fc8c 	uxtb.w	ip, ip
10001ec6:	f1bc 0f09 	cmp.w	ip, #9
10001eca:	d9e3      	bls.n	10001e94 <_ntoa_long+0x1e>
10001ecc:	f016 0f20 	tst.w	r6, #32
10001ed0:	d008      	beq.n	10001ee4 <_ntoa_long+0x6e>
10001ed2:	2741      	movs	r7, #65	@ 0x41
10001ed4:	44bc      	add	ip, r7
10001ed6:	fa5f fc8c 	uxtb.w	ip, ip
10001eda:	f1ac 0c0a 	sub.w	ip, ip, #10
10001ede:	fa5f fc8c 	uxtb.w	ip, ip
10001ee2:	e7db      	b.n	10001e9c <_ntoa_long+0x26>
10001ee4:	2761      	movs	r7, #97	@ 0x61
10001ee6:	e7f5      	b.n	10001ed4 <_ntoa_long+0x5e>
10001ee8:	4627      	mov	r7, r4
10001eea:	9606      	str	r6, [sp, #24]
10001eec:	9c1a      	ldr	r4, [sp, #104]	@ 0x68
10001eee:	9405      	str	r4, [sp, #20]
10001ef0:	9c19      	ldr	r4, [sp, #100]	@ 0x64
10001ef2:	9404      	str	r4, [sp, #16]
10001ef4:	9503      	str	r5, [sp, #12]
10001ef6:	f89d 405c 	ldrb.w	r4, [sp, #92]	@ 0x5c
10001efa:	9402      	str	r4, [sp, #8]
10001efc:	9701      	str	r7, [sp, #4]
10001efe:	ac08      	add	r4, sp, #32
10001f00:	9400      	str	r4, [sp, #0]
10001f02:	f7ff ff1d 	bl	10001d40 <_ntoa_format>
10001f06:	b011      	add	sp, #68	@ 0x44
10001f08:	bdf0      	pop	{r4, r5, r6, r7, pc}

10001f0a <_ntoa_long_long>:
10001f0a:	e92d 4ff0 	stmdb	sp!, {r4, r5, r6, r7, r8, r9, sl, fp, lr}
10001f0e:	b095      	sub	sp, #84	@ 0x54
10001f10:	9009      	str	r0, [sp, #36]	@ 0x24
10001f12:	910a      	str	r1, [sp, #40]	@ 0x28
10001f14:	920b      	str	r2, [sp, #44]	@ 0x2c
10001f16:	4698      	mov	r8, r3
10001f18:	f8dd b078 	ldr.w	fp, [sp, #120]	@ 0x78
10001f1c:	f8dd 907c 	ldr.w	r9, [sp, #124]	@ 0x7c
10001f20:	9d22      	ldr	r5, [sp, #136]	@ 0x88
10001f22:	9f23      	ldr	r7, [sp, #140]	@ 0x8c
10001f24:	9e26      	ldr	r6, [sp, #152]	@ 0x98
10001f26:	ea5b 0209 	orrs.w	r2, fp, r9
10001f2a:	d101      	bne.n	10001f30 <_ntoa_long_long+0x26>
10001f2c:	f026 0610 	bic.w	r6, r6, #16
10001f30:	f416 6480 	ands.w	r4, r6, #1024	@ 0x400
10001f34:	d01e      	beq.n	10001f74 <_ntoa_long_long+0x6a>
10001f36:	ea5b 0209 	orrs.w	r2, fp, r9
10001f3a:	d02f      	beq.n	10001f9c <_ntoa_long_long+0x92>
10001f3c:	2400      	movs	r4, #0
10001f3e:	e019      	b.n	10001f74 <_ntoa_long_long+0x6a>
10001f40:	3230      	adds	r2, #48	@ 0x30
10001f42:	b2d3      	uxtb	r3, r2
10001f44:	f104 0a01 	add.w	sl, r4, #1
10001f48:	f104 0250 	add.w	r2, r4, #80	@ 0x50
10001f4c:	eb0d 0402 	add.w	r4, sp, r2
10001f50:	f804 3c20 	strb.w	r3, [r4, #-32]
10001f54:	462a      	mov	r2, r5
10001f56:	463b      	mov	r3, r7
10001f58:	4658      	mov	r0, fp
10001f5a:	4649      	mov	r1, r9
10001f5c:	f004 f990 	bl	10006280 <____aeabi_uldivmod_veneer>
10001f60:	45ab      	cmp	fp, r5
10001f62:	eb79 0907 	sbcs.w	r9, r9, r7
10001f66:	d31b      	bcc.n	10001fa0 <_ntoa_long_long+0x96>
10001f68:	f1ba 0f1f 	cmp.w	sl, #31
10001f6c:	d818      	bhi.n	10001fa0 <_ntoa_long_long+0x96>
10001f6e:	4654      	mov	r4, sl
10001f70:	4683      	mov	fp, r0
10001f72:	4689      	mov	r9, r1
10001f74:	462a      	mov	r2, r5
10001f76:	463b      	mov	r3, r7
10001f78:	4658      	mov	r0, fp
10001f7a:	4649      	mov	r1, r9
10001f7c:	f004 f980 	bl	10006280 <____aeabi_uldivmod_veneer>
10001f80:	b2d2      	uxtb	r2, r2
10001f82:	2a09      	cmp	r2, #9
10001f84:	d9dc      	bls.n	10001f40 <_ntoa_long_long+0x36>
10001f86:	f016 0f20 	tst.w	r6, #32
10001f8a:	d005      	beq.n	10001f98 <_ntoa_long_long+0x8e>
10001f8c:	2341      	movs	r3, #65	@ 0x41
10001f8e:	4413      	add	r3, r2
10001f90:	b2db      	uxtb	r3, r3
10001f92:	3b0a      	subs	r3, #10
10001f94:	b2db      	uxtb	r3, r3
10001f96:	e7d5      	b.n	10001f44 <_ntoa_long_long+0x3a>
10001f98:	2361      	movs	r3, #97	@ 0x61
10001f9a:	e7f8      	b.n	10001f8e <_ntoa_long_long+0x84>
10001f9c:	f04f 0a00 	mov.w	sl, #0
10001fa0:	9606      	str	r6, [sp, #24]
10001fa2:	9b25      	ldr	r3, [sp, #148]	@ 0x94
10001fa4:	9305      	str	r3, [sp, #20]
10001fa6:	9b24      	ldr	r3, [sp, #144]	@ 0x90
10001fa8:	9304      	str	r3, [sp, #16]
10001faa:	9503      	str	r5, [sp, #12]
10001fac:	f89d 3080 	ldrb.w	r3, [sp, #128]	@ 0x80
10001fb0:	9302      	str	r3, [sp, #8]
10001fb2:	f8cd a004 	str.w	sl, [sp, #4]
10001fb6:	ab0c      	add	r3, sp, #48	@ 0x30
10001fb8:	9300      	str	r3, [sp, #0]
10001fba:	4643      	mov	r3, r8
10001fbc:	9a0b      	ldr	r2, [sp, #44]	@ 0x2c
10001fbe:	990a      	ldr	r1, [sp, #40]	@ 0x28
10001fc0:	9809      	ldr	r0, [sp, #36]	@ 0x24
10001fc2:	f7ff febd 	bl	10001d40 <_ntoa_format>
10001fc6:	b015      	add	sp, #84	@ 0x54
10001fc8:	e8bd 8ff0 	ldmia.w	sp!, {r4, r5, r6, r7, r8, r9, sl, fp, pc}
10001fcc:	0000      	movs	r0, r0
	...

10001fd0 <_etoa>:
10001fd0:	e92d 4ff0 	stmdb	sp!, {r4, r5, r6, r7, r8, r9, sl, fp, lr}
10001fd4:	b091      	sub	sp, #68	@ 0x44
10001fd6:	4604      	mov	r4, r0
10001fd8:	460d      	mov	r5, r1
10001fda:	4617      	mov	r7, r2
10001fdc:	461e      	mov	r6, r3
10001fde:	e9dd 231a 	ldrd	r2, r3, [sp, #104]	@ 0x68
10001fe2:	4610      	mov	r0, r2
10001fe4:	4619      	mov	r1, r3
10001fe6:	f7ff fdf3 	bl	10001bd0 <__wrap___aeabi_dcmpun>
10001fea:	2800      	cmp	r0, #0
10001fec:	f040 80ed 	bne.w	100021ca <_etoa+0x1fa>
10001ff0:	f04f 32ff 	mov.w	r2, #4294967295	@ 0xffffffff
10001ff4:	4bae      	ldr	r3, [pc, #696]	@ (100022b0 <_etoa+0x2e0>)
10001ff6:	e9dd 011a 	ldrd	r0, r1, [sp, #104]	@ 0x68
10001ffa:	f7ff fe37 	bl	10001c6c <__wrap___aeabi_dcmpgt>
10001ffe:	2800      	cmp	r0, #0
10002000:	f040 80e3 	bne.w	100021ca <_etoa+0x1fa>
10002004:	f04f 32ff 	mov.w	r2, #4294967295	@ 0xffffffff
10002008:	f46f 1380 	mvn.w	r3, #1048576	@ 0x100000
1000200c:	e9dd 011a 	ldrd	r0, r1, [sp, #104]	@ 0x68
10002010:	f7ff fdf0 	bl	10001bf4 <__wrap___aeabi_dcmplt>
10002014:	2800      	cmp	r0, #0
10002016:	f040 80d8 	bne.w	100021ca <_etoa+0x1fa>
1000201a:	2200      	movs	r2, #0
1000201c:	2300      	movs	r3, #0
1000201e:	e9dd 011a 	ldrd	r0, r1, [sp, #104]	@ 0x68
10002022:	f7ff fde7 	bl	10001bf4 <__wrap___aeabi_dcmplt>
10002026:	2800      	cmp	r0, #0
10002028:	f040 80e2 	bne.w	100021f0 <_etoa+0x220>
1000202c:	ed9d 7b1a 	vldr	d7, [sp, #104]	@ 0x68
10002030:	ed8d 7b06 	vstr	d7, [sp, #24]
10002034:	9b1e      	ldr	r3, [sp, #120]	@ 0x78
10002036:	f413 6380 	ands.w	r3, r3, #1024	@ 0x400
1000203a:	930d      	str	r3, [sp, #52]	@ 0x34
1000203c:	d101      	bne.n	10002042 <_etoa+0x72>
1000203e:	2306      	movs	r3, #6
10002040:	931c      	str	r3, [sp, #112]	@ 0x70
10002042:	e9dd 2306 	ldrd	r2, r3, [sp, #24]
10002046:	4610      	mov	r0, r2
10002048:	4619      	mov	r1, r3
1000204a:	e9cd 0108 	strd	r0, r1, [sp, #32]
1000204e:	ea52 0103 	orrs.w	r1, r2, r3
10002052:	f000 80d8 	beq.w	10002206 <_etoa+0x236>
10002056:	f3c3 500a 	ubfx	r0, r3, #20, #11
1000205a:	f3c3 0313 	ubfx	r3, r3, #0, #20
1000205e:	4690      	mov	r8, r2
10002060:	f043 597f 	orr.w	r9, r3, #1069547520	@ 0x3fc00000
10002064:	f449 1940 	orr.w	r9, r9, #3145728	@ 0x300000
10002068:	f2a0 30ff 	subw	r0, r0, #1023	@ 0x3ff
1000206c:	f7ff fd68 	bl	10001b40 <__wrap___aeabi_i2d>
10002070:	a37d      	add	r3, pc, #500	@ (adr r3, 10002268 <_etoa+0x298>)
10002072:	e9d3 2300 	ldrd	r2, r3, [r3]
10002076:	f7ff fcef 	bl	10001a58 <__wrap___aeabi_dmul>
1000207a:	a37d      	add	r3, pc, #500	@ (adr r3, 10002270 <_etoa+0x2a0>)
1000207c:	e9d3 2300 	ldrd	r2, r3, [r3]
10002080:	f7ff fcc2 	bl	10001a08 <__wrap___aeabi_dadd>
10002084:	4682      	mov	sl, r0
10002086:	468b      	mov	fp, r1
10002088:	2200      	movs	r2, #0
1000208a:	4b8a      	ldr	r3, [pc, #552]	@ (100022b4 <_etoa+0x2e4>)
1000208c:	4640      	mov	r0, r8
1000208e:	4649      	mov	r1, r9
10002090:	f7ff fcce 	bl	10001a30 <__wrap___aeabi_dsub>
10002094:	a378      	add	r3, pc, #480	@ (adr r3, 10002278 <_etoa+0x2a8>)
10002096:	e9d3 2300 	ldrd	r2, r3, [r3]
1000209a:	f7ff fcdd 	bl	10001a58 <__wrap___aeabi_dmul>
1000209e:	4602      	mov	r2, r0
100020a0:	460b      	mov	r3, r1
100020a2:	4650      	mov	r0, sl
100020a4:	4659      	mov	r1, fp
100020a6:	f7ff fcaf 	bl	10001a08 <__wrap___aeabi_dadd>
100020aa:	f7ff fd6d 	bl	10001b88 <__wrap___aeabi_d2iz>
100020ae:	4682      	mov	sl, r0
100020b0:	f7ff fd46 	bl	10001b40 <__wrap___aeabi_i2d>
100020b4:	4680      	mov	r8, r0
100020b6:	4689      	mov	r9, r1
100020b8:	a371      	add	r3, pc, #452	@ (adr r3, 10002280 <_etoa+0x2b0>)
100020ba:	e9d3 2300 	ldrd	r2, r3, [r3]
100020be:	f7ff fccb 	bl	10001a58 <__wrap___aeabi_dmul>
100020c2:	2200      	movs	r2, #0
100020c4:	4b7c      	ldr	r3, [pc, #496]	@ (100022b8 <_etoa+0x2e8>)
100020c6:	f7ff fc9f 	bl	10001a08 <__wrap___aeabi_dadd>
100020ca:	f7ff fd5d 	bl	10001b88 <__wrap___aeabi_d2iz>
100020ce:	4683      	mov	fp, r0
100020d0:	a36d      	add	r3, pc, #436	@ (adr r3, 10002288 <_etoa+0x2b8>)
100020d2:	e9d3 2300 	ldrd	r2, r3, [r3]
100020d6:	4640      	mov	r0, r8
100020d8:	4649      	mov	r1, r9
100020da:	f7ff fcbd 	bl	10001a58 <__wrap___aeabi_dmul>
100020de:	4680      	mov	r8, r0
100020e0:	4689      	mov	r9, r1
100020e2:	4658      	mov	r0, fp
100020e4:	f7ff fd2c 	bl	10001b40 <__wrap___aeabi_i2d>
100020e8:	a369      	add	r3, pc, #420	@ (adr r3, 10002290 <_etoa+0x2c0>)
100020ea:	e9d3 2300 	ldrd	r2, r3, [r3]
100020ee:	f7ff fcb3 	bl	10001a58 <__wrap___aeabi_dmul>
100020f2:	4602      	mov	r2, r0
100020f4:	460b      	mov	r3, r1
100020f6:	4640      	mov	r0, r8
100020f8:	4649      	mov	r1, r9
100020fa:	f7ff fc99 	bl	10001a30 <__wrap___aeabi_dsub>
100020fe:	4680      	mov	r8, r0
10002100:	4689      	mov	r9, r1
10002102:	4602      	mov	r2, r0
10002104:	460b      	mov	r3, r1
10002106:	f7ff fca7 	bl	10001a58 <__wrap___aeabi_dmul>
1000210a:	e9cd 010a 	strd	r0, r1, [sp, #40]	@ 0x28
1000210e:	f20b 3bff 	addw	fp, fp, #1023	@ 0x3ff
10002112:	2100      	movs	r1, #0
10002114:	2200      	movs	r2, #0
10002116:	e9cd 1208 	strd	r1, r2, [sp, #32]
1000211a:	ea4f 530b 	mov.w	r3, fp, lsl #20
1000211e:	9309      	str	r3, [sp, #36]	@ 0x24
10002120:	2300      	movs	r3, #0
10002122:	9308      	str	r3, [sp, #32]
10002124:	4642      	mov	r2, r8
10002126:	464b      	mov	r3, r9
10002128:	4640      	mov	r0, r8
1000212a:	4649      	mov	r1, r9
1000212c:	f7ff fc6c 	bl	10001a08 <__wrap___aeabi_dadd>
10002130:	e9cd 010e 	strd	r0, r1, [sp, #56]	@ 0x38
10002134:	4642      	mov	r2, r8
10002136:	464b      	mov	r3, r9
10002138:	2000      	movs	r0, #0
1000213a:	f04f 4180 	mov.w	r1, #1073741824	@ 0x40000000
1000213e:	f7ff fc77 	bl	10001a30 <__wrap___aeabi_dsub>
10002142:	4680      	mov	r8, r0
10002144:	4689      	mov	r9, r1
10002146:	2200      	movs	r2, #0
10002148:	4b5c      	ldr	r3, [pc, #368]	@ (100022bc <_etoa+0x2ec>)
1000214a:	e9dd 010a 	ldrd	r0, r1, [sp, #40]	@ 0x28
1000214e:	f7ff fca9 	bl	10001aa4 <__wrap___aeabi_ddiv>
10002152:	2200      	movs	r2, #0
10002154:	4b5a      	ldr	r3, [pc, #360]	@ (100022c0 <_etoa+0x2f0>)
10002156:	f7ff fc57 	bl	10001a08 <__wrap___aeabi_dadd>
1000215a:	4602      	mov	r2, r0
1000215c:	460b      	mov	r3, r1
1000215e:	e9dd 010a 	ldrd	r0, r1, [sp, #40]	@ 0x28
10002162:	f7ff fc9f 	bl	10001aa4 <__wrap___aeabi_ddiv>
10002166:	2200      	movs	r2, #0
10002168:	4b56      	ldr	r3, [pc, #344]	@ (100022c4 <_etoa+0x2f4>)
1000216a:	f7ff fc4d 	bl	10001a08 <__wrap___aeabi_dadd>
1000216e:	4602      	mov	r2, r0
10002170:	460b      	mov	r3, r1
10002172:	e9dd 010a 	ldrd	r0, r1, [sp, #40]	@ 0x28
10002176:	f7ff fc95 	bl	10001aa4 <__wrap___aeabi_ddiv>
1000217a:	4602      	mov	r2, r0
1000217c:	460b      	mov	r3, r1
1000217e:	4640      	mov	r0, r8
10002180:	4649      	mov	r1, r9
10002182:	f7ff fc41 	bl	10001a08 <__wrap___aeabi_dadd>
10002186:	4602      	mov	r2, r0
10002188:	460b      	mov	r3, r1
1000218a:	e9dd 010e 	ldrd	r0, r1, [sp, #56]	@ 0x38
1000218e:	f7ff fc89 	bl	10001aa4 <__wrap___aeabi_ddiv>
10002192:	2200      	movs	r2, #0
10002194:	4b4c      	ldr	r3, [pc, #304]	@ (100022c8 <_etoa+0x2f8>)
10002196:	f7ff fc37 	bl	10001a08 <__wrap___aeabi_dadd>
1000219a:	e9dd 2308 	ldrd	r2, r3, [sp, #32]
1000219e:	f7ff fc5b 	bl	10001a58 <__wrap___aeabi_dmul>
100021a2:	4680      	mov	r8, r0
100021a4:	4689      	mov	r9, r1
100021a6:	e9cd 8908 	strd	r8, r9, [sp, #32]
100021aa:	e9dd 2306 	ldrd	r2, r3, [sp, #24]
100021ae:	f7ff fd5d 	bl	10001c6c <__wrap___aeabi_dcmpgt>
100021b2:	b350      	cbz	r0, 1000220a <_etoa+0x23a>
100021b4:	f10a 3aff 	add.w	sl, sl, #4294967295	@ 0xffffffff
100021b8:	2200      	movs	r2, #0
100021ba:	4b41      	ldr	r3, [pc, #260]	@ (100022c0 <_etoa+0x2f0>)
100021bc:	4640      	mov	r0, r8
100021be:	4649      	mov	r1, r9
100021c0:	f7ff fc70 	bl	10001aa4 <__wrap___aeabi_ddiv>
100021c4:	e9cd 0108 	strd	r0, r1, [sp, #32]
100021c8:	e01f      	b.n	1000220a <_etoa+0x23a>
100021ca:	9b1e      	ldr	r3, [sp, #120]	@ 0x78
100021cc:	9304      	str	r3, [sp, #16]
100021ce:	9b1d      	ldr	r3, [sp, #116]	@ 0x74
100021d0:	9303      	str	r3, [sp, #12]
100021d2:	9b1c      	ldr	r3, [sp, #112]	@ 0x70
100021d4:	9302      	str	r3, [sp, #8]
100021d6:	ed9d 7b1a 	vldr	d7, [sp, #104]	@ 0x68
100021da:	ed8d 7b00 	vstr	d7, [sp]
100021de:	4633      	mov	r3, r6
100021e0:	463a      	mov	r2, r7
100021e2:	4629      	mov	r1, r5
100021e4:	4620      	mov	r0, r4
100021e6:	f000 f903 	bl	100023f0 <_ftoa>
100021ea:	b011      	add	sp, #68	@ 0x44
100021ec:	e8bd 8ff0 	ldmia.w	sp!, {r4, r5, r6, r7, r8, r9, sl, fp, pc}
100021f0:	ed9f 7b29 	vldr	d7, [pc, #164]	@ 10002298 <_etoa+0x2c8>
100021f4:	ed8d 7b06 	vstr	d7, [sp, #24]
100021f8:	9b1a      	ldr	r3, [sp, #104]	@ 0x68
100021fa:	9306      	str	r3, [sp, #24]
100021fc:	9b1b      	ldr	r3, [sp, #108]	@ 0x6c
100021fe:	f103 4300 	add.w	r3, r3, #2147483648	@ 0x80000000
10002202:	9307      	str	r3, [sp, #28]
10002204:	e716      	b.n	10002034 <_etoa+0x64>
10002206:	f04f 0a00 	mov.w	sl, #0
1000220a:	f10a 0363 	add.w	r3, sl, #99	@ 0x63
1000220e:	2bc6      	cmp	r3, #198	@ 0xc6
10002210:	d827      	bhi.n	10002262 <_etoa+0x292>
10002212:	f04f 0804 	mov.w	r8, #4
10002216:	9b1e      	ldr	r3, [sp, #120]	@ 0x78
10002218:	f413 6f00 	tst.w	r3, #2048	@ 0x800
1000221c:	d05f      	beq.n	100022de <_etoa+0x30e>
1000221e:	e9dd 1208 	ldrd	r1, r2, [sp, #32]
10002222:	4613      	mov	r3, r2
10002224:	430b      	orrs	r3, r1
10002226:	d013      	beq.n	10002250 <_etoa+0x280>
10002228:	a31d      	add	r3, pc, #116	@ (adr r3, 100022a0 <_etoa+0x2d0>)
1000222a:	e9d3 2300 	ldrd	r2, r3, [r3]
1000222e:	e9dd 0106 	ldrd	r0, r1, [sp, #24]
10002232:	f7ff fd07 	bl	10001c44 <__wrap___aeabi_dcmpge>
10002236:	2800      	cmp	r0, #0
10002238:	f000 80b4 	beq.w	100023a4 <_etoa+0x3d4>
1000223c:	a31a      	add	r3, pc, #104	@ (adr r3, 100022a8 <_etoa+0x2d8>)
1000223e:	e9d3 2300 	ldrd	r2, r3, [r3]
10002242:	e9dd 0106 	ldrd	r0, r1, [sp, #24]
10002246:	f7ff fcd5 	bl	10001bf4 <__wrap___aeabi_dcmplt>
1000224a:	2800      	cmp	r0, #0
1000224c:	f000 80aa 	beq.w	100023a4 <_etoa+0x3d4>
10002250:	9b1c      	ldr	r3, [sp, #112]	@ 0x70
10002252:	4553      	cmp	r3, sl
10002254:	dd3a      	ble.n	100022cc <_etoa+0x2fc>
10002256:	eba3 0a0a 	sub.w	sl, r3, sl
1000225a:	f10a 33ff 	add.w	r3, sl, #4294967295	@ 0xffffffff
1000225e:	931c      	str	r3, [sp, #112]	@ 0x70
10002260:	e036      	b.n	100022d0 <_etoa+0x300>
10002262:	f04f 0805 	mov.w	r8, #5
10002266:	e7d6      	b.n	10002216 <_etoa+0x246>
10002268:	509f79fb 	.word	0x509f79fb
1000226c:	3fd34413 	.word	0x3fd34413
10002270:	8b60c8b3 	.word	0x8b60c8b3
10002274:	3fc68a28 	.word	0x3fc68a28
10002278:	636f4361 	.word	0x636f4361
1000227c:	3fd287a7 	.word	0x3fd287a7
10002280:	0979a371 	.word	0x0979a371
10002284:	400a934f 	.word	0x400a934f
10002288:	bbb55516 	.word	0xbbb55516
1000228c:	40026bb1 	.word	0x40026bb1
10002290:	fefa39ef 	.word	0xfefa39ef
10002294:	3fe62e42 	.word	0x3fe62e42
	...
100022a0:	eb1c432d 	.word	0xeb1c432d
100022a4:	3f1a36e2 	.word	0x3f1a36e2
100022a8:	00000000 	.word	0x00000000
100022ac:	412e8480 	.word	0x412e8480
100022b0:	7fefffff 	.word	0x7fefffff
100022b4:	3ff80000 	.word	0x3ff80000
100022b8:	3fe00000 	.word	0x3fe00000
100022bc:	402c0000 	.word	0x402c0000
100022c0:	40240000 	.word	0x40240000
100022c4:	40180000 	.word	0x40180000
100022c8:	3ff00000 	.word	0x3ff00000
100022cc:	2300      	movs	r3, #0
100022ce:	931c      	str	r3, [sp, #112]	@ 0x70
100022d0:	9b1e      	ldr	r3, [sp, #120]	@ 0x78
100022d2:	f443 6380 	orr.w	r3, r3, #1024	@ 0x400
100022d6:	931e      	str	r3, [sp, #120]	@ 0x78
100022d8:	f04f 0800 	mov.w	r8, #0
100022dc:	46c2      	mov	sl, r8
100022de:	9b1d      	ldr	r3, [sp, #116]	@ 0x74
100022e0:	4598      	cmp	r8, r3
100022e2:	d269      	bcs.n	100023b8 <_etoa+0x3e8>
100022e4:	eba3 0908 	sub.w	r9, r3, r8
100022e8:	9b1e      	ldr	r3, [sp, #120]	@ 0x78
100022ea:	f013 0b02 	ands.w	fp, r3, #2
100022ee:	d004      	beq.n	100022fa <_etoa+0x32a>
100022f0:	f1b8 0f00 	cmp.w	r8, #0
100022f4:	d001      	beq.n	100022fa <_etoa+0x32a>
100022f6:	f04f 0900 	mov.w	r9, #0
100022fa:	f1ba 0f00 	cmp.w	sl, #0
100022fe:	d007      	beq.n	10002310 <_etoa+0x340>
10002300:	e9dd 2308 	ldrd	r2, r3, [sp, #32]
10002304:	e9dd 0106 	ldrd	r0, r1, [sp, #24]
10002308:	f7ff fbcc 	bl	10001aa4 <__wrap___aeabi_ddiv>
1000230c:	e9cd 0106 	strd	r0, r1, [sp, #24]
10002310:	2200      	movs	r2, #0
10002312:	2300      	movs	r3, #0
10002314:	e9dd 011a 	ldrd	r0, r1, [sp, #104]	@ 0x68
10002318:	f7ff fc6c 	bl	10001bf4 <__wrap___aeabi_dcmplt>
1000231c:	2800      	cmp	r0, #0
1000231e:	d14e      	bne.n	100023be <_etoa+0x3ee>
10002320:	9b1e      	ldr	r3, [sp, #120]	@ 0x78
10002322:	f423 6300 	bic.w	r3, r3, #2048	@ 0x800
10002326:	9304      	str	r3, [sp, #16]
10002328:	f8cd 900c 	str.w	r9, [sp, #12]
1000232c:	9b1c      	ldr	r3, [sp, #112]	@ 0x70
1000232e:	9302      	str	r3, [sp, #8]
10002330:	ed9d 7b06 	vldr	d7, [sp, #24]
10002334:	ed8d 7b00 	vstr	d7, [sp]
10002338:	4633      	mov	r3, r6
1000233a:	463a      	mov	r2, r7
1000233c:	4629      	mov	r1, r5
1000233e:	4620      	mov	r0, r4
10002340:	f000 f856 	bl	100023f0 <_ftoa>
10002344:	f1b8 0f00 	cmp.w	r8, #0
10002348:	f43f af4f 	beq.w	100021ea <_etoa+0x21a>
1000234c:	9b1e      	ldr	r3, [sp, #120]	@ 0x78
1000234e:	f013 0f20 	tst.w	r3, #32
10002352:	d03c      	beq.n	100023ce <_etoa+0x3fe>
10002354:	f04f 0c45 	mov.w	ip, #69	@ 0x45
10002358:	f100 0901 	add.w	r9, r0, #1
1000235c:	4633      	mov	r3, r6
1000235e:	4602      	mov	r2, r0
10002360:	4629      	mov	r1, r5
10002362:	4660      	mov	r0, ip
10002364:	47a0      	blx	r4
10002366:	ea8a 72ea 	eor.w	r2, sl, sl, asr #31
1000236a:	eba2 72ea 	sub.w	r2, r2, sl, asr #31
1000236e:	2305      	movs	r3, #5
10002370:	9305      	str	r3, [sp, #20]
10002372:	f108 33ff 	add.w	r3, r8, #4294967295	@ 0xffffffff
10002376:	9304      	str	r3, [sp, #16]
10002378:	2300      	movs	r3, #0
1000237a:	9303      	str	r3, [sp, #12]
1000237c:	230a      	movs	r3, #10
1000237e:	9302      	str	r3, [sp, #8]
10002380:	ea4f 73da 	mov.w	r3, sl, lsr #31
10002384:	9301      	str	r3, [sp, #4]
10002386:	9200      	str	r2, [sp, #0]
10002388:	4633      	mov	r3, r6
1000238a:	464a      	mov	r2, r9
1000238c:	4629      	mov	r1, r5
1000238e:	4620      	mov	r0, r4
10002390:	f7ff fd71 	bl	10001e76 <_ntoa_long>
10002394:	f1bb 0f00 	cmp.w	fp, #0
10002398:	f43f af27 	beq.w	100021ea <_etoa+0x21a>
1000239c:	4602      	mov	r2, r0
1000239e:	f8dd 9074 	ldr.w	r9, [sp, #116]	@ 0x74
100023a2:	e01e      	b.n	100023e2 <_etoa+0x412>
100023a4:	9b1c      	ldr	r3, [sp, #112]	@ 0x70
100023a6:	2b00      	cmp	r3, #0
100023a8:	d099      	beq.n	100022de <_etoa+0x30e>
100023aa:	9b0d      	ldr	r3, [sp, #52]	@ 0x34
100023ac:	2b00      	cmp	r3, #0
100023ae:	d096      	beq.n	100022de <_etoa+0x30e>
100023b0:	9b1c      	ldr	r3, [sp, #112]	@ 0x70
100023b2:	3b01      	subs	r3, #1
100023b4:	931c      	str	r3, [sp, #112]	@ 0x70
100023b6:	e792      	b.n	100022de <_etoa+0x30e>
100023b8:	f04f 0900 	mov.w	r9, #0
100023bc:	e794      	b.n	100022e8 <_etoa+0x318>
100023be:	e9dd 0106 	ldrd	r0, r1, [sp, #24]
100023c2:	4602      	mov	r2, r0
100023c4:	f101 4300 	add.w	r3, r1, #2147483648	@ 0x80000000
100023c8:	e9cd 2306 	strd	r2, r3, [sp, #24]
100023cc:	e7a8      	b.n	10002320 <_etoa+0x350>
100023ce:	f04f 0c65 	mov.w	ip, #101	@ 0x65
100023d2:	e7c1      	b.n	10002358 <_etoa+0x388>
100023d4:	f102 0801 	add.w	r8, r2, #1
100023d8:	4633      	mov	r3, r6
100023da:	4629      	mov	r1, r5
100023dc:	2020      	movs	r0, #32
100023de:	47a0      	blx	r4
100023e0:	4642      	mov	r2, r8
100023e2:	1bd3      	subs	r3, r2, r7
100023e4:	454b      	cmp	r3, r9
100023e6:	d3f5      	bcc.n	100023d4 <_etoa+0x404>
100023e8:	4610      	mov	r0, r2
100023ea:	e6fe      	b.n	100021ea <_etoa+0x21a>
100023ec:	0000      	movs	r0, r0
	...

100023f0 <_ftoa>:
100023f0:	e92d 4ff0 	stmdb	sp!, {r4, r5, r6, r7, r8, r9, sl, fp, lr}
100023f4:	ed2d 8b02 	vpush	{d8}
100023f8:	b095      	sub	sp, #84	@ 0x54
100023fa:	9007      	str	r0, [sp, #28]
100023fc:	910a      	str	r1, [sp, #40]	@ 0x28
100023fe:	4692      	mov	sl, r2
10002400:	469b      	mov	fp, r3
10002402:	e9dd 8920 	ldrd	r8, r9, [sp, #128]	@ 0x80
10002406:	9d22      	ldr	r5, [sp, #136]	@ 0x88
10002408:	4642      	mov	r2, r8
1000240a:	464b      	mov	r3, r9
1000240c:	4640      	mov	r0, r8
1000240e:	4649      	mov	r1, r9
10002410:	f7ff fbde 	bl	10001bd0 <__wrap___aeabi_dcmpun>
10002414:	2800      	cmp	r0, #0
10002416:	d135      	bne.n	10002484 <_ftoa+0x94>
10002418:	f04f 32ff 	mov.w	r2, #4294967295	@ 0xffffffff
1000241c:	f46f 1380 	mvn.w	r3, #1048576	@ 0x100000
10002420:	4640      	mov	r0, r8
10002422:	4649      	mov	r1, r9
10002424:	f7ff fbe6 	bl	10001bf4 <__wrap___aeabi_dcmplt>
10002428:	2800      	cmp	r0, #0
1000242a:	d13a      	bne.n	100024a2 <_ftoa+0xb2>
1000242c:	f04f 32ff 	mov.w	r2, #4294967295	@ 0xffffffff
10002430:	4b9f      	ldr	r3, [pc, #636]	@ (100026b0 <_ftoa+0x2c0>)
10002432:	4640      	mov	r0, r8
10002434:	4649      	mov	r1, r9
10002436:	f7ff fc19 	bl	10001c6c <__wrap___aeabi_dcmpgt>
1000243a:	2800      	cmp	r0, #0
1000243c:	d140      	bne.n	100024c0 <_ftoa+0xd0>
1000243e:	a398      	add	r3, pc, #608	@ (adr r3, 100026a0 <_ftoa+0x2b0>)
10002440:	e9d3 2300 	ldrd	r2, r3, [r3]
10002444:	4640      	mov	r0, r8
10002446:	4649      	mov	r1, r9
10002448:	f7ff fc10 	bl	10001c6c <__wrap___aeabi_dcmpgt>
1000244c:	2800      	cmp	r0, #0
1000244e:	d14f      	bne.n	100024f0 <_ftoa+0x100>
10002450:	a395      	add	r3, pc, #596	@ (adr r3, 100026a8 <_ftoa+0x2b8>)
10002452:	e9d3 2300 	ldrd	r2, r3, [r3]
10002456:	4640      	mov	r0, r8
10002458:	4649      	mov	r1, r9
1000245a:	f7ff fbcb 	bl	10001bf4 <__wrap___aeabi_dcmplt>
1000245e:	2800      	cmp	r0, #0
10002460:	d146      	bne.n	100024f0 <_ftoa+0x100>
10002462:	2200      	movs	r2, #0
10002464:	2300      	movs	r3, #0
10002466:	4640      	mov	r0, r8
10002468:	4649      	mov	r1, r9
1000246a:	f7ff fbc3 	bl	10001bf4 <__wrap___aeabi_dcmplt>
1000246e:	2800      	cmp	r0, #0
10002470:	d14c      	bne.n	1000250c <_ftoa+0x11c>
10002472:	2300      	movs	r3, #0
10002474:	930b      	str	r3, [sp, #44]	@ 0x2c
10002476:	9b24      	ldr	r3, [sp, #144]	@ 0x90
10002478:	f413 6f80 	tst.w	r3, #1024	@ 0x400
1000247c:	f000 80b7 	beq.w	100025ee <_ftoa+0x1fe>
10002480:	2400      	movs	r4, #0
10002482:	e056      	b.n	10002532 <_ftoa+0x142>
10002484:	9b24      	ldr	r3, [sp, #144]	@ 0x90
10002486:	9303      	str	r3, [sp, #12]
10002488:	9b23      	ldr	r3, [sp, #140]	@ 0x8c
1000248a:	9302      	str	r3, [sp, #8]
1000248c:	2303      	movs	r3, #3
1000248e:	9301      	str	r3, [sp, #4]
10002490:	4b88      	ldr	r3, [pc, #544]	@ (100026b4 <_ftoa+0x2c4>)
10002492:	9300      	str	r3, [sp, #0]
10002494:	465b      	mov	r3, fp
10002496:	4652      	mov	r2, sl
10002498:	990a      	ldr	r1, [sp, #40]	@ 0x28
1000249a:	9807      	ldr	r0, [sp, #28]
1000249c:	f7ff fc11 	bl	10001cc2 <_out_rev>
100024a0:	e137      	b.n	10002712 <_ftoa+0x322>
100024a2:	9b24      	ldr	r3, [sp, #144]	@ 0x90
100024a4:	9303      	str	r3, [sp, #12]
100024a6:	9b23      	ldr	r3, [sp, #140]	@ 0x8c
100024a8:	9302      	str	r3, [sp, #8]
100024aa:	2304      	movs	r3, #4
100024ac:	9301      	str	r3, [sp, #4]
100024ae:	4b82      	ldr	r3, [pc, #520]	@ (100026b8 <_ftoa+0x2c8>)
100024b0:	9300      	str	r3, [sp, #0]
100024b2:	465b      	mov	r3, fp
100024b4:	4652      	mov	r2, sl
100024b6:	990a      	ldr	r1, [sp, #40]	@ 0x28
100024b8:	9807      	ldr	r0, [sp, #28]
100024ba:	f7ff fc02 	bl	10001cc2 <_out_rev>
100024be:	e128      	b.n	10002712 <_ftoa+0x322>
100024c0:	9b24      	ldr	r3, [sp, #144]	@ 0x90
100024c2:	f013 0304 	ands.w	r3, r3, #4
100024c6:	d00f      	beq.n	100024e8 <_ftoa+0xf8>
100024c8:	4a7c      	ldr	r2, [pc, #496]	@ (100026bc <_ftoa+0x2cc>)
100024ca:	b17b      	cbz	r3, 100024ec <_ftoa+0xfc>
100024cc:	2304      	movs	r3, #4
100024ce:	9924      	ldr	r1, [sp, #144]	@ 0x90
100024d0:	9103      	str	r1, [sp, #12]
100024d2:	9923      	ldr	r1, [sp, #140]	@ 0x8c
100024d4:	9102      	str	r1, [sp, #8]
100024d6:	9301      	str	r3, [sp, #4]
100024d8:	9200      	str	r2, [sp, #0]
100024da:	465b      	mov	r3, fp
100024dc:	4652      	mov	r2, sl
100024de:	990a      	ldr	r1, [sp, #40]	@ 0x28
100024e0:	9807      	ldr	r0, [sp, #28]
100024e2:	f7ff fbee 	bl	10001cc2 <_out_rev>
100024e6:	e114      	b.n	10002712 <_ftoa+0x322>
100024e8:	4a75      	ldr	r2, [pc, #468]	@ (100026c0 <_ftoa+0x2d0>)
100024ea:	e7ee      	b.n	100024ca <_ftoa+0xda>
100024ec:	2303      	movs	r3, #3
100024ee:	e7ee      	b.n	100024ce <_ftoa+0xde>
100024f0:	9b24      	ldr	r3, [sp, #144]	@ 0x90
100024f2:	9304      	str	r3, [sp, #16]
100024f4:	9b23      	ldr	r3, [sp, #140]	@ 0x8c
100024f6:	9303      	str	r3, [sp, #12]
100024f8:	9502      	str	r5, [sp, #8]
100024fa:	e9cd 8900 	strd	r8, r9, [sp]
100024fe:	465b      	mov	r3, fp
10002500:	4652      	mov	r2, sl
10002502:	990a      	ldr	r1, [sp, #40]	@ 0x28
10002504:	9807      	ldr	r0, [sp, #28]
10002506:	f7ff fd63 	bl	10001fd0 <_etoa>
1000250a:	e102      	b.n	10002712 <_ftoa+0x322>
1000250c:	4642      	mov	r2, r8
1000250e:	464b      	mov	r3, r9
10002510:	2000      	movs	r0, #0
10002512:	2100      	movs	r1, #0
10002514:	f7ff fa8c 	bl	10001a30 <__wrap___aeabi_dsub>
10002518:	4680      	mov	r8, r0
1000251a:	4689      	mov	r9, r1
1000251c:	2301      	movs	r3, #1
1000251e:	930b      	str	r3, [sp, #44]	@ 0x2c
10002520:	e7a9      	b.n	10002476 <_ftoa+0x86>
10002522:	f104 0350 	add.w	r3, r4, #80	@ 0x50
10002526:	446b      	add	r3, sp
10002528:	2230      	movs	r2, #48	@ 0x30
1000252a:	f803 2c20 	strb.w	r2, [r3, #-32]
1000252e:	3d01      	subs	r5, #1
10002530:	3401      	adds	r4, #1
10002532:	2c1f      	cmp	r4, #31
10002534:	d801      	bhi.n	1000253a <_ftoa+0x14a>
10002536:	2d09      	cmp	r5, #9
10002538:	d8f3      	bhi.n	10002522 <_ftoa+0x132>
1000253a:	4640      	mov	r0, r8
1000253c:	4649      	mov	r1, r9
1000253e:	f7ff fb23 	bl	10001b88 <__wrap___aeabi_d2iz>
10002542:	4606      	mov	r6, r0
10002544:	f7ff fafc 	bl	10001b40 <__wrap___aeabi_i2d>
10002548:	4602      	mov	r2, r0
1000254a:	460b      	mov	r3, r1
1000254c:	4640      	mov	r0, r8
1000254e:	4649      	mov	r1, r9
10002550:	f7ff fa6e 	bl	10001a30 <__wrap___aeabi_dsub>
10002554:	4b5b      	ldr	r3, [pc, #364]	@ (100026c4 <_ftoa+0x2d4>)
10002556:	eb03 03c5 	add.w	r3, r3, r5, lsl #3
1000255a:	ed93 8b00 	vldr	d8, [r3]
1000255e:	ec53 2b18 	vmov	r2, r3, d8
10002562:	f7ff fa79 	bl	10001a58 <__wrap___aeabi_dmul>
10002566:	4602      	mov	r2, r0
10002568:	460b      	mov	r3, r1
1000256a:	e9cd 2308 	strd	r2, r3, [sp, #32]
1000256e:	f7ff fb1d 	bl	10001bac <__wrap___aeabi_d2uiz>
10002572:	4607      	mov	r7, r0
10002574:	f7ff faf6 	bl	10001b64 <__wrap___aeabi_ui2d>
10002578:	4602      	mov	r2, r0
1000257a:	460b      	mov	r3, r1
1000257c:	e9dd 0108 	ldrd	r0, r1, [sp, #32]
10002580:	f7ff fa56 	bl	10001a30 <__wrap___aeabi_dsub>
10002584:	4602      	mov	r2, r0
10002586:	460b      	mov	r3, r1
10002588:	e9cd 2308 	strd	r2, r3, [sp, #32]
1000258c:	2200      	movs	r2, #0
1000258e:	4b4e      	ldr	r3, [pc, #312]	@ (100026c8 <_ftoa+0x2d8>)
10002590:	f7ff fb6c 	bl	10001c6c <__wrap___aeabi_dcmpgt>
10002594:	b368      	cbz	r0, 100025f2 <_ftoa+0x202>
10002596:	3701      	adds	r7, #1
10002598:	4638      	mov	r0, r7
1000259a:	f7ff fae3 	bl	10001b64 <__wrap___aeabi_ui2d>
1000259e:	4602      	mov	r2, r0
100025a0:	460b      	mov	r3, r1
100025a2:	ec51 0b18 	vmov	r0, r1, d8
100025a6:	f7ff fb39 	bl	10001c1c <__wrap___aeabi_dcmple>
100025aa:	b108      	cbz	r0, 100025b0 <_ftoa+0x1c0>
100025ac:	3601      	adds	r6, #1
100025ae:	2700      	movs	r7, #0
100025b0:	bb6d      	cbnz	r5, 1000260e <_ftoa+0x21e>
100025b2:	4630      	mov	r0, r6
100025b4:	f7ff fac4 	bl	10001b40 <__wrap___aeabi_i2d>
100025b8:	4602      	mov	r2, r0
100025ba:	460b      	mov	r3, r1
100025bc:	4640      	mov	r0, r8
100025be:	4649      	mov	r1, r9
100025c0:	f7ff fa36 	bl	10001a30 <__wrap___aeabi_dsub>
100025c4:	4607      	mov	r7, r0
100025c6:	4688      	mov	r8, r1
100025c8:	2200      	movs	r2, #0
100025ca:	4b3f      	ldr	r3, [pc, #252]	@ (100026c8 <_ftoa+0x2d8>)
100025cc:	f7ff fb12 	bl	10001bf4 <__wrap___aeabi_dcmplt>
100025d0:	2800      	cmp	r0, #0
100025d2:	d14c      	bne.n	1000266e <_ftoa+0x27e>
100025d4:	2200      	movs	r2, #0
100025d6:	4b3c      	ldr	r3, [pc, #240]	@ (100026c8 <_ftoa+0x2d8>)
100025d8:	4638      	mov	r0, r7
100025da:	4641      	mov	r1, r8
100025dc:	f7ff fb46 	bl	10001c6c <__wrap___aeabi_dcmpgt>
100025e0:	2800      	cmp	r0, #0
100025e2:	d144      	bne.n	1000266e <_ftoa+0x27e>
100025e4:	f016 0f01 	tst.w	r6, #1
100025e8:	d041      	beq.n	1000266e <_ftoa+0x27e>
100025ea:	3601      	adds	r6, #1
100025ec:	e03f      	b.n	1000266e <_ftoa+0x27e>
100025ee:	2506      	movs	r5, #6
100025f0:	e746      	b.n	10002480 <_ftoa+0x90>
100025f2:	2200      	movs	r2, #0
100025f4:	4b34      	ldr	r3, [pc, #208]	@ (100026c8 <_ftoa+0x2d8>)
100025f6:	e9dd 0108 	ldrd	r0, r1, [sp, #32]
100025fa:	f7ff fafb 	bl	10001bf4 <__wrap___aeabi_dcmplt>
100025fe:	2800      	cmp	r0, #0
10002600:	d1d6      	bne.n	100025b0 <_ftoa+0x1c0>
10002602:	b117      	cbz	r7, 1000260a <_ftoa+0x21a>
10002604:	f017 0f01 	tst.w	r7, #1
10002608:	d0d2      	beq.n	100025b0 <_ftoa+0x1c0>
1000260a:	3701      	adds	r7, #1
1000260c:	e7d0      	b.n	100025b0 <_ftoa+0x1c0>
1000260e:	2c1f      	cmp	r4, #31
10002610:	d817      	bhi.n	10002642 <_ftoa+0x252>
10002612:	3d01      	subs	r5, #1
10002614:	4b2d      	ldr	r3, [pc, #180]	@ (100026cc <_ftoa+0x2dc>)
10002616:	fba3 2307 	umull	r2, r3, r3, r7
1000261a:	08db      	lsrs	r3, r3, #3
1000261c:	4619      	mov	r1, r3
1000261e:	eb03 0383 	add.w	r3, r3, r3, lsl #2
10002622:	eba7 0343 	sub.w	r3, r7, r3, lsl #1
10002626:	1c62      	adds	r2, r4, #1
10002628:	3330      	adds	r3, #48	@ 0x30
1000262a:	f104 0050 	add.w	r0, r4, #80	@ 0x50
1000262e:	eb0d 0400 	add.w	r4, sp, r0
10002632:	f804 3c20 	strb.w	r3, [r4, #-32]
10002636:	2f09      	cmp	r7, #9
10002638:	d902      	bls.n	10002640 <_ftoa+0x250>
1000263a:	460f      	mov	r7, r1
1000263c:	4614      	mov	r4, r2
1000263e:	e7e6      	b.n	1000260e <_ftoa+0x21e>
10002640:	4614      	mov	r4, r2
10002642:	2c1f      	cmp	r4, #31
10002644:	d80a      	bhi.n	1000265c <_ftoa+0x26c>
10002646:	1e6b      	subs	r3, r5, #1
10002648:	b145      	cbz	r5, 1000265c <_ftoa+0x26c>
1000264a:	f104 0250 	add.w	r2, r4, #80	@ 0x50
1000264e:	446a      	add	r2, sp
10002650:	2130      	movs	r1, #48	@ 0x30
10002652:	f802 1c20 	strb.w	r1, [r2, #-32]
10002656:	461d      	mov	r5, r3
10002658:	3401      	adds	r4, #1
1000265a:	e7f2      	b.n	10002642 <_ftoa+0x252>
1000265c:	2c1f      	cmp	r4, #31
1000265e:	d806      	bhi.n	1000266e <_ftoa+0x27e>
10002660:	f104 0350 	add.w	r3, r4, #80	@ 0x50
10002664:	446b      	add	r3, sp
10002666:	222e      	movs	r2, #46	@ 0x2e
10002668:	f803 2c20 	strb.w	r2, [r3, #-32]
1000266c:	3401      	adds	r4, #1
1000266e:	2c1f      	cmp	r4, #31
10002670:	d831      	bhi.n	100026d6 <_ftoa+0x2e6>
10002672:	4a17      	ldr	r2, [pc, #92]	@ (100026d0 <_ftoa+0x2e0>)
10002674:	fb82 3206 	smull	r3, r2, r2, r6
10002678:	17f3      	asrs	r3, r6, #31
1000267a:	ebc3 03a2 	rsb	r3, r3, r2, asr #2
1000267e:	461a      	mov	r2, r3
10002680:	eb03 0383 	add.w	r3, r3, r3, lsl #2
10002684:	eba6 0343 	sub.w	r3, r6, r3, lsl #1
10002688:	1c61      	adds	r1, r4, #1
1000268a:	3330      	adds	r3, #48	@ 0x30
1000268c:	f104 0050 	add.w	r0, r4, #80	@ 0x50
10002690:	eb0d 0400 	add.w	r4, sp, r0
10002694:	f804 3c20 	strb.w	r3, [r4, #-32]
10002698:	4616      	mov	r6, r2
1000269a:	b1da      	cbz	r2, 100026d4 <_ftoa+0x2e4>
1000269c:	460c      	mov	r4, r1
1000269e:	e7e6      	b.n	1000266e <_ftoa+0x27e>
100026a0:	00000000 	.word	0x00000000
100026a4:	41cdcd65 	.word	0x41cdcd65
100026a8:	00000000 	.word	0x00000000
100026ac:	c1cdcd65 	.word	0xc1cdcd65
100026b0:	7fefffff 	.word	0x7fefffff
100026b4:	10006880 	.word	0x10006880
100026b8:	10006884 	.word	0x10006884
100026bc:	10006874 	.word	0x10006874
100026c0:	1000687c 	.word	0x1000687c
100026c4:	10006cf0 	.word	0x10006cf0
100026c8:	3fe00000 	.word	0x3fe00000
100026cc:	cccccccd 	.word	0xcccccccd
100026d0:	66666667 	.word	0x66666667
100026d4:	460c      	mov	r4, r1
100026d6:	9b24      	ldr	r3, [sp, #144]	@ 0x90
100026d8:	f003 0303 	and.w	r3, r3, #3
100026dc:	2b01      	cmp	r3, #1
100026de:	d01d      	beq.n	1000271c <_ftoa+0x32c>
100026e0:	2c1f      	cmp	r4, #31
100026e2:	d809      	bhi.n	100026f8 <_ftoa+0x308>
100026e4:	9b0b      	ldr	r3, [sp, #44]	@ 0x2c
100026e6:	2b00      	cmp	r3, #0
100026e8:	d035      	beq.n	10002756 <_ftoa+0x366>
100026ea:	f104 0350 	add.w	r3, r4, #80	@ 0x50
100026ee:	446b      	add	r3, sp
100026f0:	222d      	movs	r2, #45	@ 0x2d
100026f2:	f803 2c20 	strb.w	r2, [r3, #-32]
100026f6:	3401      	adds	r4, #1
100026f8:	9b24      	ldr	r3, [sp, #144]	@ 0x90
100026fa:	9303      	str	r3, [sp, #12]
100026fc:	9b23      	ldr	r3, [sp, #140]	@ 0x8c
100026fe:	9302      	str	r3, [sp, #8]
10002700:	9401      	str	r4, [sp, #4]
10002702:	ab0c      	add	r3, sp, #48	@ 0x30
10002704:	9300      	str	r3, [sp, #0]
10002706:	465b      	mov	r3, fp
10002708:	4652      	mov	r2, sl
1000270a:	990a      	ldr	r1, [sp, #40]	@ 0x28
1000270c:	9807      	ldr	r0, [sp, #28]
1000270e:	f7ff fad8 	bl	10001cc2 <_out_rev>
10002712:	b015      	add	sp, #84	@ 0x54
10002714:	ecbd 8b02 	vpop	{d8}
10002718:	e8bd 8ff0 	ldmia.w	sp!, {r4, r5, r6, r7, r8, r9, sl, fp, pc}
1000271c:	9b23      	ldr	r3, [sp, #140]	@ 0x8c
1000271e:	b1b3      	cbz	r3, 1000274e <_ftoa+0x35e>
10002720:	9b0b      	ldr	r3, [sp, #44]	@ 0x2c
10002722:	b91b      	cbnz	r3, 1000272c <_ftoa+0x33c>
10002724:	9b24      	ldr	r3, [sp, #144]	@ 0x90
10002726:	f013 0f0c 	tst.w	r3, #12
1000272a:	d012      	beq.n	10002752 <_ftoa+0x362>
1000272c:	9b23      	ldr	r3, [sp, #140]	@ 0x8c
1000272e:	3b01      	subs	r3, #1
10002730:	9323      	str	r3, [sp, #140]	@ 0x8c
10002732:	4619      	mov	r1, r3
10002734:	e006      	b.n	10002744 <_ftoa+0x354>
10002736:	f104 0350 	add.w	r3, r4, #80	@ 0x50
1000273a:	446b      	add	r3, sp
1000273c:	2230      	movs	r2, #48	@ 0x30
1000273e:	f803 2c20 	strb.w	r2, [r3, #-32]
10002742:	3401      	adds	r4, #1
10002744:	428c      	cmp	r4, r1
10002746:	d2cb      	bcs.n	100026e0 <_ftoa+0x2f0>
10002748:	2c1f      	cmp	r4, #31
1000274a:	d9f4      	bls.n	10002736 <_ftoa+0x346>
1000274c:	e7c8      	b.n	100026e0 <_ftoa+0x2f0>
1000274e:	9923      	ldr	r1, [sp, #140]	@ 0x8c
10002750:	e7f8      	b.n	10002744 <_ftoa+0x354>
10002752:	9923      	ldr	r1, [sp, #140]	@ 0x8c
10002754:	e7f6      	b.n	10002744 <_ftoa+0x354>
10002756:	9b24      	ldr	r3, [sp, #144]	@ 0x90
10002758:	f013 0f04 	tst.w	r3, #4
1000275c:	d007      	beq.n	1000276e <_ftoa+0x37e>
1000275e:	f104 0350 	add.w	r3, r4, #80	@ 0x50
10002762:	446b      	add	r3, sp
10002764:	222b      	movs	r2, #43	@ 0x2b
10002766:	f803 2c20 	strb.w	r2, [r3, #-32]
1000276a:	3401      	adds	r4, #1
1000276c:	e7c4      	b.n	100026f8 <_ftoa+0x308>
1000276e:	9b24      	ldr	r3, [sp, #144]	@ 0x90
10002770:	f013 0f08 	tst.w	r3, #8
10002774:	d0c0      	beq.n	100026f8 <_ftoa+0x308>
10002776:	f104 0350 	add.w	r3, r4, #80	@ 0x50
1000277a:	446b      	add	r3, sp
1000277c:	2220      	movs	r2, #32
1000277e:	f803 2c20 	strb.w	r2, [r3, #-32]
10002782:	3401      	adds	r4, #1
10002784:	e7b8      	b.n	100026f8 <_ftoa+0x308>
10002786:	bf00      	nop

10002788 <_vsnprintf>:
10002788:	e92d 4ff0 	stmdb	sp!, {r4, r5, r6, r7, r8, r9, sl, fp, lr}
1000278c:	b091      	sub	sp, #68	@ 0x44
1000278e:	4680      	mov	r8, r0
10002790:	4617      	mov	r7, r2
10002792:	930f      	str	r3, [sp, #60]	@ 0x3c
10002794:	4689      	mov	r9, r1
10002796:	2900      	cmp	r1, #0
10002798:	f000 834b 	beq.w	10002e32 <_vsnprintf+0x6aa>
1000279c:	2600      	movs	r6, #0
1000279e:	9b0f      	ldr	r3, [sp, #60]	@ 0x3c
100027a0:	7818      	ldrb	r0, [r3, #0]
100027a2:	2800      	cmp	r0, #0
100027a4:	f000 8348 	beq.w	10002e38 <_vsnprintf+0x6b0>
100027a8:	2825      	cmp	r0, #37	@ 0x25
100027aa:	d009      	beq.n	100027c0 <_vsnprintf+0x38>
100027ac:	1c74      	adds	r4, r6, #1
100027ae:	463b      	mov	r3, r7
100027b0:	4632      	mov	r2, r6
100027b2:	4649      	mov	r1, r9
100027b4:	47c0      	blx	r8
100027b6:	9b0f      	ldr	r3, [sp, #60]	@ 0x3c
100027b8:	3301      	adds	r3, #1
100027ba:	930f      	str	r3, [sp, #60]	@ 0x3c
100027bc:	4626      	mov	r6, r4
100027be:	e7ee      	b.n	1000279e <_vsnprintf+0x16>
100027c0:	3301      	adds	r3, #1
100027c2:	930f      	str	r3, [sp, #60]	@ 0x3c
100027c4:	2500      	movs	r5, #0
100027c6:	e01f      	b.n	10002808 <_vsnprintf+0x80>
100027c8:	f045 0501 	orr.w	r5, r5, #1
100027cc:	3201      	adds	r2, #1
100027ce:	920f      	str	r2, [sp, #60]	@ 0x3c
100027d0:	2301      	movs	r3, #1
100027d2:	e018      	b.n	10002806 <_vsnprintf+0x7e>
100027d4:	f045 0502 	orr.w	r5, r5, #2
100027d8:	3201      	adds	r2, #1
100027da:	920f      	str	r2, [sp, #60]	@ 0x3c
100027dc:	2301      	movs	r3, #1
100027de:	e012      	b.n	10002806 <_vsnprintf+0x7e>
100027e0:	f045 0504 	orr.w	r5, r5, #4
100027e4:	3201      	adds	r2, #1
100027e6:	920f      	str	r2, [sp, #60]	@ 0x3c
100027e8:	2301      	movs	r3, #1
100027ea:	e00c      	b.n	10002806 <_vsnprintf+0x7e>
100027ec:	f045 0508 	orr.w	r5, r5, #8
100027f0:	3201      	adds	r2, #1
100027f2:	920f      	str	r2, [sp, #60]	@ 0x3c
100027f4:	2301      	movs	r3, #1
100027f6:	e006      	b.n	10002806 <_vsnprintf+0x7e>
100027f8:	f045 0510 	orr.w	r5, r5, #16
100027fc:	3201      	adds	r2, #1
100027fe:	920f      	str	r2, [sp, #60]	@ 0x3c
10002800:	2301      	movs	r3, #1
10002802:	e000      	b.n	10002806 <_vsnprintf+0x7e>
10002804:	2300      	movs	r3, #0
10002806:	b34b      	cbz	r3, 1000285c <_vsnprintf+0xd4>
10002808:	9a0f      	ldr	r2, [sp, #60]	@ 0x3c
1000280a:	7813      	ldrb	r3, [r2, #0]
1000280c:	3b20      	subs	r3, #32
1000280e:	2b10      	cmp	r3, #16
10002810:	d8f8      	bhi.n	10002804 <_vsnprintf+0x7c>
10002812:	a101      	add	r1, pc, #4	@ (adr r1, 10002818 <_vsnprintf+0x90>)
10002814:	f851 f023 	ldr.w	pc, [r1, r3, lsl #2]
10002818:	100027ed 	.word	0x100027ed
1000281c:	10002805 	.word	0x10002805
10002820:	10002805 	.word	0x10002805
10002824:	100027f9 	.word	0x100027f9
10002828:	10002805 	.word	0x10002805
1000282c:	10002805 	.word	0x10002805
10002830:	10002805 	.word	0x10002805
10002834:	10002805 	.word	0x10002805
10002838:	10002805 	.word	0x10002805
1000283c:	10002805 	.word	0x10002805
10002840:	10002805 	.word	0x10002805
10002844:	100027e1 	.word	0x100027e1
10002848:	10002805 	.word	0x10002805
1000284c:	100027d5 	.word	0x100027d5
10002850:	10002805 	.word	0x10002805
10002854:	10002805 	.word	0x10002805
10002858:	100027c9 	.word	0x100027c9
1000285c:	930b      	str	r3, [sp, #44]	@ 0x2c
1000285e:	9b0f      	ldr	r3, [sp, #60]	@ 0x3c
10002860:	781a      	ldrb	r2, [r3, #0]
10002862:	f1a2 0330 	sub.w	r3, r2, #48	@ 0x30
10002866:	b2db      	uxtb	r3, r3
10002868:	2b09      	cmp	r3, #9
1000286a:	d918      	bls.n	1000289e <_vsnprintf+0x116>
1000286c:	2a2a      	cmp	r2, #42	@ 0x2a
1000286e:	d01b      	beq.n	100028a8 <_vsnprintf+0x120>
10002870:	f8dd b02c 	ldr.w	fp, [sp, #44]	@ 0x2c
10002874:	9b0f      	ldr	r3, [sp, #60]	@ 0x3c
10002876:	781a      	ldrb	r2, [r3, #0]
10002878:	2a2e      	cmp	r2, #46	@ 0x2e
1000287a:	d025      	beq.n	100028c8 <_vsnprintf+0x140>
1000287c:	9a0f      	ldr	r2, [sp, #60]	@ 0x3c
1000287e:	7813      	ldrb	r3, [r2, #0]
10002880:	3b68      	subs	r3, #104	@ 0x68
10002882:	2b12      	cmp	r3, #18
10002884:	d85c      	bhi.n	10002940 <_vsnprintf+0x1b8>
10002886:	e8df f003 	tbb	[pc, r3]
1000288a:	5b49      	.short	0x5b49
1000288c:	5b3b5bac 	.word	0x5b3b5bac
10002890:	5b5b5b5b 	.word	0x5b5b5b5b
10002894:	5b575b5b 	.word	0x5b575b5b
10002898:	5b5b5b5b 	.word	0x5b5b5b5b
1000289c:	b1          	.byte	0xb1
1000289d:	00          	.byte	0x00
1000289e:	a80f      	add	r0, sp, #60	@ 0x3c
100028a0:	f7ff f9fc 	bl	10001c9c <_atoi>
100028a4:	4683      	mov	fp, r0
100028a6:	e7e5      	b.n	10002874 <_vsnprintf+0xec>
100028a8:	9b1a      	ldr	r3, [sp, #104]	@ 0x68
100028aa:	1d1a      	adds	r2, r3, #4
100028ac:	921a      	str	r2, [sp, #104]	@ 0x68
100028ae:	681b      	ldr	r3, [r3, #0]
100028b0:	2b00      	cmp	r3, #0
100028b2:	db04      	blt.n	100028be <_vsnprintf+0x136>
100028b4:	469b      	mov	fp, r3
100028b6:	9b0f      	ldr	r3, [sp, #60]	@ 0x3c
100028b8:	3301      	adds	r3, #1
100028ba:	930f      	str	r3, [sp, #60]	@ 0x3c
100028bc:	e7da      	b.n	10002874 <_vsnprintf+0xec>
100028be:	f045 0502 	orr.w	r5, r5, #2
100028c2:	f1c3 0b00 	rsb	fp, r3, #0
100028c6:	e7f6      	b.n	100028b6 <_vsnprintf+0x12e>
100028c8:	f445 6580 	orr.w	r5, r5, #1024	@ 0x400
100028cc:	1c5a      	adds	r2, r3, #1
100028ce:	920f      	str	r2, [sp, #60]	@ 0x3c
100028d0:	785a      	ldrb	r2, [r3, #1]
100028d2:	f1a2 0330 	sub.w	r3, r2, #48	@ 0x30
100028d6:	b2db      	uxtb	r3, r3
100028d8:	2b09      	cmp	r3, #9
100028da:	d90c      	bls.n	100028f6 <_vsnprintf+0x16e>
100028dc:	2a2a      	cmp	r2, #42	@ 0x2a
100028de:	d1cd      	bne.n	1000287c <_vsnprintf+0xf4>
100028e0:	9b1a      	ldr	r3, [sp, #104]	@ 0x68
100028e2:	1d1a      	adds	r2, r3, #4
100028e4:	921a      	str	r2, [sp, #104]	@ 0x68
100028e6:	681c      	ldr	r4, [r3, #0]
100028e8:	ea24 73e4 	bic.w	r3, r4, r4, asr #31
100028ec:	930b      	str	r3, [sp, #44]	@ 0x2c
100028ee:	9b0f      	ldr	r3, [sp, #60]	@ 0x3c
100028f0:	3301      	adds	r3, #1
100028f2:	930f      	str	r3, [sp, #60]	@ 0x3c
100028f4:	e7c2      	b.n	1000287c <_vsnprintf+0xf4>
100028f6:	a80f      	add	r0, sp, #60	@ 0x3c
100028f8:	f7ff f9d0 	bl	10001c9c <_atoi>
100028fc:	900b      	str	r0, [sp, #44]	@ 0x2c
100028fe:	e7bd      	b.n	1000287c <_vsnprintf+0xf4>
10002900:	f445 7180 	orr.w	r1, r5, #256	@ 0x100
10002904:	1c53      	adds	r3, r2, #1
10002906:	930f      	str	r3, [sp, #60]	@ 0x3c
10002908:	7853      	ldrb	r3, [r2, #1]
1000290a:	2b6c      	cmp	r3, #108	@ 0x6c
1000290c:	d001      	beq.n	10002912 <_vsnprintf+0x18a>
1000290e:	460d      	mov	r5, r1
10002910:	e016      	b.n	10002940 <_vsnprintf+0x1b8>
10002912:	f445 7540 	orr.w	r5, r5, #768	@ 0x300
10002916:	3202      	adds	r2, #2
10002918:	920f      	str	r2, [sp, #60]	@ 0x3c
1000291a:	e011      	b.n	10002940 <_vsnprintf+0x1b8>
1000291c:	f045 0180 	orr.w	r1, r5, #128	@ 0x80
10002920:	1c53      	adds	r3, r2, #1
10002922:	930f      	str	r3, [sp, #60]	@ 0x3c
10002924:	7853      	ldrb	r3, [r2, #1]
10002926:	2b68      	cmp	r3, #104	@ 0x68
10002928:	d001      	beq.n	1000292e <_vsnprintf+0x1a6>
1000292a:	460d      	mov	r5, r1
1000292c:	e008      	b.n	10002940 <_vsnprintf+0x1b8>
1000292e:	f045 05c0 	orr.w	r5, r5, #192	@ 0xc0
10002932:	3202      	adds	r2, #2
10002934:	920f      	str	r2, [sp, #60]	@ 0x3c
10002936:	e003      	b.n	10002940 <_vsnprintf+0x1b8>
10002938:	f445 7580 	orr.w	r5, r5, #256	@ 0x100
1000293c:	3201      	adds	r2, #1
1000293e:	920f      	str	r2, [sp, #60]	@ 0x3c
10002940:	9b0f      	ldr	r3, [sp, #60]	@ 0x3c
10002942:	7818      	ldrb	r0, [r3, #0]
10002944:	2867      	cmp	r0, #103	@ 0x67
10002946:	d856      	bhi.n	100029f6 <_vsnprintf+0x26e>
10002948:	2825      	cmp	r0, #37	@ 0x25
1000294a:	f0c0 8268 	bcc.w	10002e1e <_vsnprintf+0x696>
1000294e:	f1a0 0325 	sub.w	r3, r0, #37	@ 0x25
10002952:	2b42      	cmp	r3, #66	@ 0x42
10002954:	f200 8263 	bhi.w	10002e1e <_vsnprintf+0x696>
10002958:	e8df f013 	tbh	[pc, r3, lsl #1]
1000295c:	02610256 	.word	0x02610256
10002960:	02610261 	.word	0x02610261
10002964:	02610261 	.word	0x02610261
10002968:	02610261 	.word	0x02610261
1000296c:	02610261 	.word	0x02610261
10002970:	02610261 	.word	0x02610261
10002974:	02610261 	.word	0x02610261
10002978:	02610261 	.word	0x02610261
1000297c:	02610261 	.word	0x02610261
10002980:	02610261 	.word	0x02610261
10002984:	02610261 	.word	0x02610261
10002988:	02610261 	.word	0x02610261
1000298c:	02610261 	.word	0x02610261
10002990:	02610261 	.word	0x02610261
10002994:	02610261 	.word	0x02610261
10002998:	02610261 	.word	0x02610261
1000299c:	01680188 	.word	0x01680188
100029a0:	02610188 	.word	0x02610188
100029a4:	02610261 	.word	0x02610261
100029a8:	02610261 	.word	0x02610261
100029ac:	02610261 	.word	0x02610261
100029b0:	02610261 	.word	0x02610261
100029b4:	02610261 	.word	0x02610261
100029b8:	02610261 	.word	0x02610261
100029bc:	02610261 	.word	0x02610261
100029c0:	00710261 	.word	0x00710261
100029c4:	02610261 	.word	0x02610261
100029c8:	02610261 	.word	0x02610261
100029cc:	02610261 	.word	0x02610261
100029d0:	02610261 	.word	0x02610261
100029d4:	00710261 	.word	0x00710261
100029d8:	007101af 	.word	0x007101af
100029dc:	01680188 	.word	0x01680188
100029e0:	0188      	.short	0x0188
100029e2:	f445 7500 	orr.w	r5, r5, #512	@ 0x200
100029e6:	3201      	adds	r2, #1
100029e8:	920f      	str	r2, [sp, #60]	@ 0x3c
100029ea:	e7a9      	b.n	10002940 <_vsnprintf+0x1b8>
100029ec:	f445 7580 	orr.w	r5, r5, #256	@ 0x100
100029f0:	3201      	adds	r2, #1
100029f2:	920f      	str	r2, [sp, #60]	@ 0x3c
100029f4:	e7a4      	b.n	10002940 <_vsnprintf+0x1b8>
100029f6:	2878      	cmp	r0, #120	@ 0x78
100029f8:	f200 8211 	bhi.w	10002e1e <_vsnprintf+0x696>
100029fc:	2869      	cmp	r0, #105	@ 0x69
100029fe:	f0c0 820e 	bcc.w	10002e1e <_vsnprintf+0x696>
10002a02:	f1a0 0269 	sub.w	r2, r0, #105	@ 0x69
10002a06:	b2d2      	uxtb	r2, r2
10002a08:	2301      	movs	r3, #1
10002a0a:	4093      	lsls	r3, r2
10002a0c:	f249 0241 	movw	r2, #36929	@ 0x9041
10002a10:	4213      	tst	r3, r2
10002a12:	d114      	bne.n	10002a3e <_vsnprintf+0x2b6>
10002a14:	f013 0f80 	tst.w	r3, #128	@ 0x80
10002a18:	f040 81db 	bne.w	10002dd2 <_vsnprintf+0x64a>
10002a1c:	f413 6f80 	tst.w	r3, #1024	@ 0x400
10002a20:	f000 81fd 	beq.w	10002e1e <_vsnprintf+0x696>
10002a24:	9b1a      	ldr	r3, [sp, #104]	@ 0x68
10002a26:	1d1a      	adds	r2, r3, #4
10002a28:	921a      	str	r2, [sp, #104]	@ 0x68
10002a2a:	f8d3 a000 	ldr.w	sl, [r3]
10002a2e:	9b0b      	ldr	r3, [sp, #44]	@ 0x2c
10002a30:	2b00      	cmp	r3, #0
10002a32:	f040 8190 	bne.w	10002d56 <_vsnprintf+0x5ce>
10002a36:	f04f 32ff 	mov.w	r2, #4294967295	@ 0xffffffff
10002a3a:	4653      	mov	r3, sl
10002a3c:	e171      	b.n	10002d22 <_vsnprintf+0x59a>
10002a3e:	286f      	cmp	r0, #111	@ 0x6f
10002a40:	d00c      	beq.n	10002a5c <_vsnprintf+0x2d4>
10002a42:	d805      	bhi.n	10002a50 <_vsnprintf+0x2c8>
10002a44:	2858      	cmp	r0, #88	@ 0x58
10002a46:	d03c      	beq.n	10002ac2 <_vsnprintf+0x33a>
10002a48:	2862      	cmp	r0, #98	@ 0x62
10002a4a:	d103      	bne.n	10002a54 <_vsnprintf+0x2cc>
10002a4c:	2302      	movs	r3, #2
10002a4e:	e006      	b.n	10002a5e <_vsnprintf+0x2d6>
10002a50:	2878      	cmp	r0, #120	@ 0x78
10002a52:	d038      	beq.n	10002ac6 <_vsnprintf+0x33e>
10002a54:	f025 0510 	bic.w	r5, r5, #16
10002a58:	230a      	movs	r3, #10
10002a5a:	e000      	b.n	10002a5e <_vsnprintf+0x2d6>
10002a5c:	2308      	movs	r3, #8
10002a5e:	2858      	cmp	r0, #88	@ 0x58
10002a60:	d033      	beq.n	10002aca <_vsnprintf+0x342>
10002a62:	2869      	cmp	r0, #105	@ 0x69
10002a64:	d003      	beq.n	10002a6e <_vsnprintf+0x2e6>
10002a66:	2864      	cmp	r0, #100	@ 0x64
10002a68:	d001      	beq.n	10002a6e <_vsnprintf+0x2e6>
10002a6a:	f025 050c 	bic.w	r5, r5, #12
10002a6e:	f415 6f80 	tst.w	r5, #1024	@ 0x400
10002a72:	d001      	beq.n	10002a78 <_vsnprintf+0x2f0>
10002a74:	f025 0501 	bic.w	r5, r5, #1
10002a78:	2869      	cmp	r0, #105	@ 0x69
10002a7a:	d029      	beq.n	10002ad0 <_vsnprintf+0x348>
10002a7c:	2864      	cmp	r0, #100	@ 0x64
10002a7e:	d027      	beq.n	10002ad0 <_vsnprintf+0x348>
10002a80:	f415 7f00 	tst.w	r5, #512	@ 0x200
10002a84:	f040 8094 	bne.w	10002bb0 <_vsnprintf+0x428>
10002a88:	f415 7f80 	tst.w	r5, #256	@ 0x100
10002a8c:	f040 80ac 	bne.w	10002be8 <_vsnprintf+0x460>
10002a90:	f015 0f40 	tst.w	r5, #64	@ 0x40
10002a94:	f000 80bd 	beq.w	10002c12 <_vsnprintf+0x48a>
10002a98:	9a1a      	ldr	r2, [sp, #104]	@ 0x68
10002a9a:	1d11      	adds	r1, r2, #4
10002a9c:	911a      	str	r1, [sp, #104]	@ 0x68
10002a9e:	7812      	ldrb	r2, [r2, #0]
10002aa0:	9505      	str	r5, [sp, #20]
10002aa2:	f8cd b010 	str.w	fp, [sp, #16]
10002aa6:	990b      	ldr	r1, [sp, #44]	@ 0x2c
10002aa8:	9103      	str	r1, [sp, #12]
10002aaa:	9302      	str	r3, [sp, #8]
10002aac:	2300      	movs	r3, #0
10002aae:	9301      	str	r3, [sp, #4]
10002ab0:	9200      	str	r2, [sp, #0]
10002ab2:	463b      	mov	r3, r7
10002ab4:	4632      	mov	r2, r6
10002ab6:	4649      	mov	r1, r9
10002ab8:	4640      	mov	r0, r8
10002aba:	f7ff f9dc 	bl	10001e76 <_ntoa_long>
10002abe:	4606      	mov	r6, r0
10002ac0:	e027      	b.n	10002b12 <_vsnprintf+0x38a>
10002ac2:	2310      	movs	r3, #16
10002ac4:	e7cb      	b.n	10002a5e <_vsnprintf+0x2d6>
10002ac6:	2310      	movs	r3, #16
10002ac8:	e7c9      	b.n	10002a5e <_vsnprintf+0x2d6>
10002aca:	f045 0520 	orr.w	r5, r5, #32
10002ace:	e7c8      	b.n	10002a62 <_vsnprintf+0x2da>
10002ad0:	f415 7f00 	tst.w	r5, #512	@ 0x200
10002ad4:	d121      	bne.n	10002b1a <_vsnprintf+0x392>
10002ad6:	f415 7f80 	tst.w	r5, #256	@ 0x100
10002ada:	d142      	bne.n	10002b62 <_vsnprintf+0x3da>
10002adc:	f015 0f40 	tst.w	r5, #64	@ 0x40
10002ae0:	d058      	beq.n	10002b94 <_vsnprintf+0x40c>
10002ae2:	9a1a      	ldr	r2, [sp, #104]	@ 0x68
10002ae4:	1d11      	adds	r1, r2, #4
10002ae6:	911a      	str	r1, [sp, #104]	@ 0x68
10002ae8:	7812      	ldrb	r2, [r2, #0]
10002aea:	ea82 71e2 	eor.w	r1, r2, r2, asr #31
10002aee:	eba1 71e2 	sub.w	r1, r1, r2, asr #31
10002af2:	9505      	str	r5, [sp, #20]
10002af4:	f8cd b010 	str.w	fp, [sp, #16]
10002af8:	980b      	ldr	r0, [sp, #44]	@ 0x2c
10002afa:	9003      	str	r0, [sp, #12]
10002afc:	9302      	str	r3, [sp, #8]
10002afe:	0fd2      	lsrs	r2, r2, #31
10002b00:	9201      	str	r2, [sp, #4]
10002b02:	9100      	str	r1, [sp, #0]
10002b04:	463b      	mov	r3, r7
10002b06:	4632      	mov	r2, r6
10002b08:	4649      	mov	r1, r9
10002b0a:	4640      	mov	r0, r8
10002b0c:	f7ff f9b3 	bl	10001e76 <_ntoa_long>
10002b10:	4606      	mov	r6, r0
10002b12:	9b0f      	ldr	r3, [sp, #60]	@ 0x3c
10002b14:	3301      	adds	r3, #1
10002b16:	930f      	str	r3, [sp, #60]	@ 0x3c
10002b18:	e641      	b.n	1000279e <_vsnprintf+0x16>
10002b1a:	9a1a      	ldr	r2, [sp, #104]	@ 0x68
10002b1c:	3207      	adds	r2, #7
10002b1e:	f022 0207 	bic.w	r2, r2, #7
10002b22:	f102 0108 	add.w	r1, r2, #8
10002b26:	911a      	str	r1, [sp, #104]	@ 0x68
10002b28:	6851      	ldr	r1, [r2, #4]
10002b2a:	6812      	ldr	r2, [r2, #0]
10002b2c:	4608      	mov	r0, r1
10002b2e:	2900      	cmp	r1, #0
10002b30:	db13      	blt.n	10002b5a <_vsnprintf+0x3d2>
10002b32:	9508      	str	r5, [sp, #32]
10002b34:	f8cd b01c 	str.w	fp, [sp, #28]
10002b38:	9c0b      	ldr	r4, [sp, #44]	@ 0x2c
10002b3a:	9406      	str	r4, [sp, #24]
10002b3c:	9304      	str	r3, [sp, #16]
10002b3e:	2300      	movs	r3, #0
10002b40:	9305      	str	r3, [sp, #20]
10002b42:	0fc9      	lsrs	r1, r1, #31
10002b44:	9102      	str	r1, [sp, #8]
10002b46:	9200      	str	r2, [sp, #0]
10002b48:	9001      	str	r0, [sp, #4]
10002b4a:	463b      	mov	r3, r7
10002b4c:	4632      	mov	r2, r6
10002b4e:	4649      	mov	r1, r9
10002b50:	4640      	mov	r0, r8
10002b52:	f7ff f9da 	bl	10001f0a <_ntoa_long_long>
10002b56:	4606      	mov	r6, r0
10002b58:	e7db      	b.n	10002b12 <_vsnprintf+0x38a>
10002b5a:	4252      	negs	r2, r2
10002b5c:	eb61 0041 	sbc.w	r0, r1, r1, lsl #1
10002b60:	e7e7      	b.n	10002b32 <_vsnprintf+0x3aa>
10002b62:	9a1a      	ldr	r2, [sp, #104]	@ 0x68
10002b64:	1d11      	adds	r1, r2, #4
10002b66:	911a      	str	r1, [sp, #104]	@ 0x68
10002b68:	6812      	ldr	r2, [r2, #0]
10002b6a:	ea82 71e2 	eor.w	r1, r2, r2, asr #31
10002b6e:	eba1 71e2 	sub.w	r1, r1, r2, asr #31
10002b72:	9505      	str	r5, [sp, #20]
10002b74:	f8cd b010 	str.w	fp, [sp, #16]
10002b78:	980b      	ldr	r0, [sp, #44]	@ 0x2c
10002b7a:	9003      	str	r0, [sp, #12]
10002b7c:	9302      	str	r3, [sp, #8]
10002b7e:	0fd2      	lsrs	r2, r2, #31
10002b80:	9201      	str	r2, [sp, #4]
10002b82:	9100      	str	r1, [sp, #0]
10002b84:	463b      	mov	r3, r7
10002b86:	4632      	mov	r2, r6
10002b88:	4649      	mov	r1, r9
10002b8a:	4640      	mov	r0, r8
10002b8c:	f7ff f973 	bl	10001e76 <_ntoa_long>
10002b90:	4606      	mov	r6, r0
10002b92:	e7be      	b.n	10002b12 <_vsnprintf+0x38a>
10002b94:	f015 0f80 	tst.w	r5, #128	@ 0x80
10002b98:	d005      	beq.n	10002ba6 <_vsnprintf+0x41e>
10002b9a:	9a1a      	ldr	r2, [sp, #104]	@ 0x68
10002b9c:	1d11      	adds	r1, r2, #4
10002b9e:	911a      	str	r1, [sp, #104]	@ 0x68
10002ba0:	f9b2 2000 	ldrsh.w	r2, [r2]
10002ba4:	e7a1      	b.n	10002aea <_vsnprintf+0x362>
10002ba6:	9a1a      	ldr	r2, [sp, #104]	@ 0x68
10002ba8:	1d11      	adds	r1, r2, #4
10002baa:	911a      	str	r1, [sp, #104]	@ 0x68
10002bac:	6812      	ldr	r2, [r2, #0]
10002bae:	e79c      	b.n	10002aea <_vsnprintf+0x362>
10002bb0:	9a1a      	ldr	r2, [sp, #104]	@ 0x68
10002bb2:	3207      	adds	r2, #7
10002bb4:	f022 0207 	bic.w	r2, r2, #7
10002bb8:	f102 0108 	add.w	r1, r2, #8
10002bbc:	911a      	str	r1, [sp, #104]	@ 0x68
10002bbe:	9508      	str	r5, [sp, #32]
10002bc0:	f8cd b01c 	str.w	fp, [sp, #28]
10002bc4:	990b      	ldr	r1, [sp, #44]	@ 0x2c
10002bc6:	9106      	str	r1, [sp, #24]
10002bc8:	2100      	movs	r1, #0
10002bca:	9304      	str	r3, [sp, #16]
10002bcc:	9105      	str	r1, [sp, #20]
10002bce:	9102      	str	r1, [sp, #8]
10002bd0:	e9d2 2300 	ldrd	r2, r3, [r2]
10002bd4:	e9cd 2300 	strd	r2, r3, [sp]
10002bd8:	463b      	mov	r3, r7
10002bda:	4632      	mov	r2, r6
10002bdc:	4649      	mov	r1, r9
10002bde:	4640      	mov	r0, r8
10002be0:	f7ff f993 	bl	10001f0a <_ntoa_long_long>
10002be4:	4606      	mov	r6, r0
10002be6:	e794      	b.n	10002b12 <_vsnprintf+0x38a>
10002be8:	9a1a      	ldr	r2, [sp, #104]	@ 0x68
10002bea:	1d11      	adds	r1, r2, #4
10002bec:	911a      	str	r1, [sp, #104]	@ 0x68
10002bee:	9505      	str	r5, [sp, #20]
10002bf0:	f8cd b010 	str.w	fp, [sp, #16]
10002bf4:	990b      	ldr	r1, [sp, #44]	@ 0x2c
10002bf6:	9103      	str	r1, [sp, #12]
10002bf8:	9302      	str	r3, [sp, #8]
10002bfa:	2300      	movs	r3, #0
10002bfc:	9301      	str	r3, [sp, #4]
10002bfe:	6813      	ldr	r3, [r2, #0]
10002c00:	9300      	str	r3, [sp, #0]
10002c02:	463b      	mov	r3, r7
10002c04:	4632      	mov	r2, r6
10002c06:	4649      	mov	r1, r9
10002c08:	4640      	mov	r0, r8
10002c0a:	f7ff f934 	bl	10001e76 <_ntoa_long>
10002c0e:	4606      	mov	r6, r0
10002c10:	e77f      	b.n	10002b12 <_vsnprintf+0x38a>
10002c12:	f015 0f80 	tst.w	r5, #128	@ 0x80
10002c16:	d004      	beq.n	10002c22 <_vsnprintf+0x49a>
10002c18:	9a1a      	ldr	r2, [sp, #104]	@ 0x68
10002c1a:	1d11      	adds	r1, r2, #4
10002c1c:	911a      	str	r1, [sp, #104]	@ 0x68
10002c1e:	8812      	ldrh	r2, [r2, #0]
10002c20:	e73e      	b.n	10002aa0 <_vsnprintf+0x318>
10002c22:	9a1a      	ldr	r2, [sp, #104]	@ 0x68
10002c24:	1d11      	adds	r1, r2, #4
10002c26:	911a      	str	r1, [sp, #104]	@ 0x68
10002c28:	6812      	ldr	r2, [r2, #0]
10002c2a:	e739      	b.n	10002aa0 <_vsnprintf+0x318>
10002c2c:	2846      	cmp	r0, #70	@ 0x46
10002c2e:	d01a      	beq.n	10002c66 <_vsnprintf+0x4de>
10002c30:	9b1a      	ldr	r3, [sp, #104]	@ 0x68
10002c32:	3307      	adds	r3, #7
10002c34:	f023 0307 	bic.w	r3, r3, #7
10002c38:	f103 0208 	add.w	r2, r3, #8
10002c3c:	921a      	str	r2, [sp, #104]	@ 0x68
10002c3e:	9504      	str	r5, [sp, #16]
10002c40:	f8cd b00c 	str.w	fp, [sp, #12]
10002c44:	9a0b      	ldr	r2, [sp, #44]	@ 0x2c
10002c46:	9202      	str	r2, [sp, #8]
10002c48:	e9d3 2300 	ldrd	r2, r3, [r3]
10002c4c:	e9cd 2300 	strd	r2, r3, [sp]
10002c50:	463b      	mov	r3, r7
10002c52:	4632      	mov	r2, r6
10002c54:	4649      	mov	r1, r9
10002c56:	4640      	mov	r0, r8
10002c58:	f7ff fbca 	bl	100023f0 <_ftoa>
10002c5c:	4606      	mov	r6, r0
10002c5e:	9b0f      	ldr	r3, [sp, #60]	@ 0x3c
10002c60:	3301      	adds	r3, #1
10002c62:	930f      	str	r3, [sp, #60]	@ 0x3c
10002c64:	e59b      	b.n	1000279e <_vsnprintf+0x16>
10002c66:	f045 0520 	orr.w	r5, r5, #32
10002c6a:	e7e1      	b.n	10002c30 <_vsnprintf+0x4a8>
10002c6c:	2867      	cmp	r0, #103	@ 0x67
10002c6e:	d001      	beq.n	10002c74 <_vsnprintf+0x4ec>
10002c70:	2847      	cmp	r0, #71	@ 0x47
10002c72:	d101      	bne.n	10002c78 <_vsnprintf+0x4f0>
10002c74:	f445 6500 	orr.w	r5, r5, #2048	@ 0x800
10002c78:	2845      	cmp	r0, #69	@ 0x45
10002c7a:	d001      	beq.n	10002c80 <_vsnprintf+0x4f8>
10002c7c:	2847      	cmp	r0, #71	@ 0x47
10002c7e:	d101      	bne.n	10002c84 <_vsnprintf+0x4fc>
10002c80:	f045 0520 	orr.w	r5, r5, #32
10002c84:	9b1a      	ldr	r3, [sp, #104]	@ 0x68
10002c86:	3307      	adds	r3, #7
10002c88:	f023 0307 	bic.w	r3, r3, #7
10002c8c:	f103 0208 	add.w	r2, r3, #8
10002c90:	921a      	str	r2, [sp, #104]	@ 0x68
10002c92:	9504      	str	r5, [sp, #16]
10002c94:	f8cd b00c 	str.w	fp, [sp, #12]
10002c98:	9a0b      	ldr	r2, [sp, #44]	@ 0x2c
10002c9a:	9202      	str	r2, [sp, #8]
10002c9c:	e9d3 2300 	ldrd	r2, r3, [r3]
10002ca0:	e9cd 2300 	strd	r2, r3, [sp]
10002ca4:	463b      	mov	r3, r7
10002ca6:	4632      	mov	r2, r6
10002ca8:	4649      	mov	r1, r9
10002caa:	4640      	mov	r0, r8
10002cac:	f7ff f990 	bl	10001fd0 <_etoa>
10002cb0:	4606      	mov	r6, r0
10002cb2:	9b0f      	ldr	r3, [sp, #60]	@ 0x3c
10002cb4:	3301      	adds	r3, #1
10002cb6:	930f      	str	r3, [sp, #60]	@ 0x3c
10002cb8:	e571      	b.n	1000279e <_vsnprintf+0x16>
10002cba:	f015 0502 	ands.w	r5, r5, #2
10002cbe:	d01d      	beq.n	10002cfc <_vsnprintf+0x574>
10002cc0:	2401      	movs	r4, #1
10002cc2:	981a      	ldr	r0, [sp, #104]	@ 0x68
10002cc4:	1d03      	adds	r3, r0, #4
10002cc6:	931a      	str	r3, [sp, #104]	@ 0x68
10002cc8:	f106 0a01 	add.w	sl, r6, #1
10002ccc:	463b      	mov	r3, r7
10002cce:	4632      	mov	r2, r6
10002cd0:	4649      	mov	r1, r9
10002cd2:	7800      	ldrb	r0, [r0, #0]
10002cd4:	47c0      	blx	r8
10002cd6:	b9a5      	cbnz	r5, 10002d02 <_vsnprintf+0x57a>
10002cd8:	9b0f      	ldr	r3, [sp, #60]	@ 0x3c
10002cda:	3301      	adds	r3, #1
10002cdc:	930f      	str	r3, [sp, #60]	@ 0x3c
10002cde:	4656      	mov	r6, sl
10002ce0:	e55d      	b.n	1000279e <_vsnprintf+0x16>
10002ce2:	f102 0a01 	add.w	sl, r2, #1
10002ce6:	463b      	mov	r3, r7
10002ce8:	4649      	mov	r1, r9
10002cea:	2020      	movs	r0, #32
10002cec:	47c0      	blx	r8
10002cee:	4623      	mov	r3, r4
10002cf0:	4652      	mov	r2, sl
10002cf2:	1c5c      	adds	r4, r3, #1
10002cf4:	459b      	cmp	fp, r3
10002cf6:	d8f4      	bhi.n	10002ce2 <_vsnprintf+0x55a>
10002cf8:	4616      	mov	r6, r2
10002cfa:	e7e2      	b.n	10002cc2 <_vsnprintf+0x53a>
10002cfc:	2301      	movs	r3, #1
10002cfe:	4632      	mov	r2, r6
10002d00:	e7f7      	b.n	10002cf2 <_vsnprintf+0x56a>
10002d02:	4652      	mov	r2, sl
10002d04:	e006      	b.n	10002d14 <_vsnprintf+0x58c>
10002d06:	1c56      	adds	r6, r2, #1
10002d08:	463b      	mov	r3, r7
10002d0a:	4649      	mov	r1, r9
10002d0c:	2020      	movs	r0, #32
10002d0e:	47c0      	blx	r8
10002d10:	462c      	mov	r4, r5
10002d12:	4632      	mov	r2, r6
10002d14:	1c65      	adds	r5, r4, #1
10002d16:	45a3      	cmp	fp, r4
10002d18:	d8f5      	bhi.n	10002d06 <_vsnprintf+0x57e>
10002d1a:	4692      	mov	sl, r2
10002d1c:	e7dc      	b.n	10002cd8 <_vsnprintf+0x550>
10002d1e:	3301      	adds	r3, #1
10002d20:	460a      	mov	r2, r1
10002d22:	7819      	ldrb	r1, [r3, #0]
10002d24:	b111      	cbz	r1, 10002d2c <_vsnprintf+0x5a4>
10002d26:	1e51      	subs	r1, r2, #1
10002d28:	2a00      	cmp	r2, #0
10002d2a:	d1f8      	bne.n	10002d1e <_vsnprintf+0x596>
10002d2c:	eba3 030a 	sub.w	r3, r3, sl
10002d30:	f415 6280 	ands.w	r2, r5, #1024	@ 0x400
10002d34:	920c      	str	r2, [sp, #48]	@ 0x30
10002d36:	d003      	beq.n	10002d40 <_vsnprintf+0x5b8>
10002d38:	9a0b      	ldr	r2, [sp, #44]	@ 0x2c
10002d3a:	4293      	cmp	r3, r2
10002d3c:	bf28      	it	cs
10002d3e:	4613      	movcs	r3, r2
10002d40:	f015 0402 	ands.w	r4, r5, #2
10002d44:	d009      	beq.n	10002d5a <_vsnprintf+0x5d2>
10002d46:	940d      	str	r4, [sp, #52]	@ 0x34
10002d48:	f8cd b038 	str.w	fp, [sp, #56]	@ 0x38
10002d4c:	9d0b      	ldr	r5, [sp, #44]	@ 0x2c
10002d4e:	4632      	mov	r2, r6
10002d50:	9e0c      	ldr	r6, [sp, #48]	@ 0x30
10002d52:	469b      	mov	fp, r3
10002d54:	e01f      	b.n	10002d96 <_vsnprintf+0x60e>
10002d56:	9a0b      	ldr	r2, [sp, #44]	@ 0x2c
10002d58:	e66f      	b.n	10002a3a <_vsnprintf+0x2b2>
10002d5a:	4632      	mov	r2, r6
10002d5c:	4626      	mov	r6, r4
10002d5e:	e006      	b.n	10002d6e <_vsnprintf+0x5e6>
10002d60:	1c54      	adds	r4, r2, #1
10002d62:	463b      	mov	r3, r7
10002d64:	4649      	mov	r1, r9
10002d66:	2020      	movs	r0, #32
10002d68:	47c0      	blx	r8
10002d6a:	462b      	mov	r3, r5
10002d6c:	4622      	mov	r2, r4
10002d6e:	1c5d      	adds	r5, r3, #1
10002d70:	459b      	cmp	fp, r3
10002d72:	d8f5      	bhi.n	10002d60 <_vsnprintf+0x5d8>
10002d74:	4634      	mov	r4, r6
10002d76:	462b      	mov	r3, r5
10002d78:	940d      	str	r4, [sp, #52]	@ 0x34
10002d7a:	f8cd b038 	str.w	fp, [sp, #56]	@ 0x38
10002d7e:	9d0b      	ldr	r5, [sp, #44]	@ 0x2c
10002d80:	9e0c      	ldr	r6, [sp, #48]	@ 0x30
10002d82:	469b      	mov	fp, r3
10002d84:	e007      	b.n	10002d96 <_vsnprintf+0x60e>
10002d86:	461d      	mov	r5, r3
10002d88:	f10a 0a01 	add.w	sl, sl, #1
10002d8c:	1c54      	adds	r4, r2, #1
10002d8e:	463b      	mov	r3, r7
10002d90:	4649      	mov	r1, r9
10002d92:	47c0      	blx	r8
10002d94:	4622      	mov	r2, r4
10002d96:	f89a 0000 	ldrb.w	r0, [sl]
10002d9a:	b120      	cbz	r0, 10002da6 <_vsnprintf+0x61e>
10002d9c:	2e00      	cmp	r6, #0
10002d9e:	d0f3      	beq.n	10002d88 <_vsnprintf+0x600>
10002da0:	1e6b      	subs	r3, r5, #1
10002da2:	2d00      	cmp	r5, #0
10002da4:	d1ef      	bne.n	10002d86 <_vsnprintf+0x5fe>
10002da6:	9c0d      	ldr	r4, [sp, #52]	@ 0x34
10002da8:	4616      	mov	r6, r2
10002daa:	465b      	mov	r3, fp
10002dac:	f8dd b038 	ldr.w	fp, [sp, #56]	@ 0x38
10002db0:	b954      	cbnz	r4, 10002dc8 <_vsnprintf+0x640>
10002db2:	9b0f      	ldr	r3, [sp, #60]	@ 0x3c
10002db4:	3301      	adds	r3, #1
10002db6:	930f      	str	r3, [sp, #60]	@ 0x3c
10002db8:	e4f1      	b.n	1000279e <_vsnprintf+0x16>
10002dba:	1c55      	adds	r5, r2, #1
10002dbc:	463b      	mov	r3, r7
10002dbe:	4649      	mov	r1, r9
10002dc0:	2020      	movs	r0, #32
10002dc2:	47c0      	blx	r8
10002dc4:	4623      	mov	r3, r4
10002dc6:	462a      	mov	r2, r5
10002dc8:	1c5c      	adds	r4, r3, #1
10002dca:	459b      	cmp	fp, r3
10002dcc:	d8f5      	bhi.n	10002dba <_vsnprintf+0x632>
10002dce:	4616      	mov	r6, r2
10002dd0:	e7ef      	b.n	10002db2 <_vsnprintf+0x62a>
10002dd2:	f045 0521 	orr.w	r5, r5, #33	@ 0x21
10002dd6:	9b1a      	ldr	r3, [sp, #104]	@ 0x68
10002dd8:	1d1a      	adds	r2, r3, #4
10002dda:	921a      	str	r2, [sp, #104]	@ 0x68
10002ddc:	681b      	ldr	r3, [r3, #0]
10002dde:	9505      	str	r5, [sp, #20]
10002de0:	2208      	movs	r2, #8
10002de2:	9204      	str	r2, [sp, #16]
10002de4:	9a0b      	ldr	r2, [sp, #44]	@ 0x2c
10002de6:	9203      	str	r2, [sp, #12]
10002de8:	2210      	movs	r2, #16
10002dea:	9202      	str	r2, [sp, #8]
10002dec:	2200      	movs	r2, #0
10002dee:	9201      	str	r2, [sp, #4]
10002df0:	9300      	str	r3, [sp, #0]
10002df2:	463b      	mov	r3, r7
10002df4:	4632      	mov	r2, r6
10002df6:	4649      	mov	r1, r9
10002df8:	4640      	mov	r0, r8
10002dfa:	f7ff f83c 	bl	10001e76 <_ntoa_long>
10002dfe:	4606      	mov	r6, r0
10002e00:	9b0f      	ldr	r3, [sp, #60]	@ 0x3c
10002e02:	3301      	adds	r3, #1
10002e04:	930f      	str	r3, [sp, #60]	@ 0x3c
10002e06:	e4ca      	b.n	1000279e <_vsnprintf+0x16>
10002e08:	1c74      	adds	r4, r6, #1
10002e0a:	463b      	mov	r3, r7
10002e0c:	4632      	mov	r2, r6
10002e0e:	4649      	mov	r1, r9
10002e10:	2025      	movs	r0, #37	@ 0x25
10002e12:	47c0      	blx	r8
10002e14:	9b0f      	ldr	r3, [sp, #60]	@ 0x3c
10002e16:	3301      	adds	r3, #1
10002e18:	930f      	str	r3, [sp, #60]	@ 0x3c
10002e1a:	4626      	mov	r6, r4
10002e1c:	e4bf      	b.n	1000279e <_vsnprintf+0x16>
10002e1e:	1c74      	adds	r4, r6, #1
10002e20:	463b      	mov	r3, r7
10002e22:	4632      	mov	r2, r6
10002e24:	4649      	mov	r1, r9
10002e26:	47c0      	blx	r8
10002e28:	9b0f      	ldr	r3, [sp, #60]	@ 0x3c
10002e2a:	3301      	adds	r3, #1
10002e2c:	930f      	str	r3, [sp, #60]	@ 0x3c
10002e2e:	4626      	mov	r6, r4
10002e30:	e4b5      	b.n	1000279e <_vsnprintf+0x16>
10002e32:	f8df 8020 	ldr.w	r8, [pc, #32]	@ 10002e54 <_vsnprintf+0x6cc>
10002e36:	e4b1      	b.n	1000279c <_vsnprintf+0x14>
10002e38:	42be      	cmp	r6, r7
10002e3a:	d308      	bcc.n	10002e4e <_vsnprintf+0x6c6>
10002e3c:	1e7a      	subs	r2, r7, #1
10002e3e:	463b      	mov	r3, r7
10002e40:	4649      	mov	r1, r9
10002e42:	2000      	movs	r0, #0
10002e44:	47c0      	blx	r8
10002e46:	4630      	mov	r0, r6
10002e48:	b011      	add	sp, #68	@ 0x44
10002e4a:	e8bd 8ff0 	ldmia.w	sp!, {r4, r5, r6, r7, r8, r9, sl, fp, pc}
10002e4e:	4632      	mov	r2, r6
10002e50:	e7f5      	b.n	10002e3e <_vsnprintf+0x6b6>
10002e52:	bf00      	nop
10002e54:	10001c8d 	.word	0x10001c8d

10002e58 <vfctprintf>:
10002e58:	b500      	push	{lr}
10002e5a:	b085      	sub	sp, #20
10002e5c:	9002      	str	r0, [sp, #8]
10002e5e:	9103      	str	r1, [sp, #12]
10002e60:	9300      	str	r3, [sp, #0]
10002e62:	4613      	mov	r3, r2
10002e64:	f04f 32ff 	mov.w	r2, #4294967295	@ 0xffffffff
10002e68:	a902      	add	r1, sp, #8
10002e6a:	4803      	ldr	r0, [pc, #12]	@ (10002e78 <vfctprintf+0x20>)
10002e6c:	f7ff fc8c 	bl	10002788 <_vsnprintf>
10002e70:	b005      	add	sp, #20
10002e72:	f85d fb04 	ldr.w	pc, [sp], #4
10002e76:	bf00      	nop
10002e78:	10001c8f 	.word	0x10001c8f

10002e7c <_exit>:
10002e7c:	be00      	bkpt	0x0000
10002e7e:	e7fd      	b.n	10002e7c <_exit>

10002e80 <exit>:
10002e80:	b508      	push	{r3, lr}
10002e82:	f7ff fffb 	bl	10002e7c <_exit>
	...

10002e88 <__assert_func>:
10002e88:	b500      	push	{lr}
10002e8a:	b083      	sub	sp, #12
10002e8c:	468c      	mov	ip, r1
10002e8e:	4619      	mov	r1, r3
10002e90:	b15a      	cbz	r2, 10002eaa <__assert_func+0x22>
10002e92:	4614      	mov	r4, r2
10002e94:	4b06      	ldr	r3, [pc, #24]	@ (10002eb0 <__assert_func+0x28>)
10002e96:	9401      	str	r4, [sp, #4]
10002e98:	9300      	str	r3, [sp, #0]
10002e9a:	4663      	mov	r3, ip
10002e9c:	4602      	mov	r2, r0
10002e9e:	4805      	ldr	r0, [pc, #20]	@ (10002eb4 <__assert_func+0x2c>)
10002ea0:	f000 f952 	bl	10003148 <__wrap_printf>
10002ea4:	2001      	movs	r0, #1
10002ea6:	f7ff ffe9 	bl	10002e7c <_exit>
10002eaa:	4b03      	ldr	r3, [pc, #12]	@ (10002eb8 <__assert_func+0x30>)
10002eac:	461c      	mov	r4, r3
10002eae:	e7f2      	b.n	10002e96 <__assert_func+0xe>
10002eb0:	1000688c 	.word	0x1000688c
10002eb4:	1000689c 	.word	0x1000689c
10002eb8:	10006898 	.word	0x10006898

10002ebc <runtime_init>:
10002ebc:	b510      	push	{r4, lr}
10002ebe:	f3ef 8305 	mrs	r3, IPSR
10002ec2:	b2db      	uxtb	r3, r3
10002ec4:	b103      	cbz	r3, 10002ec8 <runtime_init+0xc>
10002ec6:	be00      	bkpt	0x0000
10002ec8:	f7fe fc80 	bl	100017cc <runtime_run_initializers>
10002ecc:	4c04      	ldr	r4, [pc, #16]	@ (10002ee0 <runtime_init+0x24>)
10002ece:	e002      	b.n	10002ed6 <runtime_init+0x1a>
10002ed0:	f854 3b04 	ldr.w	r3, [r4], #4
10002ed4:	4798      	blx	r3
10002ed6:	4b03      	ldr	r3, [pc, #12]	@ (10002ee4 <runtime_init+0x28>)
10002ed8:	429c      	cmp	r4, r3
10002eda:	d3f9      	bcc.n	10002ed0 <runtime_init+0x14>
10002edc:	bd10      	pop	{r4, pc}
10002ede:	bf00      	nop
10002ee0:	100062f0 	.word	0x100062f0
10002ee4:	100062f8 	.word	0x100062f8

10002ee8 <stdio_out_chars_no_crlf>:
10002ee8:	b508      	push	{r3, lr}
10002eea:	4603      	mov	r3, r0
10002eec:	4608      	mov	r0, r1
10002eee:	681b      	ldr	r3, [r3, #0]
10002ef0:	4611      	mov	r1, r2
10002ef2:	4798      	blx	r3
10002ef4:	bd08      	pop	{r3, pc}
	...

10002ef8 <stdio_out_chars_crlf>:
10002ef8:	b5f8      	push	{r3, r4, r5, r6, r7, lr}
10002efa:	4607      	mov	r7, r0
10002efc:	460d      	mov	r5, r1
10002efe:	4616      	mov	r6, r2
10002f00:	7d43      	ldrb	r3, [r0, #21]
10002f02:	b113      	cbz	r3, 10002f0a <stdio_out_chars_crlf+0x12>
10002f04:	2400      	movs	r4, #0
10002f06:	4620      	mov	r0, r4
10002f08:	e00c      	b.n	10002f24 <stdio_out_chars_crlf+0x2c>
10002f0a:	6803      	ldr	r3, [r0, #0]
10002f0c:	4611      	mov	r1, r2
10002f0e:	4628      	mov	r0, r5
10002f10:	4798      	blx	r3
10002f12:	e02e      	b.n	10002f72 <stdio_out_chars_crlf+0x7a>
10002f14:	7d3b      	ldrb	r3, [r7, #20]
10002f16:	e010      	b.n	10002f3a <stdio_out_chars_crlf+0x42>
10002f18:	683b      	ldr	r3, [r7, #0]
10002f1a:	2102      	movs	r1, #2
10002f1c:	4815      	ldr	r0, [pc, #84]	@ (10002f74 <stdio_out_chars_crlf+0x7c>)
10002f1e:	4798      	blx	r3
10002f20:	1c60      	adds	r0, r4, #1
10002f22:	3401      	adds	r4, #1
10002f24:	42b4      	cmp	r4, r6
10002f26:	da14      	bge.n	10002f52 <stdio_out_chars_crlf+0x5a>
10002f28:	2c00      	cmp	r4, #0
10002f2a:	ddf3      	ble.n	10002f14 <stdio_out_chars_crlf+0x1c>
10002f2c:	192b      	adds	r3, r5, r4
10002f2e:	f813 3c01 	ldrb.w	r3, [r3, #-1]
10002f32:	2b0d      	cmp	r3, #13
10002f34:	bf14      	ite	ne
10002f36:	2300      	movne	r3, #0
10002f38:	2301      	moveq	r3, #1
10002f3a:	5d2a      	ldrb	r2, [r5, r4]
10002f3c:	2a0a      	cmp	r2, #10
10002f3e:	d1f0      	bne.n	10002f22 <stdio_out_chars_crlf+0x2a>
10002f40:	2b00      	cmp	r3, #0
10002f42:	d1ee      	bne.n	10002f22 <stdio_out_chars_crlf+0x2a>
10002f44:	42a0      	cmp	r0, r4
10002f46:	dae7      	bge.n	10002f18 <stdio_out_chars_crlf+0x20>
10002f48:	683b      	ldr	r3, [r7, #0]
10002f4a:	1a21      	subs	r1, r4, r0
10002f4c:	4428      	add	r0, r5
10002f4e:	4798      	blx	r3
10002f50:	e7e2      	b.n	10002f18 <stdio_out_chars_crlf+0x20>
10002f52:	42b0      	cmp	r0, r6
10002f54:	da03      	bge.n	10002f5e <stdio_out_chars_crlf+0x66>
10002f56:	683b      	ldr	r3, [r7, #0]
10002f58:	1a31      	subs	r1, r6, r0
10002f5a:	4428      	add	r0, r5
10002f5c:	4798      	blx	r3
10002f5e:	2e00      	cmp	r6, #0
10002f60:	dd07      	ble.n	10002f72 <stdio_out_chars_crlf+0x7a>
10002f62:	4435      	add	r5, r6
10002f64:	f815 3c01 	ldrb.w	r3, [r5, #-1]
10002f68:	2b0d      	cmp	r3, #13
10002f6a:	bf14      	ite	ne
10002f6c:	2300      	movne	r3, #0
10002f6e:	2301      	moveq	r3, #1
10002f70:	753b      	strb	r3, [r7, #20]
10002f72:	bdf8      	pop	{r3, r4, r5, r6, r7, pc}
10002f74:	10006d40 	.word	0x10006d40

10002f78 <stdio_stack_buffer_flush>:
10002f78:	b538      	push	{r3, r4, r5, lr}
10002f7a:	6803      	ldr	r3, [r0, #0]
10002f7c:	b1bb      	cbz	r3, 10002fae <stdio_stack_buffer_flush+0x36>
10002f7e:	4605      	mov	r5, r0
10002f80:	4b0b      	ldr	r3, [pc, #44]	@ (10002fb0 <stdio_stack_buffer_flush+0x38>)
10002f82:	681c      	ldr	r4, [r3, #0]
10002f84:	e006      	b.n	10002f94 <stdio_stack_buffer_flush+0x1c>
10002f86:	4629      	mov	r1, r5
10002f88:	f851 2b04 	ldr.w	r2, [r1], #4
10002f8c:	4620      	mov	r0, r4
10002f8e:	f7ff ffb3 	bl	10002ef8 <stdio_out_chars_crlf>
10002f92:	6924      	ldr	r4, [r4, #16]
10002f94:	b14c      	cbz	r4, 10002faa <stdio_stack_buffer_flush+0x32>
10002f96:	6823      	ldr	r3, [r4, #0]
10002f98:	2b00      	cmp	r3, #0
10002f9a:	d0fa      	beq.n	10002f92 <stdio_stack_buffer_flush+0x1a>
10002f9c:	4b05      	ldr	r3, [pc, #20]	@ (10002fb4 <stdio_stack_buffer_flush+0x3c>)
10002f9e:	681b      	ldr	r3, [r3, #0]
10002fa0:	2b00      	cmp	r3, #0
10002fa2:	d0f0      	beq.n	10002f86 <stdio_stack_buffer_flush+0xe>
10002fa4:	42a3      	cmp	r3, r4
10002fa6:	d1f4      	bne.n	10002f92 <stdio_stack_buffer_flush+0x1a>
10002fa8:	e7ed      	b.n	10002f86 <stdio_stack_buffer_flush+0xe>
10002faa:	2300      	movs	r3, #0
10002fac:	602b      	str	r3, [r5, #0]
10002fae:	bd38      	pop	{r3, r4, r5, pc}
10002fb0:	20001608 	.word	0x20001608
10002fb4:	20001610 	.word	0x20001610

10002fb8 <stdio_buffered_printer>:
10002fb8:	b538      	push	{r3, r4, r5, lr}
10002fba:	4605      	mov	r5, r0
10002fbc:	460c      	mov	r4, r1
10002fbe:	680b      	ldr	r3, [r1, #0]
10002fc0:	2b80      	cmp	r3, #128	@ 0x80
10002fc2:	d005      	beq.n	10002fd0 <stdio_buffered_printer+0x18>
10002fc4:	6823      	ldr	r3, [r4, #0]
10002fc6:	1c5a      	adds	r2, r3, #1
10002fc8:	6022      	str	r2, [r4, #0]
10002fca:	441c      	add	r4, r3
10002fcc:	7125      	strb	r5, [r4, #4]
10002fce:	bd38      	pop	{r3, r4, r5, pc}
10002fd0:	4608      	mov	r0, r1
10002fd2:	f7ff ffd1 	bl	10002f78 <stdio_stack_buffer_flush>
10002fd6:	e7f5      	b.n	10002fc4 <stdio_buffered_printer+0xc>

10002fd8 <stdout_serialize_begin>:
10002fd8:	b508      	push	{r3, lr}
10002fda:	f7fe fa05 	bl	100013e8 <time_us_64>
10002fde:	4a07      	ldr	r2, [pc, #28]	@ (10002ffc <stdout_serialize_begin+0x24>)
10002fe0:	1882      	adds	r2, r0, r2
10002fe2:	f141 0300 	adc.w	r3, r1, #0
10002fe6:	2b00      	cmp	r3, #0
10002fe8:	db03      	blt.n	10002ff2 <stdout_serialize_begin+0x1a>
10002fea:	4805      	ldr	r0, [pc, #20]	@ (10003000 <stdout_serialize_begin+0x28>)
10002fec:	f003 f958 	bl	100062a0 <__mutex_try_enter_block_until_veneer>
10002ff0:	bd08      	pop	{r3, pc}
10002ff2:	f04f 32ff 	mov.w	r2, #4294967295	@ 0xffffffff
10002ff6:	f06f 4300 	mvn.w	r3, #2147483648	@ 0x80000000
10002ffa:	e7f6      	b.n	10002fea <stdout_serialize_begin+0x12>
10002ffc:	000f4240 	.word	0x000f4240
10003000:	20000e5c 	.word	0x20000e5c

10003004 <stdout_serialize_end>:
10003004:	b508      	push	{r3, lr}
10003006:	4802      	ldr	r0, [pc, #8]	@ (10003010 <stdout_serialize_end+0xc>)
10003008:	f003 f93e 	bl	10006288 <__mutex_exit_veneer>
1000300c:	bd08      	pop	{r3, pc}
1000300e:	bf00      	nop
10003010:	20000e5c 	.word	0x20000e5c

10003014 <stdio_put_string>:
10003014:	e92d 43f0 	stmdb	sp!, {r4, r5, r6, r7, r8, r9, lr}
10003018:	b083      	sub	sp, #12
1000301a:	4606      	mov	r6, r0
1000301c:	460d      	mov	r5, r1
1000301e:	4690      	mov	r8, r2
10003020:	461c      	mov	r4, r3
10003022:	f7ff ffd9 	bl	10002fd8 <stdout_serialize_begin>
10003026:	4681      	mov	r9, r0
10003028:	f1b5 3fff 	cmp.w	r5, #4294967295	@ 0xffffffff
1000302c:	d004      	beq.n	10003038 <stdio_put_string+0x24>
1000302e:	b144      	cbz	r4, 10003042 <stdio_put_string+0x2e>
10003030:	4f17      	ldr	r7, [pc, #92]	@ (10003090 <stdio_put_string+0x7c>)
10003032:	4b18      	ldr	r3, [pc, #96]	@ (10003094 <stdio_put_string+0x80>)
10003034:	681c      	ldr	r4, [r3, #0]
10003036:	e007      	b.n	10003048 <stdio_put_string+0x34>
10003038:	4630      	mov	r0, r6
1000303a:	f003 f8dd 	bl	100061f8 <strlen>
1000303e:	4605      	mov	r5, r0
10003040:	e7f5      	b.n	1000302e <stdio_put_string+0x1a>
10003042:	4f15      	ldr	r7, [pc, #84]	@ (10003098 <stdio_put_string+0x84>)
10003044:	e7f5      	b.n	10003032 <stdio_put_string+0x1e>
10003046:	6924      	ldr	r4, [r4, #16]
10003048:	b1bc      	cbz	r4, 1000307a <stdio_put_string+0x66>
1000304a:	6823      	ldr	r3, [r4, #0]
1000304c:	2b00      	cmp	r3, #0
1000304e:	d0fa      	beq.n	10003046 <stdio_put_string+0x32>
10003050:	4b12      	ldr	r3, [pc, #72]	@ (1000309c <stdio_put_string+0x88>)
10003052:	681b      	ldr	r3, [r3, #0]
10003054:	b10b      	cbz	r3, 1000305a <stdio_put_string+0x46>
10003056:	42a3      	cmp	r3, r4
10003058:	d1f5      	bne.n	10003046 <stdio_put_string+0x32>
1000305a:	462a      	mov	r2, r5
1000305c:	4631      	mov	r1, r6
1000305e:	4620      	mov	r0, r4
10003060:	47b8      	blx	r7
10003062:	f1b8 0f00 	cmp.w	r8, #0
10003066:	d0ee      	beq.n	10003046 <stdio_put_string+0x32>
10003068:	230a      	movs	r3, #10
1000306a:	f88d 3007 	strb.w	r3, [sp, #7]
1000306e:	2201      	movs	r2, #1
10003070:	f10d 0107 	add.w	r1, sp, #7
10003074:	4620      	mov	r0, r4
10003076:	47b8      	blx	r7
10003078:	e7e5      	b.n	10003046 <stdio_put_string+0x32>
1000307a:	f1b9 0f00 	cmp.w	r9, #0
1000307e:	d103      	bne.n	10003088 <stdio_put_string+0x74>
10003080:	4628      	mov	r0, r5
10003082:	b003      	add	sp, #12
10003084:	e8bd 83f0 	ldmia.w	sp!, {r4, r5, r6, r7, r8, r9, pc}
10003088:	f7ff ffbc 	bl	10003004 <stdout_serialize_end>
1000308c:	e7f8      	b.n	10003080 <stdio_put_string+0x6c>
1000308e:	bf00      	nop
10003090:	10002ef9 	.word	0x10002ef9
10003094:	20001608 	.word	0x20001608
10003098:	10002ee9 	.word	0x10002ee9
1000309c:	20001610 	.word	0x20001610

100030a0 <stdio_set_driver_enabled>:
100030a0:	4a08      	ldr	r2, [pc, #32]	@ (100030c4 <stdio_set_driver_enabled+0x24>)
100030a2:	e001      	b.n	100030a8 <stdio_set_driver_enabled+0x8>
100030a4:	f103 0210 	add.w	r2, r3, #16
100030a8:	6813      	ldr	r3, [r2, #0]
100030aa:	b13b      	cbz	r3, 100030bc <stdio_set_driver_enabled+0x1c>
100030ac:	4283      	cmp	r3, r0
100030ae:	d1f9      	bne.n	100030a4 <stdio_set_driver_enabled+0x4>
100030b0:	b931      	cbnz	r1, 100030c0 <stdio_set_driver_enabled+0x20>
100030b2:	6903      	ldr	r3, [r0, #16]
100030b4:	6013      	str	r3, [r2, #0]
100030b6:	2300      	movs	r3, #0
100030b8:	6103      	str	r3, [r0, #16]
100030ba:	4770      	bx	lr
100030bc:	b101      	cbz	r1, 100030c0 <stdio_set_driver_enabled+0x20>
100030be:	6010      	str	r0, [r2, #0]
100030c0:	4770      	bx	lr
100030c2:	bf00      	nop
100030c4:	20001608 	.word	0x20001608

100030c8 <stdio_flush>:
100030c8:	b510      	push	{r4, lr}
100030ca:	4b05      	ldr	r3, [pc, #20]	@ (100030e0 <stdio_flush+0x18>)
100030cc:	681c      	ldr	r4, [r3, #0]
100030ce:	e001      	b.n	100030d4 <stdio_flush+0xc>
100030d0:	4798      	blx	r3
100030d2:	6924      	ldr	r4, [r4, #16]
100030d4:	b11c      	cbz	r4, 100030de <stdio_flush+0x16>
100030d6:	6863      	ldr	r3, [r4, #4]
100030d8:	2b00      	cmp	r3, #0
100030da:	d1f9      	bne.n	100030d0 <stdio_flush+0x8>
100030dc:	e7f9      	b.n	100030d2 <stdio_flush+0xa>
100030de:	bd10      	pop	{r4, pc}
100030e0:	20001608 	.word	0x20001608

100030e4 <stdio_init_all>:
100030e4:	b508      	push	{r3, lr}
100030e6:	f000 f9ab 	bl	10003440 <stdio_usb_init>
100030ea:	bd08      	pop	{r3, pc}

100030ec <__wrap_puts>:
100030ec:	b538      	push	{r3, r4, r5, lr}
100030ee:	4605      	mov	r5, r0
100030f0:	f003 f882 	bl	100061f8 <strlen>
100030f4:	4604      	mov	r4, r0
100030f6:	2301      	movs	r3, #1
100030f8:	461a      	mov	r2, r3
100030fa:	4601      	mov	r1, r0
100030fc:	4628      	mov	r0, r5
100030fe:	f7ff ff89 	bl	10003014 <stdio_put_string>
10003102:	f7ff ffe1 	bl	100030c8 <stdio_flush>
10003106:	4620      	mov	r0, r4
10003108:	bd38      	pop	{r3, r4, r5, pc}
	...

1000310c <__wrap_vprintf>:
1000310c:	b570      	push	{r4, r5, r6, lr}
1000310e:	b0a2      	sub	sp, #136	@ 0x88
10003110:	4604      	mov	r4, r0
10003112:	460e      	mov	r6, r1
10003114:	f7ff ff60 	bl	10002fd8 <stdout_serialize_begin>
10003118:	4605      	mov	r5, r0
1000311a:	2300      	movs	r3, #0
1000311c:	9301      	str	r3, [sp, #4]
1000311e:	4633      	mov	r3, r6
10003120:	4622      	mov	r2, r4
10003122:	a901      	add	r1, sp, #4
10003124:	4807      	ldr	r0, [pc, #28]	@ (10003144 <__wrap_vprintf+0x38>)
10003126:	f7ff fe97 	bl	10002e58 <vfctprintf>
1000312a:	4604      	mov	r4, r0
1000312c:	a801      	add	r0, sp, #4
1000312e:	f7ff ff23 	bl	10002f78 <stdio_stack_buffer_flush>
10003132:	f7ff ffc9 	bl	100030c8 <stdio_flush>
10003136:	b915      	cbnz	r5, 1000313e <__wrap_vprintf+0x32>
10003138:	4620      	mov	r0, r4
1000313a:	b022      	add	sp, #136	@ 0x88
1000313c:	bd70      	pop	{r4, r5, r6, pc}
1000313e:	f7ff ff61 	bl	10003004 <stdout_serialize_end>
10003142:	e7f9      	b.n	10003138 <__wrap_vprintf+0x2c>
10003144:	10002fb9 	.word	0x10002fb9

10003148 <__wrap_printf>:
10003148:	b40f      	push	{r0, r1, r2, r3}
1000314a:	b500      	push	{lr}
1000314c:	b083      	sub	sp, #12
1000314e:	a904      	add	r1, sp, #16
10003150:	f851 0b04 	ldr.w	r0, [r1], #4
10003154:	9101      	str	r1, [sp, #4]
10003156:	f7ff ffd9 	bl	1000310c <__wrap_vprintf>
1000315a:	b003      	add	sp, #12
1000315c:	f85d eb04 	ldr.w	lr, [sp], #4
10003160:	b004      	add	sp, #16
10003162:	4770      	bx	lr

10003164 <resetd_init>:
10003164:	4770      	bx	lr
	...

10003168 <resetd_reset>:
10003168:	4b01      	ldr	r3, [pc, #4]	@ (10003170 <resetd_reset+0x8>)
1000316a:	2200      	movs	r2, #0
1000316c:	701a      	strb	r2, [r3, #0]
1000316e:	4770      	bx	lr
10003170:	20001a85 	.word	0x20001a85

10003174 <resetd_open>:
10003174:	794b      	ldrb	r3, [r1, #5]
10003176:	2bff      	cmp	r3, #255	@ 0xff
10003178:	d10b      	bne.n	10003192 <resetd_open+0x1e>
1000317a:	798b      	ldrb	r3, [r1, #6]
1000317c:	b95b      	cbnz	r3, 10003196 <resetd_open+0x22>
1000317e:	79cb      	ldrb	r3, [r1, #7]
10003180:	2b01      	cmp	r3, #1
10003182:	d10a      	bne.n	1000319a <resetd_open+0x26>
10003184:	2a08      	cmp	r2, #8
10003186:	d90a      	bls.n	1000319e <resetd_open+0x2a>
10003188:	788a      	ldrb	r2, [r1, #2]
1000318a:	4b06      	ldr	r3, [pc, #24]	@ (100031a4 <resetd_open+0x30>)
1000318c:	701a      	strb	r2, [r3, #0]
1000318e:	2009      	movs	r0, #9
10003190:	4770      	bx	lr
10003192:	2000      	movs	r0, #0
10003194:	4770      	bx	lr
10003196:	2000      	movs	r0, #0
10003198:	4770      	bx	lr
1000319a:	2000      	movs	r0, #0
1000319c:	4770      	bx	lr
1000319e:	2000      	movs	r0, #0
100031a0:	4770      	bx	lr
100031a2:	bf00      	nop
100031a4:	20001a85 	.word	0x20001a85

100031a8 <resetd_xfer_cb>:
100031a8:	2001      	movs	r0, #1
100031aa:	4770      	bx	lr

100031ac <resetd_control_xfer_cb>:
100031ac:	2901      	cmp	r1, #1
100031ae:	d123      	bne.n	100031f8 <resetd_control_xfer_cb+0x4c>
100031b0:	b508      	push	{r3, lr}
100031b2:	8891      	ldrh	r1, [r2, #4]
100031b4:	4b11      	ldr	r3, [pc, #68]	@ (100031fc <resetd_control_xfer_cb+0x50>)
100031b6:	781b      	ldrb	r3, [r3, #0]
100031b8:	4299      	cmp	r1, r3
100031ba:	d001      	beq.n	100031c0 <resetd_control_xfer_cb+0x14>
100031bc:	2000      	movs	r0, #0
100031be:	bd08      	pop	{r3, pc}
100031c0:	7853      	ldrb	r3, [r2, #1]
100031c2:	2b01      	cmp	r3, #1
100031c4:	d003      	beq.n	100031ce <resetd_control_xfer_cb+0x22>
100031c6:	2b02      	cmp	r3, #2
100031c8:	d00f      	beq.n	100031ea <resetd_control_xfer_cb+0x3e>
100031ca:	2000      	movs	r0, #0
100031cc:	e7f7      	b.n	100031be <resetd_control_xfer_cb+0x12>
100031ce:	8851      	ldrh	r1, [r2, #2]
100031d0:	f411 7f80 	tst.w	r1, #256	@ 0x100
100031d4:	d006      	beq.n	100031e4 <resetd_control_xfer_cb+0x38>
100031d6:	0a48      	lsrs	r0, r1, #9
100031d8:	f3c1 2240 	ubfx	r2, r1, #9, #1
100031dc:	f001 017f 	and.w	r1, r1, #127	@ 0x7f
100031e0:	f7fe faa3 	bl	1000172a <rom_reset_usb_boot_extra>
100031e4:	f04f 30ff 	mov.w	r0, #4294967295	@ 0xffffffff
100031e8:	e7f6      	b.n	100031d8 <resetd_control_xfer_cb+0x2c>
100031ea:	2264      	movs	r2, #100	@ 0x64
100031ec:	2100      	movs	r1, #0
100031ee:	4608      	mov	r0, r1
100031f0:	f7fe fa3c 	bl	1000166c <watchdog_reboot>
100031f4:	2001      	movs	r0, #1
100031f6:	e7e2      	b.n	100031be <resetd_control_xfer_cb+0x12>
100031f8:	2001      	movs	r0, #1
100031fa:	4770      	bx	lr
100031fc:	20001a85 	.word	0x20001a85

10003200 <tud_descriptor_bos_cb>:
10003200:	4800      	ldr	r0, [pc, #0]	@ (10003204 <tud_descriptor_bos_cb+0x4>)
10003202:	4770      	bx	lr
10003204:	10006e0c 	.word	0x10006e0c

10003208 <tud_vendor_control_xfer_cb>:
10003208:	2901      	cmp	r1, #1
1000320a:	d10f      	bne.n	1000322c <tud_vendor_control_xfer_cb+0x24>
1000320c:	b508      	push	{r3, lr}
1000320e:	4694      	mov	ip, r2
10003210:	7853      	ldrb	r3, [r2, #1]
10003212:	2b01      	cmp	r3, #1
10003214:	d10c      	bne.n	10003230 <tud_vendor_control_xfer_cb+0x28>
10003216:	8893      	ldrh	r3, [r2, #4]
10003218:	2b07      	cmp	r3, #7
1000321a:	d001      	beq.n	10003220 <tud_vendor_control_xfer_cb+0x18>
1000321c:	2000      	movs	r0, #0
1000321e:	e008      	b.n	10003232 <tud_vendor_control_xfer_cb+0x2a>
10003220:	23a6      	movs	r3, #166	@ 0xa6
10003222:	4a04      	ldr	r2, [pc, #16]	@ (10003234 <tud_vendor_control_xfer_cb+0x2c>)
10003224:	4661      	mov	r1, ip
10003226:	f001 fbf5 	bl	10004a14 <tud_control_xfer>
1000322a:	e002      	b.n	10003232 <tud_vendor_control_xfer_cb+0x2a>
1000322c:	2001      	movs	r0, #1
1000322e:	4770      	bx	lr
10003230:	2000      	movs	r0, #0
10003232:	bd08      	pop	{r3, pc}
10003234:	10006d64 	.word	0x10006d64

10003238 <usbd_app_driver_get_cb>:
10003238:	2301      	movs	r3, #1
1000323a:	7003      	strb	r3, [r0, #0]
1000323c:	4800      	ldr	r0, [pc, #0]	@ (10003240 <usbd_app_driver_get_cb+0x8>)
1000323e:	4770      	bx	lr
10003240:	10006d44 	.word	0x10006d44

10003244 <tud_cdc_line_coding_cb>:
10003244:	b508      	push	{r3, lr}
10003246:	680b      	ldr	r3, [r1, #0]
10003248:	f5b3 6f96 	cmp.w	r3, #1200	@ 0x4b0
1000324c:	d000      	beq.n	10003250 <tud_cdc_line_coding_cb+0xc>
1000324e:	bd08      	pop	{r3, pc}
10003250:	2200      	movs	r2, #0
10003252:	4611      	mov	r1, r2
10003254:	f04f 30ff 	mov.w	r0, #4294967295	@ 0xffffffff
10003258:	f7fe fa67 	bl	1000172a <rom_reset_usb_boot_extra>

1000325c <stdio_usb_set_chars_available_callback>:
1000325c:	4b02      	ldr	r3, [pc, #8]	@ (10003268 <stdio_usb_set_chars_available_callback+0xc>)
1000325e:	6018      	str	r0, [r3, #0]
10003260:	4b02      	ldr	r3, [pc, #8]	@ (1000326c <stdio_usb_set_chars_available_callback+0x10>)
10003262:	6019      	str	r1, [r3, #0]
10003264:	4770      	bx	lr
10003266:	bf00      	nop
10003268:	200015a8 	.word	0x200015a8
1000326c:	200015ac 	.word	0x200015ac

10003270 <stdio_usb_out_flush>:
10003270:	b508      	push	{r3, lr}
10003272:	f7fe f8b9 	bl	100013e8 <time_us_64>
10003276:	4a0e      	ldr	r2, [pc, #56]	@ (100032b0 <stdio_usb_out_flush+0x40>)
10003278:	1882      	adds	r2, r0, r2
1000327a:	f141 0300 	adc.w	r3, r1, #0
1000327e:	2b00      	cmp	r3, #0
10003280:	db11      	blt.n	100032a6 <stdio_usb_out_flush+0x36>
10003282:	480c      	ldr	r0, [pc, #48]	@ (100032b4 <stdio_usb_out_flush+0x44>)
10003284:	f003 f80c 	bl	100062a0 <__mutex_try_enter_block_until_veneer>
10003288:	b160      	cbz	r0, 100032a4 <stdio_usb_out_flush+0x34>
1000328a:	2100      	movs	r1, #0
1000328c:	f04f 30ff 	mov.w	r0, #4294967295	@ 0xffffffff
10003290:	f001 fa48 	bl	10004724 <tud_task_ext>
10003294:	2000      	movs	r0, #0
10003296:	f001 fd45 	bl	10004d24 <tud_cdc_n_write_flush>
1000329a:	2800      	cmp	r0, #0
1000329c:	d1f5      	bne.n	1000328a <stdio_usb_out_flush+0x1a>
1000329e:	4805      	ldr	r0, [pc, #20]	@ (100032b4 <stdio_usb_out_flush+0x44>)
100032a0:	f002 fff2 	bl	10006288 <__mutex_exit_veneer>
100032a4:	bd08      	pop	{r3, pc}
100032a6:	f04f 32ff 	mov.w	r2, #4294967295	@ 0xffffffff
100032aa:	f06f 4300 	mvn.w	r3, #2147483648	@ 0x80000000
100032ae:	e7e8      	b.n	10003282 <stdio_usb_out_flush+0x12>
100032b0:	000f4240 	.word	0x000f4240
100032b4:	20001a68 	.word	0x20001a68

100032b8 <timer_task>:
100032b8:	b538      	push	{r3, r4, r5, lr}
100032ba:	4b18      	ldr	r3, [pc, #96]	@ (1000331c <timer_task+0x64>)
100032bc:	681b      	ldr	r3, [r3, #0]
100032be:	b31b      	cbz	r3, 10003308 <timer_task+0x50>
100032c0:	f3ef 8210 	mrs	r2, PRIMASK
100032c4:	b672      	cpsid	i
100032c6:	e8d3 0fcf 	ldaexb	r0, [r3]
100032ca:	2101      	movs	r1, #1
100032cc:	2800      	cmp	r0, #0
100032ce:	d1fa      	bne.n	100032c6 <timer_task+0xe>
100032d0:	e8c3 1f40 	strexb	r0, r1, [r3]
100032d4:	2800      	cmp	r0, #0
100032d6:	d1f6      	bne.n	100032c6 <timer_task+0xe>
100032d8:	f3bf 8f5f 	dmb	sy
100032dc:	490f      	ldr	r1, [pc, #60]	@ (1000331c <timer_task+0x64>)
100032de:	604a      	str	r2, [r1, #4]
100032e0:	2300      	movs	r3, #0
100032e2:	480f      	ldr	r0, [pc, #60]	@ (10003320 <timer_task+0x68>)
100032e4:	7003      	strb	r3, [r0, #0]
100032e6:	6809      	ldr	r1, [r1, #0]
100032e8:	e8c1 3f8f 	stlb	r3, [r1]
100032ec:	f382 8810 	msr	PRIMASK, r2
100032f0:	2400      	movs	r4, #0
100032f2:	2500      	movs	r5, #0
100032f4:	4b0b      	ldr	r3, [pc, #44]	@ (10003324 <timer_task+0x6c>)
100032f6:	7818      	ldrb	r0, [r3, #0]
100032f8:	f7fd f9b0 	bl	1000065c <irq_is_enabled>
100032fc:	b940      	cbnz	r0, 10003310 <timer_task+0x58>
100032fe:	2400      	movs	r4, #0
10003300:	2500      	movs	r5, #0
10003302:	4620      	mov	r0, r4
10003304:	4629      	mov	r1, r5
10003306:	bd38      	pop	{r3, r4, r5, pc}
10003308:	f44f 747a 	mov.w	r4, #1000	@ 0x3e8
1000330c:	2500      	movs	r5, #0
1000330e:	e7f1      	b.n	100032f4 <timer_task+0x3c>
10003310:	4b04      	ldr	r3, [pc, #16]	@ (10003324 <timer_task+0x6c>)
10003312:	7818      	ldrb	r0, [r3, #0]
10003314:	f7fd f9cc 	bl	100006b0 <irq_set_pending>
10003318:	e7f3      	b.n	10003302 <timer_task+0x4a>
1000331a:	bf00      	nop
1000331c:	20001a34 	.word	0x20001a34
10003320:	20001a87 	.word	0x20001a87
10003324:	20001a86 	.word	0x20001a86

10003328 <usb_irq>:
10003328:	b508      	push	{r3, lr}
1000332a:	4b02      	ldr	r3, [pc, #8]	@ (10003334 <usb_irq+0xc>)
1000332c:	7818      	ldrb	r0, [r3, #0]
1000332e:	f7fd f9bf 	bl	100006b0 <irq_set_pending>
10003332:	bd08      	pop	{r3, pc}
10003334:	20001a86 	.word	0x20001a86

10003338 <alarm_pool_add_alarm_in_us>:
10003338:	b570      	push	{r4, r5, r6, lr}
1000333a:	b084      	sub	sp, #16
1000333c:	4606      	mov	r6, r0
1000333e:	4614      	mov	r4, r2
10003340:	461d      	mov	r5, r3
10003342:	f7fe f851 	bl	100013e8 <time_us_64>
10003346:	1822      	adds	r2, r4, r0
10003348:	eb45 0301 	adc.w	r3, r5, r1
1000334c:	2b00      	cmp	r3, #0
1000334e:	db0b      	blt.n	10003368 <alarm_pool_add_alarm_in_us+0x30>
10003350:	f89d 1028 	ldrb.w	r1, [sp, #40]	@ 0x28
10003354:	9102      	str	r1, [sp, #8]
10003356:	9909      	ldr	r1, [sp, #36]	@ 0x24
10003358:	9101      	str	r1, [sp, #4]
1000335a:	9908      	ldr	r1, [sp, #32]
1000335c:	9100      	str	r1, [sp, #0]
1000335e:	4630      	mov	r0, r6
10003360:	f7fd fe7c 	bl	1000105c <alarm_pool_add_alarm_at>
10003364:	b004      	add	sp, #16
10003366:	bd70      	pop	{r4, r5, r6, pc}
10003368:	f04f 32ff 	mov.w	r2, #4294967295	@ 0xffffffff
1000336c:	f06f 4300 	mvn.w	r3, #2147483648	@ 0x80000000
10003370:	e7ee      	b.n	10003350 <alarm_pool_add_alarm_in_us+0x18>

10003372 <add_alarm_in_us>:
10003372:	b5f0      	push	{r4, r5, r6, r7, lr}
10003374:	b085      	sub	sp, #20
10003376:	4605      	mov	r5, r0
10003378:	460c      	mov	r4, r1
1000337a:	4616      	mov	r6, r2
1000337c:	461f      	mov	r7, r3
1000337e:	f7fd fdf9 	bl	10000f74 <alarm_pool_get_default>
10003382:	f89d 3028 	ldrb.w	r3, [sp, #40]	@ 0x28
10003386:	9302      	str	r3, [sp, #8]
10003388:	9701      	str	r7, [sp, #4]
1000338a:	9600      	str	r6, [sp, #0]
1000338c:	462a      	mov	r2, r5
1000338e:	4623      	mov	r3, r4
10003390:	f7ff ffd2 	bl	10003338 <alarm_pool_add_alarm_in_us>
10003394:	b005      	add	sp, #20
10003396:	bdf0      	pop	{r4, r5, r6, r7, pc}

10003398 <low_priority_worker_irq>:
10003398:	b510      	push	{r4, lr}
1000339a:	b082      	sub	sp, #8
1000339c:	2100      	movs	r1, #0
1000339e:	4822      	ldr	r0, [pc, #136]	@ (10003428 <low_priority_worker_irq+0x90>)
100033a0:	f002 ff82 	bl	100062a8 <__mutex_try_enter_veneer>
100033a4:	bb08      	cbnz	r0, 100033ea <low_priority_worker_irq+0x52>
100033a6:	4b21      	ldr	r3, [pc, #132]	@ (1000342c <low_priority_worker_irq+0x94>)
100033a8:	681b      	ldr	r3, [r3, #0]
100033aa:	b1e3      	cbz	r3, 100033e6 <low_priority_worker_irq+0x4e>
100033ac:	f3ef 8210 	mrs	r2, PRIMASK
100033b0:	b672      	cpsid	i
100033b2:	e8d3 0fcf 	ldaexb	r0, [r3]
100033b6:	2101      	movs	r1, #1
100033b8:	2800      	cmp	r0, #0
100033ba:	d1fa      	bne.n	100033b2 <low_priority_worker_irq+0x1a>
100033bc:	e8c3 1f40 	strexb	r0, r1, [r3]
100033c0:	2800      	cmp	r0, #0
100033c2:	d1f6      	bne.n	100033b2 <low_priority_worker_irq+0x1a>
100033c4:	f3bf 8f5f 	dmb	sy
100033c8:	4918      	ldr	r1, [pc, #96]	@ (1000342c <low_priority_worker_irq+0x94>)
100033ca:	604a      	str	r2, [r1, #4]
100033cc:	4818      	ldr	r0, [pc, #96]	@ (10003430 <low_priority_worker_irq+0x98>)
100033ce:	7803      	ldrb	r3, [r0, #0]
100033d0:	f083 0301 	eor.w	r3, r3, #1
100033d4:	2401      	movs	r4, #1
100033d6:	7004      	strb	r4, [r0, #0]
100033d8:	6808      	ldr	r0, [r1, #0]
100033da:	2100      	movs	r1, #0
100033dc:	e8c0 1f8f 	stlb	r1, [r0]
100033e0:	f382 8810 	msr	PRIMASK, r2
100033e4:	b9bb      	cbnz	r3, 10003416 <low_priority_worker_irq+0x7e>
100033e6:	b002      	add	sp, #8
100033e8:	bd10      	pop	{r4, pc}
100033ea:	2100      	movs	r1, #0
100033ec:	f04f 30ff 	mov.w	r0, #4294967295	@ 0xffffffff
100033f0:	f001 f998 	bl	10004724 <tud_task_ext>
100033f4:	2000      	movs	r0, #0
100033f6:	f001 fc6f 	bl	10004cd8 <tud_cdc_n_available>
100033fa:	4604      	mov	r4, r0
100033fc:	480a      	ldr	r0, [pc, #40]	@ (10003428 <low_priority_worker_irq+0x90>)
100033fe:	f002 ff43 	bl	10006288 <__mutex_exit_veneer>
10003402:	2c00      	cmp	r4, #0
10003404:	d0ef      	beq.n	100033e6 <low_priority_worker_irq+0x4e>
10003406:	4b0b      	ldr	r3, [pc, #44]	@ (10003434 <low_priority_worker_irq+0x9c>)
10003408:	681b      	ldr	r3, [r3, #0]
1000340a:	2b00      	cmp	r3, #0
1000340c:	d0eb      	beq.n	100033e6 <low_priority_worker_irq+0x4e>
1000340e:	4a0a      	ldr	r2, [pc, #40]	@ (10003438 <low_priority_worker_irq+0xa0>)
10003410:	6810      	ldr	r0, [r2, #0]
10003412:	4798      	blx	r3
10003414:	e7e7      	b.n	100033e6 <low_priority_worker_irq+0x4e>
10003416:	9400      	str	r4, [sp, #0]
10003418:	460b      	mov	r3, r1
1000341a:	4a08      	ldr	r2, [pc, #32]	@ (1000343c <low_priority_worker_irq+0xa4>)
1000341c:	f44f 707a 	mov.w	r0, #1000	@ 0x3e8
10003420:	2100      	movs	r1, #0
10003422:	f7ff ffa6 	bl	10003372 <add_alarm_in_us>
10003426:	e7de      	b.n	100033e6 <low_priority_worker_irq+0x4e>
10003428:	20001a68 	.word	0x20001a68
1000342c:	20001a34 	.word	0x20001a34
10003430:	20001a87 	.word	0x20001a87
10003434:	200015a8 	.word	0x200015a8
10003438:	200015ac 	.word	0x200015ac
1000343c:	100032b9 	.word	0x100032b9

10003440 <stdio_usb_init>:
10003440:	b510      	push	{r4, lr}
10003442:	b082      	sub	sp, #8
10003444:	f04f 4350 	mov.w	r3, #3489660928	@ 0xd0000000
10003448:	681c      	ldr	r4, [r3, #0]
1000344a:	f7fd fd93 	bl	10000f74 <alarm_pool_get_default>
1000344e:	f7fd fe75 	bl	1000113c <alarm_pool_core_num>
10003452:	42a0      	cmp	r0, r4
10003454:	d12d      	bne.n	100034b2 <stdio_usb_init+0x72>
10003456:	4b24      	ldr	r3, [pc, #144]	@ (100034e8 <stdio_usb_init+0xa8>)
10003458:	781b      	ldrb	r3, [r3, #0]
1000345a:	2100      	movs	r1, #0
1000345c:	4608      	mov	r0, r1
1000345e:	f002 f90b 	bl	10005678 <tusb_rhport_init>
10003462:	4b22      	ldr	r3, [pc, #136]	@ (100034ec <stdio_usb_init+0xac>)
10003464:	681b      	ldr	r3, [r3, #0]
10003466:	b353      	cbz	r3, 100034be <stdio_usb_init+0x7e>
10003468:	2001      	movs	r0, #1
1000346a:	f7fd fb07 	bl	10000a7c <user_irq_claim_unused>
1000346e:	b2c0      	uxtb	r0, r0
10003470:	4c1f      	ldr	r4, [pc, #124]	@ (100034f0 <stdio_usb_init+0xb0>)
10003472:	7020      	strb	r0, [r4, #0]
10003474:	491f      	ldr	r1, [pc, #124]	@ (100034f4 <stdio_usb_init+0xb4>)
10003476:	f7fd f93b 	bl	100006f0 <irq_set_exclusive_handler>
1000347a:	2101      	movs	r1, #1
1000347c:	7820      	ldrb	r0, [r4, #0]
1000347e:	f7fd f90d 	bl	1000069c <irq_set_enabled>
10003482:	200e      	movs	r0, #14
10003484:	f7fd f928 	bl	100006d8 <irq_has_shared_handler>
10003488:	4604      	mov	r4, r0
1000348a:	b1e0      	cbz	r0, 100034c6 <stdio_usb_init+0x86>
1000348c:	2001      	movs	r0, #1
1000348e:	f7fd f85b 	bl	10000548 <spin_lock_claim_unused>
10003492:	4601      	mov	r1, r0
10003494:	4818      	ldr	r0, [pc, #96]	@ (100034f8 <stdio_usb_init+0xb8>)
10003496:	f7fd fb4f 	bl	10000b38 <critical_section_init_with_lock_num>
1000349a:	2200      	movs	r2, #0
1000349c:	4917      	ldr	r1, [pc, #92]	@ (100034fc <stdio_usb_init+0xbc>)
1000349e:	200e      	movs	r0, #14
100034a0:	f7fd f956 	bl	10000750 <irq_add_shared_handler>
100034a4:	2101      	movs	r1, #1
100034a6:	4816      	ldr	r0, [pc, #88]	@ (10003500 <stdio_usb_init+0xc0>)
100034a8:	f7ff fdfa 	bl	100030a0 <stdio_set_driver_enabled>
100034ac:	4620      	mov	r0, r4
100034ae:	b002      	add	sp, #8
100034b0:	bd10      	pop	{r4, pc}
100034b2:	4b14      	ldr	r3, [pc, #80]	@ (10003504 <stdio_usb_init+0xc4>)
100034b4:	4a14      	ldr	r2, [pc, #80]	@ (10003508 <stdio_usb_init+0xc8>)
100034b6:	21c6      	movs	r1, #198	@ 0xc6
100034b8:	4814      	ldr	r0, [pc, #80]	@ (1000350c <stdio_usb_init+0xcc>)
100034ba:	f7ff fce5 	bl	10002e88 <__assert_func>
100034be:	480b      	ldr	r0, [pc, #44]	@ (100034ec <stdio_usb_init+0xac>)
100034c0:	f7fd faf8 	bl	10000ab4 <mutex_init>
100034c4:	e7d0      	b.n	10003468 <stdio_usb_init+0x28>
100034c6:	4a0c      	ldr	r2, [pc, #48]	@ (100034f8 <stdio_usb_init+0xb8>)
100034c8:	2300      	movs	r3, #0
100034ca:	6013      	str	r3, [r2, #0]
100034cc:	6053      	str	r3, [r2, #4]
100034ce:	2201      	movs	r2, #1
100034d0:	9200      	str	r2, [sp, #0]
100034d2:	4a0f      	ldr	r2, [pc, #60]	@ (10003510 <stdio_usb_init+0xd0>)
100034d4:	f44f 707a 	mov.w	r0, #1000	@ 0x3e8
100034d8:	2100      	movs	r1, #0
100034da:	f7ff ff4a 	bl	10003372 <add_alarm_in_us>
100034de:	43c4      	mvns	r4, r0
100034e0:	0fe4      	lsrs	r4, r4, #31
100034e2:	2c00      	cmp	r4, #0
100034e4:	d0e2      	beq.n	100034ac <stdio_usb_init+0x6c>
100034e6:	e7dd      	b.n	100034a4 <stdio_usb_init+0x64>
100034e8:	10007178 	.word	0x10007178
100034ec:	20001a68 	.word	0x20001a68
100034f0:	20001a86 	.word	0x20001a86
100034f4:	10003399 	.word	0x10003399
100034f8:	20001a34 	.word	0x20001a34
100034fc:	10003329 	.word	0x10003329
10003500:	20000e24 	.word	0x20000e24
10003504:	100068cc 	.word	0x100068cc
10003508:	10006e3c 	.word	0x10006e3c
1000350c:	100068d4 	.word	0x100068d4
10003510:	100032b9 	.word	0x100032b9

10003514 <stdio_usb_connected>:
10003514:	b508      	push	{r3, lr}
10003516:	2000      	movs	r0, #0
10003518:	f001 fbc4 	bl	10004ca4 <tud_cdc_n_connected>
1000351c:	bd08      	pop	{r3, pc}
	...

10003520 <stdio_usb_in_chars>:
10003520:	b538      	push	{r3, r4, r5, lr}
10003522:	4604      	mov	r4, r0
10003524:	460d      	mov	r5, r1
10003526:	f7ff fff5 	bl	10003514 <stdio_usb_connected>
1000352a:	b390      	cbz	r0, 10003592 <stdio_usb_in_chars+0x72>
1000352c:	2000      	movs	r0, #0
1000352e:	f001 fbd3 	bl	10004cd8 <tud_cdc_n_available>
10003532:	b388      	cbz	r0, 10003598 <stdio_usb_in_chars+0x78>
10003534:	f7fd ff58 	bl	100013e8 <time_us_64>
10003538:	4a1a      	ldr	r2, [pc, #104]	@ (100035a4 <stdio_usb_in_chars+0x84>)
1000353a:	1882      	adds	r2, r0, r2
1000353c:	f141 0300 	adc.w	r3, r1, #0
10003540:	2b00      	cmp	r3, #0
10003542:	db16      	blt.n	10003572 <stdio_usb_in_chars+0x52>
10003544:	4818      	ldr	r0, [pc, #96]	@ (100035a8 <stdio_usb_in_chars+0x88>)
10003546:	f002 feab 	bl	100062a0 <__mutex_try_enter_block_until_veneer>
1000354a:	b340      	cbz	r0, 1000359e <stdio_usb_in_chars+0x7e>
1000354c:	f7ff ffe2 	bl	10003514 <stdio_usb_connected>
10003550:	b118      	cbz	r0, 1000355a <stdio_usb_in_chars+0x3a>
10003552:	2000      	movs	r0, #0
10003554:	f001 fbc0 	bl	10004cd8 <tud_cdc_n_available>
10003558:	b980      	cbnz	r0, 1000357c <stdio_usb_in_chars+0x5c>
1000355a:	2100      	movs	r1, #0
1000355c:	f04f 30ff 	mov.w	r0, #4294967295	@ 0xffffffff
10003560:	f001 f8e0 	bl	10004724 <tud_task_ext>
10003564:	f06f 0402 	mvn.w	r4, #2
10003568:	480f      	ldr	r0, [pc, #60]	@ (100035a8 <stdio_usb_in_chars+0x88>)
1000356a:	f002 fe8d 	bl	10006288 <__mutex_exit_veneer>
1000356e:	4620      	mov	r0, r4
10003570:	bd38      	pop	{r3, r4, r5, pc}
10003572:	f04f 32ff 	mov.w	r2, #4294967295	@ 0xffffffff
10003576:	f06f 4300 	mvn.w	r3, #2147483648	@ 0x80000000
1000357a:	e7e3      	b.n	10003544 <stdio_usb_in_chars+0x24>
1000357c:	462a      	mov	r2, r5
1000357e:	4621      	mov	r1, r4
10003580:	2000      	movs	r0, #0
10003582:	f001 fbb5 	bl	10004cf0 <tud_cdc_n_read>
10003586:	4604      	mov	r4, r0
10003588:	2800      	cmp	r0, #0
1000358a:	d1ed      	bne.n	10003568 <stdio_usb_in_chars+0x48>
1000358c:	f06f 0402 	mvn.w	r4, #2
10003590:	e7ea      	b.n	10003568 <stdio_usb_in_chars+0x48>
10003592:	f06f 0402 	mvn.w	r4, #2
10003596:	e7ea      	b.n	1000356e <stdio_usb_in_chars+0x4e>
10003598:	f06f 0402 	mvn.w	r4, #2
1000359c:	e7e7      	b.n	1000356e <stdio_usb_in_chars+0x4e>
1000359e:	f06f 0402 	mvn.w	r4, #2
100035a2:	e7e4      	b.n	1000356e <stdio_usb_in_chars+0x4e>
100035a4:	000f4240 	.word	0x000f4240
100035a8:	20001a68 	.word	0x20001a68

100035ac <stdio_usb_out_chars>:
100035ac:	b5f8      	push	{r3, r4, r5, r6, r7, lr}
100035ae:	4607      	mov	r7, r0
100035b0:	460d      	mov	r5, r1
100035b2:	f7fd ff19 	bl	100013e8 <time_us_64>
100035b6:	4a2e      	ldr	r2, [pc, #184]	@ (10003670 <stdio_usb_out_chars+0xc4>)
100035b8:	1882      	adds	r2, r0, r2
100035ba:	f141 0300 	adc.w	r3, r1, #0
100035be:	2b00      	cmp	r3, #0
100035c0:	db04      	blt.n	100035cc <stdio_usb_out_chars+0x20>
100035c2:	482c      	ldr	r0, [pc, #176]	@ (10003674 <stdio_usb_out_chars+0xc8>)
100035c4:	f002 fe6c 	bl	100062a0 <__mutex_try_enter_block_until_veneer>
100035c8:	b928      	cbnz	r0, 100035d6 <stdio_usb_out_chars+0x2a>
100035ca:	bdf8      	pop	{r3, r4, r5, r6, r7, pc}
100035cc:	f04f 32ff 	mov.w	r2, #4294967295	@ 0xffffffff
100035d0:	f06f 4300 	mvn.w	r3, #2147483648	@ 0x80000000
100035d4:	e7f5      	b.n	100035c2 <stdio_usb_out_chars+0x16>
100035d6:	f7ff ff9d 	bl	10003514 <stdio_usb_connected>
100035da:	2800      	cmp	r0, #0
100035dc:	d145      	bne.n	1000366a <stdio_usb_out_chars+0xbe>
100035de:	4b26      	ldr	r3, [pc, #152]	@ (10003678 <stdio_usb_out_chars+0xcc>)
100035e0:	2000      	movs	r0, #0
100035e2:	2100      	movs	r1, #0
100035e4:	e9c3 0100 	strd	r0, r1, [r3]
100035e8:	4822      	ldr	r0, [pc, #136]	@ (10003674 <stdio_usb_out_chars+0xc8>)
100035ea:	f002 fe4d 	bl	10006288 <__mutex_exit_veneer>
100035ee:	e7ec      	b.n	100035ca <stdio_usb_out_chars+0x1e>
100035f0:	2100      	movs	r1, #0
100035f2:	f04f 30ff 	mov.w	r0, #4294967295	@ 0xffffffff
100035f6:	f001 f895 	bl	10004724 <tud_task_ext>
100035fa:	2000      	movs	r0, #0
100035fc:	f001 fb92 	bl	10004d24 <tud_cdc_n_write_flush>
10003600:	f7ff ff88 	bl	10003514 <stdio_usb_connected>
10003604:	2800      	cmp	r0, #0
10003606:	d0ef      	beq.n	100035e8 <stdio_usb_out_chars+0x3c>
10003608:	2000      	movs	r0, #0
1000360a:	f001 fc0f 	bl	10004e2c <tud_cdc_n_write_available>
1000360e:	b1f8      	cbz	r0, 10003650 <stdio_usb_out_chars+0xa4>
10003610:	42ac      	cmp	r4, r5
10003612:	dae9      	bge.n	100035e8 <stdio_usb_out_chars+0x3c>
10003614:	1b2e      	subs	r6, r5, r4
10003616:	2000      	movs	r0, #0
10003618:	f001 fc08 	bl	10004e2c <tud_cdc_n_write_available>
1000361c:	4286      	cmp	r6, r0
1000361e:	dc00      	bgt.n	10003622 <stdio_usb_out_chars+0x76>
10003620:	4630      	mov	r0, r6
10003622:	2800      	cmp	r0, #0
10003624:	d0e4      	beq.n	100035f0 <stdio_usb_out_chars+0x44>
10003626:	4602      	mov	r2, r0
10003628:	1939      	adds	r1, r7, r4
1000362a:	2000      	movs	r0, #0
1000362c:	f001 fbdc 	bl	10004de8 <tud_cdc_n_write>
10003630:	4606      	mov	r6, r0
10003632:	2100      	movs	r1, #0
10003634:	f04f 30ff 	mov.w	r0, #4294967295	@ 0xffffffff
10003638:	f001 f874 	bl	10004724 <tud_task_ext>
1000363c:	2000      	movs	r0, #0
1000363e:	f001 fb71 	bl	10004d24 <tud_cdc_n_write_flush>
10003642:	4434      	add	r4, r6
10003644:	f7fd fed0 	bl	100013e8 <time_us_64>
10003648:	4b0b      	ldr	r3, [pc, #44]	@ (10003678 <stdio_usb_out_chars+0xcc>)
1000364a:	e9c3 0100 	strd	r0, r1, [r3]
1000364e:	e7df      	b.n	10003610 <stdio_usb_out_chars+0x64>
10003650:	f7fd feca 	bl	100013e8 <time_us_64>
10003654:	4a08      	ldr	r2, [pc, #32]	@ (10003678 <stdio_usb_out_chars+0xcc>)
10003656:	6813      	ldr	r3, [r2, #0]
10003658:	6852      	ldr	r2, [r2, #4]
1000365a:	4e08      	ldr	r6, [pc, #32]	@ (1000367c <stdio_usb_out_chars+0xd0>)
1000365c:	199b      	adds	r3, r3, r6
1000365e:	f142 0200 	adc.w	r2, r2, #0
10003662:	4283      	cmp	r3, r0
10003664:	418a      	sbcs	r2, r1
10003666:	d2d3      	bcs.n	10003610 <stdio_usb_out_chars+0x64>
10003668:	e7be      	b.n	100035e8 <stdio_usb_out_chars+0x3c>
1000366a:	2400      	movs	r4, #0
1000366c:	e7d0      	b.n	10003610 <stdio_usb_out_chars+0x64>
1000366e:	bf00      	nop
10003670:	000f4240 	.word	0x000f4240
10003674:	20001a68 	.word	0x20001a68
10003678:	20000fe8 	.word	0x20000fe8
1000367c:	0007a120 	.word	0x0007a120

10003680 <tud_descriptor_device_cb>:
10003680:	4800      	ldr	r0, [pc, #0]	@ (10003684 <tud_descriptor_device_cb+0x4>)
10003682:	4770      	bx	lr
10003684:	10006eb8 	.word	0x10006eb8

10003688 <tud_descriptor_configuration_cb>:
10003688:	4800      	ldr	r0, [pc, #0]	@ (1000368c <tud_descriptor_configuration_cb+0x4>)
1000368a:	4770      	bx	lr
1000368c:	10006e64 	.word	0x10006e64

10003690 <tud_descriptor_string_cb>:
10003690:	b510      	push	{r4, lr}
10003692:	4604      	mov	r4, r0
10003694:	4b14      	ldr	r3, [pc, #80]	@ (100036e8 <tud_descriptor_string_cb+0x58>)
10003696:	781b      	ldrb	r3, [r3, #0]
10003698:	b16b      	cbz	r3, 100036b6 <tud_descriptor_string_cb+0x26>
1000369a:	b98c      	cbnz	r4, 100036c0 <tud_descriptor_string_cb+0x30>
1000369c:	4b13      	ldr	r3, [pc, #76]	@ (100036ec <tud_descriptor_string_cb+0x5c>)
1000369e:	f240 4209 	movw	r2, #1033	@ 0x409
100036a2:	805a      	strh	r2, [r3, #2]
100036a4:	2301      	movs	r3, #1
100036a6:	3301      	adds	r3, #1
100036a8:	005b      	lsls	r3, r3, #1
100036aa:	b29b      	uxth	r3, r3
100036ac:	480f      	ldr	r0, [pc, #60]	@ (100036ec <tud_descriptor_string_cb+0x5c>)
100036ae:	f443 7340 	orr.w	r3, r3, #768	@ 0x300
100036b2:	8003      	strh	r3, [r0, #0]
100036b4:	bd10      	pop	{r4, pc}
100036b6:	2111      	movs	r1, #17
100036b8:	480b      	ldr	r0, [pc, #44]	@ (100036e8 <tud_descriptor_string_cb+0x58>)
100036ba:	f000 f847 	bl	1000374c <pico_get_unique_board_id_string>
100036be:	e7ec      	b.n	1000369a <tud_descriptor_string_cb+0xa>
100036c0:	2c05      	cmp	r4, #5
100036c2:	d80e      	bhi.n	100036e2 <tud_descriptor_string_cb+0x52>
100036c4:	4b0a      	ldr	r3, [pc, #40]	@ (100036f0 <tud_descriptor_string_cb+0x60>)
100036c6:	f853 0024 	ldr.w	r0, [r3, r4, lsl #2]
100036ca:	2300      	movs	r3, #0
100036cc:	2b12      	cmp	r3, #18
100036ce:	d8ea      	bhi.n	100036a6 <tud_descriptor_string_cb+0x16>
100036d0:	5cc2      	ldrb	r2, [r0, r3]
100036d2:	2a00      	cmp	r2, #0
100036d4:	d0e7      	beq.n	100036a6 <tud_descriptor_string_cb+0x16>
100036d6:	3301      	adds	r3, #1
100036d8:	4904      	ldr	r1, [pc, #16]	@ (100036ec <tud_descriptor_string_cb+0x5c>)
100036da:	f821 2013 	strh.w	r2, [r1, r3, lsl #1]
100036de:	b2db      	uxtb	r3, r3
100036e0:	e7f4      	b.n	100036cc <tud_descriptor_string_cb+0x3c>
100036e2:	2000      	movs	r0, #0
100036e4:	e7e6      	b.n	100036b4 <tud_descriptor_string_cb+0x24>
100036e6:	bf00      	nop
100036e8:	20001a70 	.word	0x20001a70
100036ec:	200015e0 	.word	0x200015e0
100036f0:	10006e4c 	.word	0x10006e4c

100036f4 <_retrieve_unique_id_on_boot>:
100036f4:	b500      	push	{lr}
100036f6:	b08b      	sub	sp, #44	@ 0x2c
100036f8:	f245 3047 	movw	r0, #21319	@ 0x5347
100036fc:	f7fe f806 	bl	1000170c <rom_func_lookup>
10003700:	4603      	mov	r3, r0
10003702:	2201      	movs	r2, #1
10003704:	2109      	movs	r1, #9
10003706:	a801      	add	r0, sp, #4
10003708:	4798      	blx	r3
1000370a:	2804      	cmp	r0, #4
1000370c:	d101      	bne.n	10003712 <_retrieve_unique_id_on_boot+0x1e>
1000370e:	2300      	movs	r3, #0
10003710:	e00e      	b.n	10003730 <_retrieve_unique_id_on_boot+0x3c>
10003712:	4b0a      	ldr	r3, [pc, #40]	@ (1000373c <_retrieve_unique_id_on_boot+0x48>)
10003714:	4a0a      	ldr	r2, [pc, #40]	@ (10003740 <_retrieve_unique_id_on_boot+0x4c>)
10003716:	212f      	movs	r1, #47	@ 0x2f
10003718:	480a      	ldr	r0, [pc, #40]	@ (10003744 <_retrieve_unique_id_on_boot+0x50>)
1000371a:	f7ff fbb5 	bl	10002e88 <__assert_func>
1000371e:	f1c3 020f 	rsb	r2, r3, #15
10003722:	3228      	adds	r2, #40	@ 0x28
10003724:	446a      	add	r2, sp
10003726:	f812 1c24 	ldrb.w	r1, [r2, #-36]
1000372a:	4a07      	ldr	r2, [pc, #28]	@ (10003748 <_retrieve_unique_id_on_boot+0x54>)
1000372c:	54d1      	strb	r1, [r2, r3]
1000372e:	3301      	adds	r3, #1
10003730:	2b07      	cmp	r3, #7
10003732:	ddf4      	ble.n	1000371e <_retrieve_unique_id_on_boot+0x2a>
10003734:	b00b      	add	sp, #44	@ 0x2c
10003736:	f85d fb04 	ldr.w	pc, [sp], #4
1000373a:	bf00      	nop
1000373c:	10006964 	.word	0x10006964
10003740:	10006eec 	.word	0x10006eec
10003744:	1000696c 	.word	0x1000696c
10003748:	20001a5c 	.word	0x20001a5c

1000374c <pico_get_unique_board_id_string>:
1000374c:	b508      	push	{r3, lr}
1000374e:	b111      	cbz	r1, 10003756 <pico_get_unique_board_id_string+0xa>
10003750:	468c      	mov	ip, r1
10003752:	2200      	movs	r2, #0
10003754:	e00a      	b.n	1000376c <pico_get_unique_board_id_string+0x20>
10003756:	4b11      	ldr	r3, [pc, #68]	@ (1000379c <pico_get_unique_board_id_string+0x50>)
10003758:	4a11      	ldr	r2, [pc, #68]	@ (100037a0 <pico_get_unique_board_id_string+0x54>)
1000375a:	213b      	movs	r1, #59	@ 0x3b
1000375c:	4811      	ldr	r0, [pc, #68]	@ (100037a4 <pico_get_unique_board_id_string+0x58>)
1000375e:	f7ff fb93 	bl	10002e88 <__assert_func>
10003762:	2100      	movs	r1, #0
10003764:	e00f      	b.n	10003786 <pico_get_unique_board_id_string+0x3a>
10003766:	3337      	adds	r3, #55	@ 0x37
10003768:	5483      	strb	r3, [r0, r2]
1000376a:	3201      	adds	r2, #1
1000376c:	f10c 33ff 	add.w	r3, ip, #4294967295	@ 0xffffffff
10003770:	4293      	cmp	r3, r2
10003772:	d90f      	bls.n	10003794 <pico_get_unique_board_id_string+0x48>
10003774:	2a0f      	cmp	r2, #15
10003776:	d80d      	bhi.n	10003794 <pico_get_unique_board_id_string+0x48>
10003778:	0853      	lsrs	r3, r2, #1
1000377a:	490b      	ldr	r1, [pc, #44]	@ (100037a8 <pico_get_unique_board_id_string+0x5c>)
1000377c:	5ccb      	ldrb	r3, [r1, r3]
1000377e:	f012 0f01 	tst.w	r2, #1
10003782:	d1ee      	bne.n	10003762 <pico_get_unique_board_id_string+0x16>
10003784:	2104      	movs	r1, #4
10003786:	410b      	asrs	r3, r1
10003788:	f003 030f 	and.w	r3, r3, #15
1000378c:	2b09      	cmp	r3, #9
1000378e:	dcea      	bgt.n	10003766 <pico_get_unique_board_id_string+0x1a>
10003790:	3330      	adds	r3, #48	@ 0x30
10003792:	e7e9      	b.n	10003768 <pico_get_unique_board_id_string+0x1c>
10003794:	2300      	movs	r3, #0
10003796:	5483      	strb	r3, [r0, r2]
10003798:	bd08      	pop	{r3, pc}
1000379a:	bf00      	nop
1000379c:	100069bc 	.word	0x100069bc
100037a0:	10006ecc 	.word	0x10006ecc
100037a4:	1000696c 	.word	0x1000696c
100037a8:	20001a5c 	.word	0x20001a5c

100037ac <hw_endpoint_init>:
100037ac:	b410      	push	{r4}
100037ae:	f000 047f 	and.w	r4, r0, #127	@ 0x7f
100037b2:	ea4f 0c44 	mov.w	ip, r4, lsl #1
100037b6:	eb0c 1cd0 	add.w	ip, ip, r0, lsr #7
100037ba:	4b28      	ldr	r3, [pc, #160]	@ (1000385c <hw_endpoint_init+0xb0>)
100037bc:	eb03 134c 	add.w	r3, r3, ip, lsl #5
100037c0:	7098      	strb	r0, [r3, #2]
100037c2:	09c0      	lsrs	r0, r0, #7
100037c4:	bf0c      	ite	eq
100037c6:	f04f 0c01 	moveq.w	ip, #1
100037ca:	f04f 0c00 	movne.w	ip, #0
100037ce:	f883 c001 	strb.w	ip, [r3, #1]
100037d2:	f04f 0c00 	mov.w	ip, #0
100037d6:	f883 c003 	strb.w	ip, [r3, #3]
100037da:	8319      	strh	r1, [r3, #24]
100037dc:	76da      	strb	r2, [r3, #27]
100037de:	b9e0      	cbnz	r0, 1000381a <hw_endpoint_init+0x6e>
100037e0:	00e3      	lsls	r3, r4, #3
100037e2:	4a1f      	ldr	r2, [pc, #124]	@ (10003860 <hw_endpoint_init+0xb4>)
100037e4:	441a      	add	r2, r3
100037e6:	eb00 0144 	add.w	r1, r0, r4, lsl #1
100037ea:	4b1c      	ldr	r3, [pc, #112]	@ (1000385c <hw_endpoint_init+0xb0>)
100037ec:	eb03 1341 	add.w	r3, r3, r1, lsl #5
100037f0:	609a      	str	r2, [r3, #8]
100037f2:	eb00 0244 	add.w	r2, r0, r4, lsl #1
100037f6:	4b19      	ldr	r3, [pc, #100]	@ (1000385c <hw_endpoint_init+0xb0>)
100037f8:	eb03 1342 	add.w	r3, r3, r2, lsl #5
100037fc:	689b      	ldr	r3, [r3, #8]
100037fe:	2200      	movs	r2, #0
10003800:	601a      	str	r2, [r3, #0]
10003802:	b9a4      	cbnz	r4, 1000382e <hw_endpoint_init+0x82>
10003804:	eb00 0044 	add.w	r0, r0, r4, lsl #1
10003808:	4b14      	ldr	r3, [pc, #80]	@ (1000385c <hw_endpoint_init+0xb0>)
1000380a:	eb03 1040 	add.w	r0, r3, r0, lsl #5
1000380e:	6042      	str	r2, [r0, #4]
10003810:	4b14      	ldr	r3, [pc, #80]	@ (10003864 <hw_endpoint_init+0xb8>)
10003812:	60c3      	str	r3, [r0, #12]
10003814:	f85d 4b04 	ldr.w	r4, [sp], #4
10003818:	4770      	bx	lr
1000381a:	4a13      	ldr	r2, [pc, #76]	@ (10003868 <hw_endpoint_init+0xbc>)
1000381c:	eb02 02c4 	add.w	r2, r2, r4, lsl #3
10003820:	eb00 0144 	add.w	r1, r0, r4, lsl #1
10003824:	4b0d      	ldr	r3, [pc, #52]	@ (1000385c <hw_endpoint_init+0xb0>)
10003826:	eb03 1341 	add.w	r3, r3, r1, lsl #5
1000382a:	609a      	str	r2, [r3, #8]
1000382c:	e7e1      	b.n	100037f2 <hw_endpoint_init+0x46>
1000382e:	b950      	cbnz	r0, 10003846 <hw_endpoint_init+0x9a>
10003830:	1e63      	subs	r3, r4, #1
10003832:	00db      	lsls	r3, r3, #3
10003834:	4a0d      	ldr	r2, [pc, #52]	@ (1000386c <hw_endpoint_init+0xc0>)
10003836:	441a      	add	r2, r3
10003838:	eb00 0044 	add.w	r0, r0, r4, lsl #1
1000383c:	4b07      	ldr	r3, [pc, #28]	@ (1000385c <hw_endpoint_init+0xb0>)
1000383e:	eb03 1340 	add.w	r3, r3, r0, lsl #5
10003842:	605a      	str	r2, [r3, #4]
10003844:	e7e6      	b.n	10003814 <hw_endpoint_init+0x68>
10003846:	1e63      	subs	r3, r4, #1
10003848:	4a09      	ldr	r2, [pc, #36]	@ (10003870 <hw_endpoint_init+0xc4>)
1000384a:	eb02 02c3 	add.w	r2, r2, r3, lsl #3
1000384e:	eb00 0044 	add.w	r0, r0, r4, lsl #1
10003852:	4b02      	ldr	r3, [pc, #8]	@ (1000385c <hw_endpoint_init+0xb0>)
10003854:	eb03 1040 	add.w	r0, r3, r0, lsl #5
10003858:	6042      	str	r2, [r0, #4]
1000385a:	e7db      	b.n	10003814 <hw_endpoint_init+0x68>
1000385c:	20001614 	.word	0x20001614
10003860:	50100084 	.word	0x50100084
10003864:	50100100 	.word	0x50100100
10003868:	50100080 	.word	0x50100080
1000386c:	5010000c 	.word	0x5010000c
10003870:	50100008 	.word	0x50100008

10003874 <hw_endpoint_alloc>:
10003874:	b508      	push	{r3, lr}
10003876:	8b03      	ldrh	r3, [r0, #24]
10003878:	333f      	adds	r3, #63	@ 0x3f
1000387a:	f023 033f 	bic.w	r3, r3, #63	@ 0x3f
1000387e:	7ec2      	ldrb	r2, [r0, #27]
10003880:	2a02      	cmp	r2, #2
10003882:	d008      	beq.n	10003896 <hw_endpoint_alloc+0x22>
10003884:	4908      	ldr	r1, [pc, #32]	@ (100038a8 <hw_endpoint_alloc+0x34>)
10003886:	680a      	ldr	r2, [r1, #0]
10003888:	60c2      	str	r2, [r0, #12]
1000388a:	4413      	add	r3, r2
1000388c:	600b      	str	r3, [r1, #0]
1000388e:	4a07      	ldr	r2, [pc, #28]	@ (100038ac <hw_endpoint_alloc+0x38>)
10003890:	4293      	cmp	r3, r2
10003892:	d802      	bhi.n	1000389a <hw_endpoint_alloc+0x26>
10003894:	bd08      	pop	{r3, pc}
10003896:	005b      	lsls	r3, r3, #1
10003898:	e7f4      	b.n	10003884 <hw_endpoint_alloc+0x10>
1000389a:	4b05      	ldr	r3, [pc, #20]	@ (100038b0 <hw_endpoint_alloc+0x3c>)
1000389c:	4a05      	ldr	r2, [pc, #20]	@ (100038b4 <hw_endpoint_alloc+0x40>)
1000389e:	2152      	movs	r1, #82	@ 0x52
100038a0:	4805      	ldr	r0, [pc, #20]	@ (100038b8 <hw_endpoint_alloc+0x44>)
100038a2:	f7ff faf1 	bl	10002e88 <__assert_func>
100038a6:	bf00      	nop
100038a8:	20001a18 	.word	0x20001a18
100038ac:	50100fff 	.word	0x50100fff
100038b0:	100069c4 	.word	0x100069c4
100038b4:	10006f38 	.word	0x10006f38
100038b8:	10006a08 	.word	0x10006a08

100038bc <hw_endpoint_open>:
100038bc:	b570      	push	{r4, r5, r6, lr}
100038be:	f000 057f 	and.w	r5, r0, #127	@ 0x7f
100038c2:	ea4f 0c45 	mov.w	ip, r5, lsl #1
100038c6:	eb0c 13d0 	add.w	r3, ip, r0, lsr #7
100038ca:	4c0c      	ldr	r4, [pc, #48]	@ (100038fc <hw_endpoint_open+0x40>)
100038cc:	eb04 1443 	add.w	r4, r4, r3, lsl #5
100038d0:	f7ff ff6c 	bl	100037ac <hw_endpoint_init>
100038d4:	b905      	cbnz	r5, 100038d8 <hw_endpoint_open+0x1c>
100038d6:	bd70      	pop	{r4, r5, r6, pc}
100038d8:	8b21      	ldrh	r1, [r4, #24]
100038da:	4620      	mov	r0, r4
100038dc:	f7ff ffca 	bl	10003874 <hw_endpoint_alloc>
100038e0:	7ee2      	ldrb	r2, [r4, #27]
100038e2:	68e3      	ldr	r3, [r4, #12]
100038e4:	f083 43a0 	eor.w	r3, r3, #1342177280	@ 0x50000000
100038e8:	f483 1380 	eor.w	r3, r3, #1048576	@ 0x100000
100038ec:	ea43 6382 	orr.w	r3, r3, r2, lsl #26
100038f0:	f043 4300 	orr.w	r3, r3, #2147483648	@ 0x80000000
100038f4:	6862      	ldr	r2, [r4, #4]
100038f6:	6013      	str	r3, [r2, #0]
100038f8:	e7ed      	b.n	100038d6 <hw_endpoint_open+0x1a>
100038fa:	bf00      	nop
100038fc:	20001614 	.word	0x20001614

10003900 <hw_endpoint_xfer>:
10003900:	b508      	push	{r3, lr}
10003902:	f000 037f 	and.w	r3, r0, #127	@ 0x7f
10003906:	005b      	lsls	r3, r3, #1
10003908:	eb03 10d0 	add.w	r0, r3, r0, lsr #7
1000390c:	4b02      	ldr	r3, [pc, #8]	@ (10003918 <hw_endpoint_xfer+0x18>)
1000390e:	eb03 1040 	add.w	r0, r3, r0, lsl #5
10003912:	f000 f91b 	bl	10003b4c <hw_endpoint_xfer_start>
10003916:	bd08      	pop	{r3, pc}
10003918:	20001614 	.word	0x20001614

1000391c <dcd_int_enable>:
1000391c:	b508      	push	{r3, lr}
1000391e:	b920      	cbnz	r0, 1000392a <dcd_int_enable+0xe>
10003920:	2101      	movs	r1, #1
10003922:	200e      	movs	r0, #14
10003924:	f7fc feba 	bl	1000069c <irq_set_enabled>
10003928:	bd08      	pop	{r3, pc}
1000392a:	4b03      	ldr	r3, [pc, #12]	@ (10003938 <dcd_int_enable+0x1c>)
1000392c:	4a03      	ldr	r2, [pc, #12]	@ (1000393c <dcd_int_enable+0x20>)
1000392e:	f240 1197 	movw	r1, #407	@ 0x197
10003932:	4803      	ldr	r0, [pc, #12]	@ (10003940 <dcd_int_enable+0x24>)
10003934:	f7ff faa8 	bl	10002e88 <__assert_func>
10003938:	10006a78 	.word	0x10006a78
1000393c:	10006f28 	.word	0x10006f28
10003940:	10006a08 	.word	0x10006a08

10003944 <dcd_set_address>:
10003944:	b508      	push	{r3, lr}
10003946:	b928      	cbnz	r0, 10003954 <dcd_set_address+0x10>
10003948:	2200      	movs	r2, #0
1000394a:	4611      	mov	r1, r2
1000394c:	2080      	movs	r0, #128	@ 0x80
1000394e:	f7ff ffd7 	bl	10003900 <hw_endpoint_xfer>
10003952:	bd08      	pop	{r3, pc}
10003954:	4b03      	ldr	r3, [pc, #12]	@ (10003964 <dcd_set_address+0x20>)
10003956:	4a04      	ldr	r2, [pc, #16]	@ (10003968 <dcd_set_address+0x24>)
10003958:	f240 11a1 	movw	r1, #417	@ 0x1a1
1000395c:	4803      	ldr	r0, [pc, #12]	@ (1000396c <dcd_set_address+0x28>)
1000395e:	f7ff fa93 	bl	10002e88 <__assert_func>
10003962:	bf00      	nop
10003964:	10006a78 	.word	0x10006a78
10003968:	10006f18 	.word	0x10006f18
1000396c:	10006a08 	.word	0x10006a08

10003970 <dcd_connect>:
10003970:	4b02      	ldr	r3, [pc, #8]	@ (1000397c <dcd_connect+0xc>)
10003972:	f44f 3280 	mov.w	r2, #65536	@ 0x10000
10003976:	64da      	str	r2, [r3, #76]	@ 0x4c
10003978:	4770      	bx	lr
1000397a:	bf00      	nop
1000397c:	50112000 	.word	0x50112000

10003980 <dcd_init>:
10003980:	b570      	push	{r4, r5, r6, lr}
10003982:	bb48      	cbnz	r0, 100039d8 <dcd_init+0x58>
10003984:	4606      	mov	r6, r0
10003986:	f000 f8c1 	bl	10003b0c <rp2040_usb_init>
1000398a:	4c17      	ldr	r4, [pc, #92]	@ (100039e8 <dcd_init+0x68>)
1000398c:	230c      	movs	r3, #12
1000398e:	67a3      	str	r3, [r4, #120]	@ 0x78
10003990:	22ff      	movs	r2, #255	@ 0xff
10003992:	4916      	ldr	r1, [pc, #88]	@ (100039ec <dcd_init+0x6c>)
10003994:	200e      	movs	r0, #14
10003996:	f7fc fedb 	bl	10000750 <irq_add_shared_handler>
1000399a:	2540      	movs	r5, #64	@ 0x40
1000399c:	462a      	mov	r2, r5
1000399e:	2100      	movs	r1, #0
100039a0:	4813      	ldr	r0, [pc, #76]	@ (100039f0 <dcd_init+0x70>)
100039a2:	f002 fb61 	bl	10006068 <memset>
100039a6:	2200      	movs	r2, #0
100039a8:	4629      	mov	r1, r5
100039aa:	4610      	mov	r0, r2
100039ac:	f7ff ff86 	bl	100038bc <hw_endpoint_open>
100039b0:	2200      	movs	r2, #0
100039b2:	4629      	mov	r1, r5
100039b4:	2080      	movs	r0, #128	@ 0x80
100039b6:	f7ff ff81 	bl	100038bc <hw_endpoint_open>
100039ba:	f002 fc55 	bl	10006268 <__reset_non_control_endpoints_veneer>
100039be:	2501      	movs	r5, #1
100039c0:	6425      	str	r5, [r4, #64]	@ 0x40
100039c2:	f04f 5300 	mov.w	r3, #536870912	@ 0x20000000
100039c6:	64e3      	str	r3, [r4, #76]	@ 0x4c
100039c8:	4b0a      	ldr	r3, [pc, #40]	@ (100039f4 <dcd_init+0x74>)
100039ca:	f8c4 3090 	str.w	r3, [r4, #144]	@ 0x90
100039ce:	4630      	mov	r0, r6
100039d0:	f7ff ffce 	bl	10003970 <dcd_connect>
100039d4:	4628      	mov	r0, r5
100039d6:	bd70      	pop	{r4, r5, r6, pc}
100039d8:	4b07      	ldr	r3, [pc, #28]	@ (100039f8 <dcd_init+0x78>)
100039da:	4a08      	ldr	r2, [pc, #32]	@ (100039fc <dcd_init+0x7c>)
100039dc:	f240 1163 	movw	r1, #355	@ 0x163
100039e0:	4807      	ldr	r0, [pc, #28]	@ (10003a00 <dcd_init+0x80>)
100039e2:	f7ff fa51 	bl	10002e88 <__assert_func>
100039e6:	bf00      	nop
100039e8:	50110000 	.word	0x50110000
100039ec:	20000399 	.word	0x20000399
100039f0:	20001614 	.word	0x20001614
100039f4:	0001d010 	.word	0x0001d010
100039f8:	10006a78 	.word	0x10006a78
100039fc:	10006f4c 	.word	0x10006f4c
10003a00:	10006a08 	.word	0x10006a08

10003a04 <dcd_sof_enable>:
10003a04:	4b04      	ldr	r3, [pc, #16]	@ (10003a18 <dcd_sof_enable+0x14>)
10003a06:	7019      	strb	r1, [r3, #0]
10003a08:	b121      	cbz	r1, 10003a14 <dcd_sof_enable+0x10>
10003a0a:	4b04      	ldr	r3, [pc, #16]	@ (10003a1c <dcd_sof_enable+0x18>)
10003a0c:	f44f 3200 	mov.w	r2, #131072	@ 0x20000
10003a10:	f8c3 2090 	str.w	r2, [r3, #144]	@ 0x90
10003a14:	4770      	bx	lr
10003a16:	bf00      	nop
10003a18:	20001a82 	.word	0x20001a82
10003a1c:	50112000 	.word	0x50112000

10003a20 <dcd_edpt0_status_complete>:
10003a20:	780b      	ldrb	r3, [r1, #0]
10003a22:	f013 0f7f 	tst.w	r3, #127	@ 0x7f
10003a26:	d102      	bne.n	10003a2e <dcd_edpt0_status_complete+0xe>
10003a28:	784b      	ldrb	r3, [r1, #1]
10003a2a:	2b05      	cmp	r3, #5
10003a2c:	d000      	beq.n	10003a30 <dcd_edpt0_status_complete+0x10>
10003a2e:	4770      	bx	lr
10003a30:	884b      	ldrh	r3, [r1, #2]
10003a32:	b2db      	uxtb	r3, r3
10003a34:	4a01      	ldr	r2, [pc, #4]	@ (10003a3c <dcd_edpt0_status_complete+0x1c>)
10003a36:	6013      	str	r3, [r2, #0]
10003a38:	e7f9      	b.n	10003a2e <dcd_edpt0_status_complete+0xe>
10003a3a:	bf00      	nop
10003a3c:	50110000 	.word	0x50110000

10003a40 <dcd_edpt_open>:
10003a40:	78ca      	ldrb	r2, [r1, #3]
10003a42:	f002 0203 	and.w	r2, r2, #3
10003a46:	2a01      	cmp	r2, #1
10003a48:	d009      	beq.n	10003a5e <dcd_edpt_open+0x1e>
10003a4a:	b508      	push	{r3, lr}
10003a4c:	460b      	mov	r3, r1
10003a4e:	8889      	ldrh	r1, [r1, #4]
10003a50:	f3c1 010a 	ubfx	r1, r1, #0, #11
10003a54:	7898      	ldrb	r0, [r3, #2]
10003a56:	f7ff ff31 	bl	100038bc <hw_endpoint_open>
10003a5a:	2001      	movs	r0, #1
10003a5c:	bd08      	pop	{r3, pc}
10003a5e:	2000      	movs	r0, #0
10003a60:	4770      	bx	lr

10003a62 <dcd_edpt_close_all>:
10003a62:	b508      	push	{r3, lr}
10003a64:	f002 fc00 	bl	10006268 <__reset_non_control_endpoints_veneer>
10003a68:	bd08      	pop	{r3, pc}
	...

10003a6c <dcd_edpt_xfer>:
10003a6c:	b510      	push	{r4, lr}
10003a6e:	b930      	cbnz	r0, 10003a7e <dcd_edpt_xfer+0x12>
10003a70:	4608      	mov	r0, r1
10003a72:	4611      	mov	r1, r2
10003a74:	461a      	mov	r2, r3
10003a76:	f7ff ff43 	bl	10003900 <hw_endpoint_xfer>
10003a7a:	2001      	movs	r0, #1
10003a7c:	bd10      	pop	{r4, pc}
10003a7e:	4b03      	ldr	r3, [pc, #12]	@ (10003a8c <dcd_edpt_xfer+0x20>)
10003a80:	4a03      	ldr	r2, [pc, #12]	@ (10003a90 <dcd_edpt_xfer+0x24>)
10003a82:	f44f 7101 	mov.w	r1, #516	@ 0x204
10003a86:	4803      	ldr	r0, [pc, #12]	@ (10003a94 <dcd_edpt_xfer+0x28>)
10003a88:	f7ff f9fe 	bl	10002e88 <__assert_func>
10003a8c:	10006a78 	.word	0x10006a78
10003a90:	10006f08 	.word	0x10006f08
10003a94:	10006a08 	.word	0x10006a08

10003a98 <dcd_edpt_stall>:
10003a98:	b508      	push	{r3, lr}
10003a9a:	f011 037f 	ands.w	r3, r1, #127	@ 0x7f
10003a9e:	d104      	bne.n	10003aaa <dcd_edpt_stall+0x12>
10003aa0:	09ca      	lsrs	r2, r1, #7
10003aa2:	d10e      	bne.n	10003ac2 <dcd_edpt_stall+0x2a>
10003aa4:	2002      	movs	r0, #2
10003aa6:	4a08      	ldr	r2, [pc, #32]	@ (10003ac8 <dcd_edpt_stall+0x30>)
10003aa8:	6690      	str	r0, [r2, #104]	@ 0x68
10003aaa:	005b      	lsls	r3, r3, #1
10003aac:	eb03 13d1 	add.w	r3, r3, r1, lsr #7
10003ab0:	f44f 6200 	mov.w	r2, #2048	@ 0x800
10003ab4:	2100      	movs	r1, #0
10003ab6:	4805      	ldr	r0, [pc, #20]	@ (10003acc <dcd_edpt_stall+0x34>)
10003ab8:	eb00 1043 	add.w	r0, r0, r3, lsl #5
10003abc:	f002 fbec 	bl	10006298 <___hw_endpoint_buffer_control_update32_veneer>
10003ac0:	bd08      	pop	{r3, pc}
10003ac2:	2001      	movs	r0, #1
10003ac4:	e7ef      	b.n	10003aa6 <dcd_edpt_stall+0xe>
10003ac6:	bf00      	nop
10003ac8:	50112000 	.word	0x50112000
10003acc:	20001614 	.word	0x20001614

10003ad0 <dcd_edpt_clear_stall>:
10003ad0:	b508      	push	{r3, lr}
10003ad2:	f011 037f 	ands.w	r3, r1, #127	@ 0x7f
10003ad6:	d100      	bne.n	10003ada <dcd_edpt_clear_stall+0xa>
10003ad8:	bd08      	pop	{r3, pc}
10003ada:	005b      	lsls	r3, r3, #1
10003adc:	eb03 13d1 	add.w	r3, r3, r1, lsr #7
10003ae0:	4804      	ldr	r0, [pc, #16]	@ (10003af4 <dcd_edpt_clear_stall+0x24>)
10003ae2:	eb00 1043 	add.w	r0, r0, r3, lsl #5
10003ae6:	2200      	movs	r2, #0
10003ae8:	70c2      	strb	r2, [r0, #3]
10003aea:	f46f 6100 	mvn.w	r1, #2048	@ 0x800
10003aee:	f002 fbd3 	bl	10006298 <___hw_endpoint_buffer_control_update32_veneer>
10003af2:	e7f1      	b.n	10003ad8 <dcd_edpt_clear_stall+0x8>
10003af4:	20001614 	.word	0x20001614

10003af8 <unaligned_memcpy>:
10003af8:	e004      	b.n	10003b04 <unaligned_memcpy+0xc>
10003afa:	f811 2b01 	ldrb.w	r2, [r1], #1
10003afe:	f800 2b01 	strb.w	r2, [r0], #1
10003b02:	461a      	mov	r2, r3
10003b04:	1e53      	subs	r3, r2, #1
10003b06:	2a00      	cmp	r2, #0
10003b08:	d1f7      	bne.n	10003afa <unaligned_memcpy+0x2>
10003b0a:	4770      	bx	lr

10003b0c <rp2040_usb_init>:
10003b0c:	b508      	push	{r3, lr}
10003b0e:	f04f 5380 	mov.w	r3, #268435456	@ 0x10000000
10003b12:	4a0a      	ldr	r2, [pc, #40]	@ (10003b3c <rp2040_usb_init+0x30>)
10003b14:	6013      	str	r3, [r2, #0]
10003b16:	f502 5280 	add.w	r2, r2, #4096	@ 0x1000
10003b1a:	6013      	str	r3, [r2, #0]
10003b1c:	4b08      	ldr	r3, [pc, #32]	@ (10003b40 <rp2040_usb_init+0x34>)
10003b1e:	689b      	ldr	r3, [r3, #8]
10003b20:	f013 5f80 	tst.w	r3, #268435456	@ 0x10000000
10003b24:	d0fa      	beq.n	10003b1c <rp2040_usb_init+0x10>
10003b26:	f44f 5280 	mov.w	r2, #4096	@ 0x1000
10003b2a:	2100      	movs	r1, #0
10003b2c:	4805      	ldr	r0, [pc, #20]	@ (10003b44 <rp2040_usb_init+0x38>)
10003b2e:	f002 fa9b 	bl	10006068 <memset>
10003b32:	4b05      	ldr	r3, [pc, #20]	@ (10003b48 <rp2040_usb_init+0x3c>)
10003b34:	2209      	movs	r2, #9
10003b36:	675a      	str	r2, [r3, #116]	@ 0x74
10003b38:	bd08      	pop	{r3, pc}
10003b3a:	bf00      	nop
10003b3c:	40022000 	.word	0x40022000
10003b40:	40020000 	.word	0x40020000
10003b44:	50100000 	.word	0x50100000
10003b48:	50110000 	.word	0x50110000

10003b4c <hw_endpoint_xfer_start>:
10003b4c:	b570      	push	{r4, r5, r6, lr}
10003b4e:	4604      	mov	r4, r0
10003b50:	460d      	mov	r5, r1
10003b52:	4616      	mov	r6, r2
10003b54:	7e83      	ldrb	r3, [r0, #26]
10003b56:	b9ab      	cbnz	r3, 10003b84 <hw_endpoint_xfer_start+0x38>
10003b58:	82a6      	strh	r6, [r4, #20]
10003b5a:	2300      	movs	r3, #0
10003b5c:	82e3      	strh	r3, [r4, #22]
10003b5e:	2301      	movs	r3, #1
10003b60:	76a3      	strb	r3, [r4, #26]
10003b62:	6125      	str	r5, [r4, #16]
10003b64:	4620      	mov	r0, r4
10003b66:	f002 fb87 	bl	10006278 <__e15_is_bulkin_ep_veneer>
10003b6a:	b120      	cbz	r0, 10003b76 <hw_endpoint_xfer_start+0x2a>
10003b6c:	4b0b      	ldr	r3, [pc, #44]	@ (10003b9c <hw_endpoint_xfer_start+0x50>)
10003b6e:	f44f 3200 	mov.w	r2, #131072	@ 0x20000
10003b72:	f8c3 2090 	str.w	r2, [r3, #144]	@ 0x90
10003b76:	4620      	mov	r0, r4
10003b78:	f002 fb8a 	bl	10006290 <__e15_is_critical_frame_period_veneer>
10003b7c:	b150      	cbz	r0, 10003b94 <hw_endpoint_xfer_start+0x48>
10003b7e:	2301      	movs	r3, #1
10003b80:	7723      	strb	r3, [r4, #28]
10003b82:	bd70      	pop	{r4, r5, r6, pc}
10003b84:	7881      	ldrb	r1, [r0, #2]
10003b86:	4806      	ldr	r0, [pc, #24]	@ (10003ba0 <hw_endpoint_xfer_start+0x54>)
10003b88:	f7ff fade 	bl	10003148 <__wrap_printf>
10003b8c:	4620      	mov	r0, r4
10003b8e:	f002 fb63 	bl	10006258 <__hw_endpoint_reset_transfer_veneer>
10003b92:	e7e1      	b.n	10003b58 <hw_endpoint_xfer_start+0xc>
10003b94:	4620      	mov	r0, r4
10003b96:	f002 fb6b 	bl	10006270 <__hw_endpoint_start_next_buffer_veneer>
10003b9a:	e7f2      	b.n	10003b82 <hw_endpoint_xfer_start+0x36>
10003b9c:	50112000 	.word	0x50112000
10003ba0:	10006b68 	.word	0x10006b68

10003ba4 <configuration_reset>:
10003ba4:	b538      	push	{r3, r4, r5, lr}
10003ba6:	4605      	mov	r5, r0
10003ba8:	2400      	movs	r4, #0
10003baa:	e008      	b.n	10003bbe <configuration_reset+0x1a>
10003bac:	1ad2      	subs	r2, r2, r3
10003bae:	4b1b      	ldr	r3, [pc, #108]	@ (10003c1c <configuration_reset+0x78>)
10003bb0:	eb03 1342 	add.w	r3, r3, r2, lsl #5
10003bb4:	68db      	ldr	r3, [r3, #12]
10003bb6:	4628      	mov	r0, r5
10003bb8:	4798      	blx	r3
10003bba:	3401      	adds	r4, #1
10003bbc:	b2e4      	uxtb	r4, r4
10003bbe:	4b18      	ldr	r3, [pc, #96]	@ (10003c20 <configuration_reset+0x7c>)
10003bc0:	781b      	ldrb	r3, [r3, #0]
10003bc2:	4622      	mov	r2, r4
10003bc4:	1c59      	adds	r1, r3, #1
10003bc6:	42a1      	cmp	r1, r4
10003bc8:	db15      	blt.n	10003bf6 <configuration_reset+0x52>
10003bca:	42a3      	cmp	r3, r4
10003bcc:	d9ee      	bls.n	10003bac <configuration_reset+0x8>
10003bce:	4b15      	ldr	r3, [pc, #84]	@ (10003c24 <configuration_reset+0x80>)
10003bd0:	681b      	ldr	r3, [r3, #0]
10003bd2:	eb13 1344 	adds.w	r3, r3, r4, lsl #5
10003bd6:	d1ed      	bne.n	10003bb4 <configuration_reset+0x10>
10003bd8:	f240 2225 	movw	r2, #549	@ 0x225
10003bdc:	4912      	ldr	r1, [pc, #72]	@ (10003c28 <configuration_reset+0x84>)
10003bde:	4813      	ldr	r0, [pc, #76]	@ (10003c2c <configuration_reset+0x88>)
10003be0:	f7ff fab2 	bl	10003148 <__wrap_printf>
10003be4:	f04f 23e0 	mov.w	r3, #3758153728	@ 0xe000e000
10003be8:	f8d3 3df0 	ldr.w	r3, [r3, #3568]	@ 0xdf0
10003bec:	f013 0f01 	tst.w	r3, #1
10003bf0:	d013      	beq.n	10003c1a <configuration_reset+0x76>
10003bf2:	be00      	bkpt	0x0000
10003bf4:	e011      	b.n	10003c1a <configuration_reset+0x76>
10003bf6:	4c0e      	ldr	r4, [pc, #56]	@ (10003c30 <configuration_reset+0x8c>)
10003bf8:	2254      	movs	r2, #84	@ 0x54
10003bfa:	2100      	movs	r1, #0
10003bfc:	4620      	mov	r0, r4
10003bfe:	f002 fa33 	bl	10006068 <memset>
10003c02:	f04f 33ff 	mov.w	r3, #4294967295	@ 0xffffffff
10003c06:	6063      	str	r3, [r4, #4]
10003c08:	60a3      	str	r3, [r4, #8]
10003c0a:	60e3      	str	r3, [r4, #12]
10003c0c:	6123      	str	r3, [r4, #16]
10003c0e:	2220      	movs	r2, #32
10003c10:	21ff      	movs	r1, #255	@ 0xff
10003c12:	f104 0014 	add.w	r0, r4, #20
10003c16:	f002 fa27 	bl	10006068 <memset>
10003c1a:	bd38      	pop	{r3, r4, r5, pc}
10003c1c:	10007020 	.word	0x10007020
10003c20:	20001a81 	.word	0x20001a81
10003c24:	20000ff0 	.word	0x20000ff0
10003c28:	10006fec 	.word	0x10006fec
10003c2c:	10006ba0 	.word	0x10006ba0
10003c30:	200011c0 	.word	0x200011c0

10003c34 <usbd_reset>:
10003c34:	b508      	push	{r3, lr}
10003c36:	f7ff ffb5 	bl	10003ba4 <configuration_reset>
10003c3a:	f000 ff41 	bl	10004ac0 <usbd_control_reset>
10003c3e:	bd08      	pop	{r3, pc}

10003c40 <invoke_class_control>:
10003c40:	b570      	push	{r4, r5, r6, lr}
10003c42:	4605      	mov	r5, r0
10003c44:	460c      	mov	r4, r1
10003c46:	4616      	mov	r6, r2
10003c48:	6948      	ldr	r0, [r1, #20]
10003c4a:	f000 ff43 	bl	10004ad4 <usbd_control_set_complete_callback>
10003c4e:	6963      	ldr	r3, [r4, #20]
10003c50:	4632      	mov	r2, r6
10003c52:	2101      	movs	r1, #1
10003c54:	4628      	mov	r0, r5
10003c56:	4798      	blx	r3
10003c58:	bd70      	pop	{r4, r5, r6, pc}
	...

10003c5c <process_set_config>:
10003c5c:	e92d 4ff0 	stmdb	sp!, {r4, r5, r6, r7, r8, r9, sl, fp, lr}
10003c60:	b083      	sub	sp, #12
10003c62:	4682      	mov	sl, r0
10003c64:	1e48      	subs	r0, r1, #1
10003c66:	b2c0      	uxtb	r0, r0
10003c68:	f7ff fd0e 	bl	10003688 <tud_descriptor_configuration_cb>
10003c6c:	b120      	cbz	r0, 10003c78 <process_set_config+0x1c>
10003c6e:	4683      	mov	fp, r0
10003c70:	7843      	ldrb	r3, [r0, #1]
10003c72:	9301      	str	r3, [sp, #4]
10003c74:	2b02      	cmp	r3, #2
10003c76:	d011      	beq.n	10003c9c <process_set_config+0x40>
10003c78:	f240 32d6 	movw	r2, #982	@ 0x3d6
10003c7c:	4962      	ldr	r1, [pc, #392]	@ (10003e08 <process_set_config+0x1ac>)
10003c7e:	4863      	ldr	r0, [pc, #396]	@ (10003e0c <process_set_config+0x1b0>)
10003c80:	f7ff fa62 	bl	10003148 <__wrap_printf>
10003c84:	f04f 23e0 	mov.w	r3, #3758153728	@ 0xe000e000
10003c88:	f8d3 3df0 	ldr.w	r3, [r3, #3568]	@ 0xdf0
10003c8c:	f013 0f01 	tst.w	r3, #1
10003c90:	d000      	beq.n	10003c94 <process_set_config+0x38>
10003c92:	be00      	bkpt	0x0000
10003c94:	2000      	movs	r0, #0
10003c96:	b003      	add	sp, #12
10003c98:	e8bd 8ff0 	ldmia.w	sp!, {r4, r5, r6, r7, r8, r9, sl, fp, pc}
10003c9c:	79c2      	ldrb	r2, [r0, #7]
10003c9e:	f3c2 1040 	ubfx	r0, r2, #5, #1
10003ca2:	4b5b      	ldr	r3, [pc, #364]	@ (10003e10 <process_set_config+0x1b4>)
10003ca4:	7819      	ldrb	r1, [r3, #0]
10003ca6:	f360 1104 	bfi	r1, r0, #4, #1
10003caa:	7019      	strb	r1, [r3, #0]
10003cac:	f3c2 1280 	ubfx	r2, r2, #6, #1
10003cb0:	b2c9      	uxtb	r1, r1
10003cb2:	f362 1145 	bfi	r1, r2, #5, #1
10003cb6:	7019      	strb	r1, [r3, #0]
10003cb8:	f10b 0809 	add.w	r8, fp, #9
10003cbc:	f8bb 3002 	ldrh.w	r3, [fp, #2]
10003cc0:	449b      	add	fp, r3
10003cc2:	e07b      	b.n	10003dbc <process_set_config+0x160>
10003cc4:	f898 3003 	ldrb.w	r3, [r8, #3]
10003cc8:	f898 2000 	ldrb.w	r2, [r8]
10003ccc:	4490      	add	r8, r2
10003cce:	e07d      	b.n	10003dcc <process_set_config+0x170>
10003cd0:	f240 32f1 	movw	r2, #1009	@ 0x3f1
10003cd4:	494c      	ldr	r1, [pc, #304]	@ (10003e08 <process_set_config+0x1ac>)
10003cd6:	484d      	ldr	r0, [pc, #308]	@ (10003e0c <process_set_config+0x1b0>)
10003cd8:	f7ff fa36 	bl	10003148 <__wrap_printf>
10003cdc:	f04f 23e0 	mov.w	r3, #3758153728	@ 0xe000e000
10003ce0:	f8d3 3df0 	ldr.w	r3, [r3, #3568]	@ 0xdf0
10003ce4:	f013 0f01 	tst.w	r3, #1
10003ce8:	d000      	beq.n	10003cec <process_set_config+0x90>
10003cea:	be00      	bkpt	0x0000
10003cec:	2000      	movs	r0, #0
10003cee:	e7d2      	b.n	10003c96 <process_set_config+0x3a>
10003cf0:	1af3      	subs	r3, r6, r3
10003cf2:	4a48      	ldr	r2, [pc, #288]	@ (10003e14 <process_set_config+0x1b8>)
10003cf4:	eb02 1943 	add.w	r9, r2, r3, lsl #5
10003cf8:	f8d9 3010 	ldr.w	r3, [r9, #16]
10003cfc:	462a      	mov	r2, r5
10003cfe:	4641      	mov	r1, r8
10003d00:	4650      	mov	r0, sl
10003d02:	4798      	blx	r3
10003d04:	2808      	cmp	r0, #8
10003d06:	d901      	bls.n	10003d0c <process_set_config+0xb0>
10003d08:	4285      	cmp	r5, r0
10003d0a:	d21e      	bcs.n	10003d4a <process_set_config+0xee>
10003d0c:	3401      	adds	r4, #1
10003d0e:	b2e4      	uxtb	r4, r4
10003d10:	4b41      	ldr	r3, [pc, #260]	@ (10003e18 <process_set_config+0x1bc>)
10003d12:	781b      	ldrb	r3, [r3, #0]
10003d14:	4626      	mov	r6, r4
10003d16:	1c5a      	adds	r2, r3, #1
10003d18:	42a2      	cmp	r2, r4
10003d1a:	db4a      	blt.n	10003db2 <process_set_config+0x156>
10003d1c:	42a3      	cmp	r3, r4
10003d1e:	d9e7      	bls.n	10003cf0 <process_set_config+0x94>
10003d20:	4b3e      	ldr	r3, [pc, #248]	@ (10003e1c <process_set_config+0x1c0>)
10003d22:	681b      	ldr	r3, [r3, #0]
10003d24:	eb13 1944 	adds.w	r9, r3, r4, lsl #5
10003d28:	d1e6      	bne.n	10003cf8 <process_set_config+0x9c>
10003d2a:	f240 32fa 	movw	r2, #1018	@ 0x3fa
10003d2e:	4936      	ldr	r1, [pc, #216]	@ (10003e08 <process_set_config+0x1ac>)
10003d30:	4836      	ldr	r0, [pc, #216]	@ (10003e0c <process_set_config+0x1b0>)
10003d32:	f7ff fa09 	bl	10003148 <__wrap_printf>
10003d36:	f04f 23e0 	mov.w	r3, #3758153728	@ 0xe000e000
10003d3a:	f8d3 3df0 	ldr.w	r3, [r3, #3568]	@ 0xdf0
10003d3e:	f013 0f01 	tst.w	r3, #1
10003d42:	d000      	beq.n	10003d46 <process_set_config+0xea>
10003d44:	be00      	bkpt	0x0000
10003d46:	2000      	movs	r0, #0
10003d48:	e7a5      	b.n	10003c96 <process_set_config+0x3a>
10003d4a:	463b      	mov	r3, r7
10003d4c:	464f      	mov	r7, r9
10003d4e:	4681      	mov	r9, r0
10003d50:	2b01      	cmp	r3, #1
10003d52:	d011      	beq.n	10003d78 <process_set_config+0x11c>
10003d54:	2100      	movs	r1, #0
10003d56:	428b      	cmp	r3, r1
10003d58:	d924      	bls.n	10003da4 <process_set_config+0x148>
10003d5a:	f898 2002 	ldrb.w	r2, [r8, #2]
10003d5e:	440a      	add	r2, r1
10003d60:	b2d2      	uxtb	r2, r2
10003d62:	482b      	ldr	r0, [pc, #172]	@ (10003e10 <process_set_config+0x1b4>)
10003d64:	4410      	add	r0, r2
10003d66:	7900      	ldrb	r0, [r0, #4]
10003d68:	28ff      	cmp	r0, #255	@ 0xff
10003d6a:	d10b      	bne.n	10003d84 <process_set_config+0x128>
10003d6c:	4828      	ldr	r0, [pc, #160]	@ (10003e10 <process_set_config+0x1b4>)
10003d6e:	4402      	add	r2, r0
10003d70:	7114      	strb	r4, [r2, #4]
10003d72:	3101      	adds	r1, #1
10003d74:	b2c9      	uxtb	r1, r1
10003d76:	e7ee      	b.n	10003d56 <process_set_config+0xfa>
10003d78:	6939      	ldr	r1, [r7, #16]
10003d7a:	4a29      	ldr	r2, [pc, #164]	@ (10003e20 <process_set_config+0x1c4>)
10003d7c:	4291      	cmp	r1, r2
10003d7e:	d1e9      	bne.n	10003d54 <process_set_config+0xf8>
10003d80:	9b01      	ldr	r3, [sp, #4]
10003d82:	e7e7      	b.n	10003d54 <process_set_config+0xf8>
10003d84:	f240 4219 	movw	r2, #1049	@ 0x419
10003d88:	491f      	ldr	r1, [pc, #124]	@ (10003e08 <process_set_config+0x1ac>)
10003d8a:	4820      	ldr	r0, [pc, #128]	@ (10003e0c <process_set_config+0x1b0>)
10003d8c:	f7ff f9dc 	bl	10003148 <__wrap_printf>
10003d90:	f04f 23e0 	mov.w	r3, #3758153728	@ 0xe000e000
10003d94:	f8d3 3df0 	ldr.w	r3, [r3, #3568]	@ 0xdf0
10003d98:	f013 0f01 	tst.w	r3, #1
10003d9c:	d000      	beq.n	10003da0 <process_set_config+0x144>
10003d9e:	be00      	bkpt	0x0000
10003da0:	2000      	movs	r0, #0
10003da2:	e778      	b.n	10003c96 <process_set_config+0x3a>
10003da4:	4623      	mov	r3, r4
10003da6:	464a      	mov	r2, r9
10003da8:	4641      	mov	r1, r8
10003daa:	481e      	ldr	r0, [pc, #120]	@ (10003e24 <process_set_config+0x1c8>)
10003dac:	f001 fd70 	bl	10005890 <tu_edpt_bind_driver>
10003db0:	44c8      	add	r8, r9
10003db2:	4b19      	ldr	r3, [pc, #100]	@ (10003e18 <process_set_config+0x1bc>)
10003db4:	781b      	ldrb	r3, [r3, #0]
10003db6:	3301      	adds	r3, #1
10003db8:	429e      	cmp	r6, r3
10003dba:	dc12      	bgt.n	10003de2 <process_set_config+0x186>
10003dbc:	45d8      	cmp	r8, fp
10003dbe:	d220      	bcs.n	10003e02 <process_set_config+0x1a6>
10003dc0:	f898 3001 	ldrb.w	r3, [r8, #1]
10003dc4:	2b0b      	cmp	r3, #11
10003dc6:	f43f af7d 	beq.w	10003cc4 <process_set_config+0x68>
10003dca:	2301      	movs	r3, #1
10003dcc:	f898 2001 	ldrb.w	r2, [r8, #1]
10003dd0:	2a04      	cmp	r2, #4
10003dd2:	f47f af7d 	bne.w	10003cd0 <process_set_config+0x74>
10003dd6:	ebab 0508 	sub.w	r5, fp, r8
10003dda:	b2ad      	uxth	r5, r5
10003ddc:	2400      	movs	r4, #0
10003dde:	461f      	mov	r7, r3
10003de0:	e796      	b.n	10003d10 <process_set_config+0xb4>
10003de2:	f44f 6285 	mov.w	r2, #1064	@ 0x428
10003de6:	4908      	ldr	r1, [pc, #32]	@ (10003e08 <process_set_config+0x1ac>)
10003de8:	4808      	ldr	r0, [pc, #32]	@ (10003e0c <process_set_config+0x1b0>)
10003dea:	f7ff f9ad 	bl	10003148 <__wrap_printf>
10003dee:	f04f 23e0 	mov.w	r3, #3758153728	@ 0xe000e000
10003df2:	f8d3 3df0 	ldr.w	r3, [r3, #3568]	@ 0xdf0
10003df6:	f013 0f01 	tst.w	r3, #1
10003dfa:	d000      	beq.n	10003dfe <process_set_config+0x1a2>
10003dfc:	be00      	bkpt	0x0000
10003dfe:	2000      	movs	r0, #0
10003e00:	e749      	b.n	10003c96 <process_set_config+0x3a>
10003e02:	2001      	movs	r0, #1
10003e04:	e747      	b.n	10003c96 <process_set_config+0x3a>
10003e06:	bf00      	nop
10003e08:	10006fc0 	.word	0x10006fc0
10003e0c:	10006ba0 	.word	0x10006ba0
10003e10:	200011c0 	.word	0x200011c0
10003e14:	10007020 	.word	0x10007020
10003e18:	20001a81 	.word	0x20001a81
10003e1c:	20000ff0 	.word	0x20000ff0
10003e20:	10004fa5 	.word	0x10004fa5
10003e24:	200011d4 	.word	0x200011d4

10003e28 <tud_event_hook_cb>:
10003e28:	4770      	bx	lr

10003e2a <tud_sof_cb>:
10003e2a:	4770      	bx	lr

10003e2c <tud_descriptor_device_qualifier_cb>:
10003e2c:	2000      	movs	r0, #0
10003e2e:	4770      	bx	lr

10003e30 <tud_descriptor_other_speed_configuration_cb>:
10003e30:	2000      	movs	r0, #0
10003e32:	4770      	bx	lr

10003e34 <process_get_descriptor>:
10003e34:	b538      	push	{r3, r4, r5, lr}
10003e36:	4605      	mov	r5, r0
10003e38:	460c      	mov	r4, r1
10003e3a:	884b      	ldrh	r3, [r1, #2]
10003e3c:	0a1a      	lsrs	r2, r3, #8
10003e3e:	b2d8      	uxtb	r0, r3
10003e40:	1e53      	subs	r3, r2, #1
10003e42:	2b0e      	cmp	r3, #14
10003e44:	d864      	bhi.n	10003f10 <process_get_descriptor+0xdc>
10003e46:	e8df f003 	tbb	[pc, r3]
10003e4a:	2d08      	.short	0x2d08
10003e4c:	5963634e 	.word	0x5963634e
10003e50:	6363632d 	.word	0x6363632d
10003e54:	63636363 	.word	0x63636363
10003e58:	22          	.byte	0x22
10003e59:	00          	.byte	0x00
10003e5a:	f7ff fc11 	bl	10003680 <tud_descriptor_device_cb>
10003e5e:	4602      	mov	r2, r0
10003e60:	b128      	cbz	r0, 10003e6e <process_get_descriptor+0x3a>
10003e62:	2312      	movs	r3, #18
10003e64:	4621      	mov	r1, r4
10003e66:	4628      	mov	r0, r5
10003e68:	f000 fdd4 	bl	10004a14 <tud_control_xfer>
10003e6c:	e051      	b.n	10003f12 <process_get_descriptor+0xde>
10003e6e:	f240 423a 	movw	r2, #1082	@ 0x43a
10003e72:	492c      	ldr	r1, [pc, #176]	@ (10003f24 <process_get_descriptor+0xf0>)
10003e74:	482c      	ldr	r0, [pc, #176]	@ (10003f28 <process_get_descriptor+0xf4>)
10003e76:	f7ff f967 	bl	10003148 <__wrap_printf>
10003e7a:	f04f 23e0 	mov.w	r3, #3758153728	@ 0xe000e000
10003e7e:	f8d3 3df0 	ldr.w	r3, [r3, #3568]	@ 0xdf0
10003e82:	f013 0f01 	tst.w	r3, #1
10003e86:	d000      	beq.n	10003e8a <process_get_descriptor+0x56>
10003e88:	be00      	bkpt	0x0000
10003e8a:	2000      	movs	r0, #0
10003e8c:	e041      	b.n	10003f12 <process_get_descriptor+0xde>
10003e8e:	f7ff f9b7 	bl	10003200 <tud_descriptor_bos_cb>
10003e92:	4602      	mov	r2, r0
10003e94:	2800      	cmp	r0, #0
10003e96:	d03d      	beq.n	10003f14 <process_get_descriptor+0xe0>
10003e98:	8843      	ldrh	r3, [r0, #2]
10003e9a:	4621      	mov	r1, r4
10003e9c:	4628      	mov	r0, r5
10003e9e:	f000 fdb9 	bl	10004a14 <tud_control_xfer>
10003ea2:	e036      	b.n	10003f12 <process_get_descriptor+0xde>
10003ea4:	2a02      	cmp	r2, #2
10003ea6:	d009      	beq.n	10003ebc <process_get_descriptor+0x88>
10003ea8:	f7ff ffc2 	bl	10003e30 <tud_descriptor_other_speed_configuration_cb>
10003eac:	4602      	mov	r2, r0
10003eae:	b398      	cbz	r0, 10003f18 <process_get_descriptor+0xe4>
10003eb0:	8853      	ldrh	r3, [r2, #2]
10003eb2:	4621      	mov	r1, r4
10003eb4:	4628      	mov	r0, r5
10003eb6:	f000 fdad 	bl	10004a14 <tud_control_xfer>
10003eba:	e02a      	b.n	10003f12 <process_get_descriptor+0xde>
10003ebc:	f7ff fbe4 	bl	10003688 <tud_descriptor_configuration_cb>
10003ec0:	4602      	mov	r2, r0
10003ec2:	2800      	cmp	r0, #0
10003ec4:	d1f4      	bne.n	10003eb0 <process_get_descriptor+0x7c>
10003ec6:	f240 4261 	movw	r2, #1121	@ 0x461
10003eca:	4916      	ldr	r1, [pc, #88]	@ (10003f24 <process_get_descriptor+0xf0>)
10003ecc:	4816      	ldr	r0, [pc, #88]	@ (10003f28 <process_get_descriptor+0xf4>)
10003ece:	f7ff f93b 	bl	10003148 <__wrap_printf>
10003ed2:	f04f 23e0 	mov.w	r3, #3758153728	@ 0xe000e000
10003ed6:	f8d3 3df0 	ldr.w	r3, [r3, #3568]	@ 0xdf0
10003eda:	f013 0f01 	tst.w	r3, #1
10003ede:	d000      	beq.n	10003ee2 <process_get_descriptor+0xae>
10003ee0:	be00      	bkpt	0x0000
10003ee2:	2000      	movs	r0, #0
10003ee4:	e015      	b.n	10003f12 <process_get_descriptor+0xde>
10003ee6:	88a1      	ldrh	r1, [r4, #4]
10003ee8:	f7ff fbd2 	bl	10003690 <tud_descriptor_string_cb>
10003eec:	4602      	mov	r2, r0
10003eee:	b1a8      	cbz	r0, 10003f1c <process_get_descriptor+0xe8>
10003ef0:	7803      	ldrb	r3, [r0, #0]
10003ef2:	4621      	mov	r1, r4
10003ef4:	4628      	mov	r0, r5
10003ef6:	f000 fd8d 	bl	10004a14 <tud_control_xfer>
10003efa:	e00a      	b.n	10003f12 <process_get_descriptor+0xde>
10003efc:	f7ff ff96 	bl	10003e2c <tud_descriptor_device_qualifier_cb>
10003f00:	4602      	mov	r2, r0
10003f02:	b168      	cbz	r0, 10003f20 <process_get_descriptor+0xec>
10003f04:	7803      	ldrb	r3, [r0, #0]
10003f06:	4621      	mov	r1, r4
10003f08:	4628      	mov	r0, r5
10003f0a:	f000 fd83 	bl	10004a14 <tud_control_xfer>
10003f0e:	e000      	b.n	10003f12 <process_get_descriptor+0xde>
10003f10:	2000      	movs	r0, #0
10003f12:	bd38      	pop	{r3, r4, r5, pc}
10003f14:	2000      	movs	r0, #0
10003f16:	e7fc      	b.n	10003f12 <process_get_descriptor+0xde>
10003f18:	2000      	movs	r0, #0
10003f1a:	e7fa      	b.n	10003f12 <process_get_descriptor+0xde>
10003f1c:	2000      	movs	r0, #0
10003f1e:	e7f8      	b.n	10003f12 <process_get_descriptor+0xde>
10003f20:	2000      	movs	r0, #0
10003f22:	e7f6      	b.n	10003f12 <process_get_descriptor+0xde>
10003f24:	10006fa8 	.word	0x10006fa8
10003f28:	10006ba0 	.word	0x10006ba0

10003f2c <tud_mount_cb>:
10003f2c:	4770      	bx	lr

10003f2e <tud_umount_cb>:
10003f2e:	4770      	bx	lr

10003f30 <tud_suspend_cb>:
10003f30:	4770      	bx	lr

10003f32 <tud_resume_cb>:
10003f32:	4770      	bx	lr

10003f34 <tud_mounted>:
10003f34:	4b02      	ldr	r3, [pc, #8]	@ (10003f40 <tud_mounted+0xc>)
10003f36:	7858      	ldrb	r0, [r3, #1]
10003f38:	3800      	subs	r0, #0
10003f3a:	bf18      	it	ne
10003f3c:	2001      	movne	r0, #1
10003f3e:	4770      	bx	lr
10003f40:	200011c0 	.word	0x200011c0

10003f44 <tud_suspended>:
10003f44:	4b02      	ldr	r3, [pc, #8]	@ (10003f50 <tud_suspended+0xc>)
10003f46:	7818      	ldrb	r0, [r3, #0]
10003f48:	f3c0 0080 	ubfx	r0, r0, #2, #1
10003f4c:	4770      	bx	lr
10003f4e:	bf00      	nop
10003f50:	200011c0 	.word	0x200011c0

10003f54 <tud_inited>:
10003f54:	4b02      	ldr	r3, [pc, #8]	@ (10003f60 <tud_inited+0xc>)
10003f56:	7818      	ldrb	r0, [r3, #0]
10003f58:	38ff      	subs	r0, #255	@ 0xff
10003f5a:	bf18      	it	ne
10003f5c:	2001      	movne	r0, #1
10003f5e:	4770      	bx	lr
10003f60:	20000e58 	.word	0x20000e58

10003f64 <tud_rhport_init>:
10003f64:	b5f8      	push	{r3, r4, r5, r6, r7, lr}
10003f66:	4606      	mov	r6, r0
10003f68:	460d      	mov	r5, r1
10003f6a:	f7ff fff3 	bl	10003f54 <tud_inited>
10003f6e:	4607      	mov	r7, r0
10003f70:	2800      	cmp	r0, #0
10003f72:	d154      	bne.n	1000401e <tud_rhport_init+0xba>
10003f74:	b305      	cbz	r5, 10003fb8 <tud_rhport_init+0x54>
10003f76:	2254      	movs	r2, #84	@ 0x54
10003f78:	2100      	movs	r1, #0
10003f7a:	4837      	ldr	r0, [pc, #220]	@ (10004058 <tud_rhport_init+0xf4>)
10003f7c:	f002 f874 	bl	10006068 <memset>
10003f80:	4b36      	ldr	r3, [pc, #216]	@ (1000405c <tud_rhport_init+0xf8>)
10003f82:	2200      	movs	r2, #0
10003f84:	701a      	strb	r2, [r3, #0]
10003f86:	4c36      	ldr	r4, [pc, #216]	@ (10004060 <tud_rhport_init+0xfc>)
10003f88:	4620      	mov	r0, r4
10003f8a:	f7fc fd93 	bl	10000ab4 <mutex_init>
10003f8e:	4b35      	ldr	r3, [pc, #212]	@ (10004064 <tud_rhport_init+0x100>)
10003f90:	601c      	str	r4, [r3, #0]
10003f92:	4c35      	ldr	r4, [pc, #212]	@ (10004068 <tud_rhport_init+0x104>)
10003f94:	4620      	mov	r0, r4
10003f96:	f7fc fdd7 	bl	10000b48 <critical_section_init>
10003f9a:	3c14      	subs	r4, #20
10003f9c:	4620      	mov	r0, r4
10003f9e:	f002 f82a 	bl	10005ff6 <tu_fifo_clear>
10003fa2:	4b32      	ldr	r3, [pc, #200]	@ (1000406c <tud_rhport_init+0x108>)
10003fa4:	601c      	str	r4, [r3, #0]
10003fa6:	4b32      	ldr	r3, [pc, #200]	@ (10004070 <tud_rhport_init+0x10c>)
10003fa8:	b123      	cbz	r3, 10003fb4 <tud_rhport_init+0x50>
10003faa:	4832      	ldr	r0, [pc, #200]	@ (10004074 <tud_rhport_init+0x110>)
10003fac:	f7ff f944 	bl	10003238 <usbd_app_driver_get_cb>
10003fb0:	4b31      	ldr	r3, [pc, #196]	@ (10004078 <tud_rhport_init+0x114>)
10003fb2:	6018      	str	r0, [r3, #0]
10003fb4:	2400      	movs	r4, #0
10003fb6:	e017      	b.n	10003fe8 <tud_rhport_init+0x84>
10003fb8:	f44f 72e9 	mov.w	r2, #466	@ 0x1d2
10003fbc:	492f      	ldr	r1, [pc, #188]	@ (1000407c <tud_rhport_init+0x118>)
10003fbe:	4830      	ldr	r0, [pc, #192]	@ (10004080 <tud_rhport_init+0x11c>)
10003fc0:	f7ff f8c2 	bl	10003148 <__wrap_printf>
10003fc4:	f04f 23e0 	mov.w	r3, #3758153728	@ 0xe000e000
10003fc8:	f8d3 3df0 	ldr.w	r3, [r3, #3568]	@ 0xdf0
10003fcc:	f013 0f01 	tst.w	r3, #1
10003fd0:	d025      	beq.n	1000401e <tud_rhport_init+0xba>
10003fd2:	be00      	bkpt	0x0000
10003fd4:	e023      	b.n	1000401e <tud_rhport_init+0xba>
10003fd6:	1ad2      	subs	r2, r2, r3
10003fd8:	4b2a      	ldr	r3, [pc, #168]	@ (10004084 <tud_rhport_init+0x120>)
10003fda:	eb03 1342 	add.w	r3, r3, r2, lsl #5
10003fde:	685b      	ldr	r3, [r3, #4]
10003fe0:	b17b      	cbz	r3, 10004002 <tud_rhport_init+0x9e>
10003fe2:	4798      	blx	r3
10003fe4:	3401      	adds	r4, #1
10003fe6:	b2e4      	uxtb	r4, r4
10003fe8:	4b22      	ldr	r3, [pc, #136]	@ (10004074 <tud_rhport_init+0x110>)
10003fea:	781b      	ldrb	r3, [r3, #0]
10003fec:	4622      	mov	r2, r4
10003fee:	1c59      	adds	r1, r3, #1
10003ff0:	42a1      	cmp	r1, r4
10003ff2:	db16      	blt.n	10004022 <tud_rhport_init+0xbe>
10003ff4:	42a3      	cmp	r3, r4
10003ff6:	d9ee      	bls.n	10003fd6 <tud_rhport_init+0x72>
10003ff8:	4b1f      	ldr	r3, [pc, #124]	@ (10004078 <tud_rhport_init+0x114>)
10003ffa:	681b      	ldr	r3, [r3, #0]
10003ffc:	eb13 1344 	adds.w	r3, r3, r4, lsl #5
10004000:	d1ed      	bne.n	10003fde <tud_rhport_init+0x7a>
10004002:	f44f 72f8 	mov.w	r2, #496	@ 0x1f0
10004006:	491d      	ldr	r1, [pc, #116]	@ (1000407c <tud_rhport_init+0x118>)
10004008:	481d      	ldr	r0, [pc, #116]	@ (10004080 <tud_rhport_init+0x11c>)
1000400a:	f7ff f89d 	bl	10003148 <__wrap_printf>
1000400e:	f04f 23e0 	mov.w	r3, #3758153728	@ 0xe000e000
10004012:	f8d3 3df0 	ldr.w	r3, [r3, #3568]	@ 0xdf0
10004016:	f013 0f01 	tst.w	r3, #1
1000401a:	d000      	beq.n	1000401e <tud_rhport_init+0xba>
1000401c:	be00      	bkpt	0x0000
1000401e:	4638      	mov	r0, r7
10004020:	bdf8      	pop	{r3, r4, r5, r6, r7, pc}
10004022:	4b19      	ldr	r3, [pc, #100]	@ (10004088 <tud_rhport_init+0x124>)
10004024:	701e      	strb	r6, [r3, #0]
10004026:	4629      	mov	r1, r5
10004028:	4630      	mov	r0, r6
1000402a:	f7ff fca9 	bl	10003980 <dcd_init>
1000402e:	4607      	mov	r7, r0
10004030:	b118      	cbz	r0, 1000403a <tud_rhport_init+0xd6>
10004032:	4630      	mov	r0, r6
10004034:	f7ff fc72 	bl	1000391c <dcd_int_enable>
10004038:	e7f1      	b.n	1000401e <tud_rhport_init+0xba>
1000403a:	f44f 72fc 	mov.w	r2, #504	@ 0x1f8
1000403e:	490f      	ldr	r1, [pc, #60]	@ (1000407c <tud_rhport_init+0x118>)
10004040:	480f      	ldr	r0, [pc, #60]	@ (10004080 <tud_rhport_init+0x11c>)
10004042:	f7ff f881 	bl	10003148 <__wrap_printf>
10004046:	f04f 23e0 	mov.w	r3, #3758153728	@ 0xe000e000
1000404a:	f8d3 3df0 	ldr.w	r3, [r3, #3568]	@ 0xdf0
1000404e:	f013 0f01 	tst.w	r3, #1
10004052:	d0e4      	beq.n	1000401e <tud_rhport_init+0xba>
10004054:	be00      	bkpt	0x0000
10004056:	e7e2      	b.n	1000401e <tud_rhport_init+0xba>
10004058:	200011c0 	.word	0x200011c0
1000405c:	20001a83 	.word	0x20001a83
10004060:	200011b8 	.word	0x200011b8
10004064:	20001214 	.word	0x20001214
10004068:	20000e50 	.word	0x20000e50
1000406c:	20001218 	.word	0x20001218
10004070:	10003239 	.word	0x10003239
10004074:	20001a81 	.word	0x20001a81
10004078:	20000ff0 	.word	0x20000ff0
1000407c:	10007010 	.word	0x10007010
10004080:	10006ba0 	.word	0x10006ba0
10004084:	10007020 	.word	0x10007020
10004088:	20000e58 	.word	0x20000e58

1000408c <usbd_edpt_open>:
1000408c:	b570      	push	{r4, r5, r6, lr}
1000408e:	4b1a      	ldr	r3, [pc, #104]	@ (100040f8 <usbd_edpt_open+0x6c>)
10004090:	781e      	ldrb	r6, [r3, #0]
10004092:	788b      	ldrb	r3, [r1, #2]
10004094:	f013 0f70 	tst.w	r3, #112	@ 0x70
10004098:	d10e      	bne.n	100040b8 <usbd_edpt_open+0x2c>
1000409a:	460c      	mov	r4, r1
1000409c:	4b17      	ldr	r3, [pc, #92]	@ (100040fc <usbd_edpt_open+0x70>)
1000409e:	7899      	ldrb	r1, [r3, #2]
100040a0:	4620      	mov	r0, r4
100040a2:	f001 fb85 	bl	100057b0 <tu_edpt_validate>
100040a6:	4605      	mov	r5, r0
100040a8:	b1b0      	cbz	r0, 100040d8 <usbd_edpt_open+0x4c>
100040aa:	4621      	mov	r1, r4
100040ac:	4630      	mov	r0, r6
100040ae:	f7ff fcc7 	bl	10003a40 <dcd_edpt_open>
100040b2:	4605      	mov	r5, r0
100040b4:	4628      	mov	r0, r5
100040b6:	bd70      	pop	{r4, r5, r6, pc}
100040b8:	f240 520b 	movw	r2, #1291	@ 0x50b
100040bc:	4910      	ldr	r1, [pc, #64]	@ (10004100 <usbd_edpt_open+0x74>)
100040be:	4811      	ldr	r0, [pc, #68]	@ (10004104 <usbd_edpt_open+0x78>)
100040c0:	f7ff f842 	bl	10003148 <__wrap_printf>
100040c4:	f04f 23e0 	mov.w	r3, #3758153728	@ 0xe000e000
100040c8:	f8d3 3df0 	ldr.w	r3, [r3, #3568]	@ 0xdf0
100040cc:	f013 0f01 	tst.w	r3, #1
100040d0:	d000      	beq.n	100040d4 <usbd_edpt_open+0x48>
100040d2:	be00      	bkpt	0x0000
100040d4:	2500      	movs	r5, #0
100040d6:	e7ed      	b.n	100040b4 <usbd_edpt_open+0x28>
100040d8:	f240 520c 	movw	r2, #1292	@ 0x50c
100040dc:	4908      	ldr	r1, [pc, #32]	@ (10004100 <usbd_edpt_open+0x74>)
100040de:	4809      	ldr	r0, [pc, #36]	@ (10004104 <usbd_edpt_open+0x78>)
100040e0:	f7ff f832 	bl	10003148 <__wrap_printf>
100040e4:	f04f 23e0 	mov.w	r3, #3758153728	@ 0xe000e000
100040e8:	f8d3 3df0 	ldr.w	r3, [r3, #3568]	@ 0xdf0
100040ec:	f013 0f01 	tst.w	r3, #1
100040f0:	d0e0      	beq.n	100040b4 <usbd_edpt_open+0x28>
100040f2:	be00      	bkpt	0x0000
100040f4:	e7de      	b.n	100040b4 <usbd_edpt_open+0x28>
100040f6:	bf00      	nop
100040f8:	20000e58 	.word	0x20000e58
100040fc:	200011c0 	.word	0x200011c0
10004100:	10006f78 	.word	0x10006f78
10004104:	10006ba0 	.word	0x10006ba0

10004108 <usbd_open_edpt_pair>:
10004108:	e92d 4ff8 	stmdb	sp!, {r3, r4, r5, r6, r7, r8, r9, sl, fp, lr}
1000410c:	4680      	mov	r8, r0
1000410e:	460c      	mov	r4, r1
10004110:	4616      	mov	r6, r2
10004112:	461f      	mov	r7, r3
10004114:	f8dd 9028 	ldr.w	r9, [sp, #40]	@ 0x28
10004118:	f8dd a02c 	ldr.w	sl, [sp, #44]	@ 0x2c
1000411c:	2500      	movs	r5, #0
1000411e:	e026      	b.n	1000416e <usbd_open_edpt_pair+0x66>
10004120:	f240 42e7 	movw	r2, #1255	@ 0x4e7
10004124:	491f      	ldr	r1, [pc, #124]	@ (100041a4 <usbd_open_edpt_pair+0x9c>)
10004126:	4820      	ldr	r0, [pc, #128]	@ (100041a8 <usbd_open_edpt_pair+0xa0>)
10004128:	f7ff f80e 	bl	10003148 <__wrap_printf>
1000412c:	f04f 23e0 	mov.w	r3, #3758153728	@ 0xe000e000
10004130:	f8d3 3df0 	ldr.w	r3, [r3, #3568]	@ 0xdf0
10004134:	f013 0f01 	tst.w	r3, #1
10004138:	d000      	beq.n	1000413c <usbd_open_edpt_pair+0x34>
1000413a:	be00      	bkpt	0x0000
1000413c:	f04f 0b00 	mov.w	fp, #0
10004140:	4658      	mov	r0, fp
10004142:	e8bd 8ff8 	ldmia.w	sp!, {r3, r4, r5, r6, r7, r8, r9, sl, fp, pc}
10004146:	f44f 629d 	mov.w	r2, #1256	@ 0x4e8
1000414a:	4916      	ldr	r1, [pc, #88]	@ (100041a4 <usbd_open_edpt_pair+0x9c>)
1000414c:	4816      	ldr	r0, [pc, #88]	@ (100041a8 <usbd_open_edpt_pair+0xa0>)
1000414e:	f7fe fffb 	bl	10003148 <__wrap_printf>
10004152:	f04f 23e0 	mov.w	r3, #3758153728	@ 0xe000e000
10004156:	f8d3 3df0 	ldr.w	r3, [r3, #3568]	@ 0xdf0
1000415a:	f013 0f01 	tst.w	r3, #1
1000415e:	d0ef      	beq.n	10004140 <usbd_open_edpt_pair+0x38>
10004160:	be00      	bkpt	0x0000
10004162:	e7ed      	b.n	10004140 <usbd_open_edpt_pair+0x38>
10004164:	f88a 3000 	strb.w	r3, [sl]
10004168:	7823      	ldrb	r3, [r4, #0]
1000416a:	441c      	add	r4, r3
1000416c:	3501      	adds	r5, #1
1000416e:	42ae      	cmp	r6, r5
10004170:	dd14      	ble.n	1000419c <usbd_open_edpt_pair+0x94>
10004172:	7863      	ldrb	r3, [r4, #1]
10004174:	2b05      	cmp	r3, #5
10004176:	d1d3      	bne.n	10004120 <usbd_open_edpt_pair+0x18>
10004178:	78e1      	ldrb	r1, [r4, #3]
1000417a:	f001 0103 	and.w	r1, r1, #3
1000417e:	42b9      	cmp	r1, r7
10004180:	d1ce      	bne.n	10004120 <usbd_open_edpt_pair+0x18>
10004182:	4621      	mov	r1, r4
10004184:	4640      	mov	r0, r8
10004186:	f7ff ff81 	bl	1000408c <usbd_edpt_open>
1000418a:	4683      	mov	fp, r0
1000418c:	2800      	cmp	r0, #0
1000418e:	d0da      	beq.n	10004146 <usbd_open_edpt_pair+0x3e>
10004190:	78a3      	ldrb	r3, [r4, #2]
10004192:	09da      	lsrs	r2, r3, #7
10004194:	d1e6      	bne.n	10004164 <usbd_open_edpt_pair+0x5c>
10004196:	f889 3000 	strb.w	r3, [r9]
1000419a:	e7e5      	b.n	10004168 <usbd_open_edpt_pair+0x60>
1000419c:	f04f 0b01 	mov.w	fp, #1
100041a0:	e7ce      	b.n	10004140 <usbd_open_edpt_pair+0x38>
100041a2:	bf00      	nop
100041a4:	10006f88 	.word	0x10006f88
100041a8:	10006ba0 	.word	0x10006ba0

100041ac <usbd_edpt_claim>:
100041ac:	b508      	push	{r3, lr}
100041ae:	f001 007f 	and.w	r0, r1, #127	@ 0x7f
100041b2:	0040      	lsls	r0, r0, #1
100041b4:	eb00 10d1 	add.w	r0, r0, r1, lsr #7
100041b8:	3030      	adds	r0, #48	@ 0x30
100041ba:	4b04      	ldr	r3, [pc, #16]	@ (100041cc <usbd_edpt_claim+0x20>)
100041bc:	4418      	add	r0, r3
100041be:	4b04      	ldr	r3, [pc, #16]	@ (100041d0 <usbd_edpt_claim+0x24>)
100041c0:	6819      	ldr	r1, [r3, #0]
100041c2:	3004      	adds	r0, #4
100041c4:	f001 faae 	bl	10005724 <tu_edpt_claim>
100041c8:	bd08      	pop	{r3, pc}
100041ca:	bf00      	nop
100041cc:	200011c0 	.word	0x200011c0
100041d0:	20001214 	.word	0x20001214

100041d4 <usbd_edpt_release>:
100041d4:	b508      	push	{r3, lr}
100041d6:	f001 007f 	and.w	r0, r1, #127	@ 0x7f
100041da:	0040      	lsls	r0, r0, #1
100041dc:	eb00 10d1 	add.w	r0, r0, r1, lsr #7
100041e0:	3030      	adds	r0, #48	@ 0x30
100041e2:	4b04      	ldr	r3, [pc, #16]	@ (100041f4 <usbd_edpt_release+0x20>)
100041e4:	4418      	add	r0, r3
100041e6:	4b04      	ldr	r3, [pc, #16]	@ (100041f8 <usbd_edpt_release+0x24>)
100041e8:	6819      	ldr	r1, [r3, #0]
100041ea:	3004      	adds	r0, #4
100041ec:	f001 fac2 	bl	10005774 <tu_edpt_release>
100041f0:	bd08      	pop	{r3, pc}
100041f2:	bf00      	nop
100041f4:	200011c0 	.word	0x200011c0
100041f8:	20001214 	.word	0x20001214

100041fc <usbd_edpt_xfer>:
100041fc:	b570      	push	{r4, r5, r6, lr}
100041fe:	481f      	ldr	r0, [pc, #124]	@ (1000427c <usbd_edpt_xfer+0x80>)
10004200:	7800      	ldrb	r0, [r0, #0]
10004202:	f001 057f 	and.w	r5, r1, #127	@ 0x7f
10004206:	4c1e      	ldr	r4, [pc, #120]	@ (10004280 <usbd_edpt_xfer+0x84>)
10004208:	eb04 0c45 	add.w	ip, r4, r5, lsl #1
1000420c:	eb0c 1cd1 	add.w	ip, ip, r1, lsr #7
10004210:	f89c 4034 	ldrb.w	r4, [ip, #52]	@ 0x34
10004214:	f014 0f01 	tst.w	r4, #1
10004218:	d11f      	bne.n	1000425a <usbd_edpt_xfer+0x5e>
1000421a:	09ce      	lsrs	r6, r1, #7
1000421c:	4c18      	ldr	r4, [pc, #96]	@ (10004280 <usbd_edpt_xfer+0x84>)
1000421e:	eb04 0445 	add.w	r4, r4, r5, lsl #1
10004222:	4434      	add	r4, r6
10004224:	f894 c034 	ldrb.w	ip, [r4, #52]	@ 0x34
10004228:	f04c 0c01 	orr.w	ip, ip, #1
1000422c:	f884 c034 	strb.w	ip, [r4, #52]	@ 0x34
10004230:	3430      	adds	r4, #48	@ 0x30
10004232:	f7ff fc1b 	bl	10003a6c <dcd_edpt_xfer>
10004236:	b9f8      	cbnz	r0, 10004278 <usbd_edpt_xfer+0x7c>
10004238:	7922      	ldrb	r2, [r4, #4]
1000423a:	f022 0201 	bic.w	r2, r2, #1
1000423e:	7122      	strb	r2, [r4, #4]
10004240:	7922      	ldrb	r2, [r4, #4]
10004242:	f022 0204 	bic.w	r2, r2, #4
10004246:	7122      	strb	r2, [r4, #4]
10004248:	f04f 23e0 	mov.w	r3, #3758153728	@ 0xe000e000
1000424c:	f8d3 3df0 	ldr.w	r3, [r3, #3568]	@ 0xdf0
10004250:	f013 0f01 	tst.w	r3, #1
10004254:	d010      	beq.n	10004278 <usbd_edpt_xfer+0x7c>
10004256:	be00      	bkpt	0x0000
10004258:	e00e      	b.n	10004278 <usbd_edpt_xfer+0x7c>
1000425a:	f240 5239 	movw	r2, #1337	@ 0x539
1000425e:	4909      	ldr	r1, [pc, #36]	@ (10004284 <usbd_edpt_xfer+0x88>)
10004260:	4809      	ldr	r0, [pc, #36]	@ (10004288 <usbd_edpt_xfer+0x8c>)
10004262:	f7fe ff71 	bl	10003148 <__wrap_printf>
10004266:	f04f 23e0 	mov.w	r3, #3758153728	@ 0xe000e000
1000426a:	f8d3 3df0 	ldr.w	r3, [r3, #3568]	@ 0xdf0
1000426e:	f013 0f01 	tst.w	r3, #1
10004272:	d000      	beq.n	10004276 <usbd_edpt_xfer+0x7a>
10004274:	be00      	bkpt	0x0000
10004276:	2000      	movs	r0, #0
10004278:	bd70      	pop	{r4, r5, r6, pc}
1000427a:	bf00      	nop
1000427c:	20000e58 	.word	0x20000e58
10004280:	200011c0 	.word	0x200011c0
10004284:	10006f68 	.word	0x10006f68
10004288:	10006ba0 	.word	0x10006ba0

1000428c <usbd_edpt_stall>:
1000428c:	b538      	push	{r3, r4, r5, lr}
1000428e:	f001 057f 	and.w	r5, r1, #127	@ 0x7f
10004292:	09cc      	lsrs	r4, r1, #7
10004294:	4b0a      	ldr	r3, [pc, #40]	@ (100042c0 <usbd_edpt_stall+0x34>)
10004296:	7818      	ldrb	r0, [r3, #0]
10004298:	f7ff fbfe 	bl	10003a98 <dcd_edpt_stall>
1000429c:	4b09      	ldr	r3, [pc, #36]	@ (100042c4 <usbd_edpt_stall+0x38>)
1000429e:	eb03 0345 	add.w	r3, r3, r5, lsl #1
100042a2:	4423      	add	r3, r4
100042a4:	f893 2034 	ldrb.w	r2, [r3, #52]	@ 0x34
100042a8:	f042 0202 	orr.w	r2, r2, #2
100042ac:	f883 2034 	strb.w	r2, [r3, #52]	@ 0x34
100042b0:	f893 2034 	ldrb.w	r2, [r3, #52]	@ 0x34
100042b4:	f042 0201 	orr.w	r2, r2, #1
100042b8:	f883 2034 	strb.w	r2, [r3, #52]	@ 0x34
100042bc:	bd38      	pop	{r3, r4, r5, pc}
100042be:	bf00      	nop
100042c0:	20000e58 	.word	0x20000e58
100042c4:	200011c0 	.word	0x200011c0

100042c8 <usbd_edpt_clear_stall>:
100042c8:	b538      	push	{r3, r4, r5, lr}
100042ca:	f001 057f 	and.w	r5, r1, #127	@ 0x7f
100042ce:	09cc      	lsrs	r4, r1, #7
100042d0:	4b0a      	ldr	r3, [pc, #40]	@ (100042fc <usbd_edpt_clear_stall+0x34>)
100042d2:	7818      	ldrb	r0, [r3, #0]
100042d4:	f7ff fbfc 	bl	10003ad0 <dcd_edpt_clear_stall>
100042d8:	4b09      	ldr	r3, [pc, #36]	@ (10004300 <usbd_edpt_clear_stall+0x38>)
100042da:	eb03 0345 	add.w	r3, r3, r5, lsl #1
100042de:	4423      	add	r3, r4
100042e0:	f893 2034 	ldrb.w	r2, [r3, #52]	@ 0x34
100042e4:	f022 0202 	bic.w	r2, r2, #2
100042e8:	f883 2034 	strb.w	r2, [r3, #52]	@ 0x34
100042ec:	f893 2034 	ldrb.w	r2, [r3, #52]	@ 0x34
100042f0:	f022 0201 	bic.w	r2, r2, #1
100042f4:	f883 2034 	strb.w	r2, [r3, #52]	@ 0x34
100042f8:	bd38      	pop	{r3, r4, r5, pc}
100042fa:	bf00      	nop
100042fc:	20000e58 	.word	0x20000e58
10004300:	200011c0 	.word	0x200011c0

10004304 <usbd_edpt_stalled>:
10004304:	f001 027f 	and.w	r2, r1, #127	@ 0x7f
10004308:	4b04      	ldr	r3, [pc, #16]	@ (1000431c <usbd_edpt_stalled+0x18>)
1000430a:	eb03 0342 	add.w	r3, r3, r2, lsl #1
1000430e:	eb03 11d1 	add.w	r1, r3, r1, lsr #7
10004312:	f891 0034 	ldrb.w	r0, [r1, #52]	@ 0x34
10004316:	f3c0 0040 	ubfx	r0, r0, #1, #1
1000431a:	4770      	bx	lr
1000431c:	200011c0 	.word	0x200011c0

10004320 <process_control_request>:
10004320:	e92d 41f0 	stmdb	sp!, {r4, r5, r6, r7, r8, lr}
10004324:	b082      	sub	sp, #8
10004326:	4606      	mov	r6, r0
10004328:	460c      	mov	r4, r1
1000432a:	2000      	movs	r0, #0
1000432c:	f000 fbd2 	bl	10004ad4 <usbd_control_set_complete_callback>
10004330:	7823      	ldrb	r3, [r4, #0]
10004332:	f003 0360 	and.w	r3, r3, #96	@ 0x60
10004336:	2b60      	cmp	r3, #96	@ 0x60
10004338:	d021      	beq.n	1000437e <process_control_request+0x5e>
1000433a:	2b40      	cmp	r3, #64	@ 0x40
1000433c:	d032      	beq.n	100043a4 <process_control_request+0x84>
1000433e:	7822      	ldrb	r2, [r4, #0]
10004340:	f002 021f 	and.w	r2, r2, #31
10004344:	2a01      	cmp	r2, #1
10004346:	f000 8102 	beq.w	1000454e <process_control_request+0x22e>
1000434a:	2a02      	cmp	r2, #2
1000434c:	f000 8143 	beq.w	100045d6 <process_control_request+0x2b6>
10004350:	2a00      	cmp	r2, #0
10004352:	f040 81c9 	bne.w	100046e8 <process_control_request+0x3c8>
10004356:	2b20      	cmp	r3, #32
10004358:	d02e      	beq.n	100043b8 <process_control_request+0x98>
1000435a:	2b00      	cmp	r3, #0
1000435c:	d14d      	bne.n	100043fa <process_control_request+0xda>
1000435e:	7863      	ldrb	r3, [r4, #1]
10004360:	2b09      	cmp	r3, #9
10004362:	f200 80e9 	bhi.w	10004538 <process_control_request+0x218>
10004366:	e8df f013 	tbh	[pc, r3, lsl #1]
1000436a:	00d4      	.short	0x00d4
1000436c:	00e700c4 	.word	0x00e700c4
10004370:	00e700b4 	.word	0x00e700b4
10004374:	00ae0052 	.word	0x00ae0052
10004378:	006100e7 	.word	0x006100e7
1000437c:	006e      	.short	0x006e
1000437e:	f44f 7235 	mov.w	r2, #724	@ 0x2d4
10004382:	49b2      	ldr	r1, [pc, #712]	@ (1000464c <process_control_request+0x32c>)
10004384:	48b2      	ldr	r0, [pc, #712]	@ (10004650 <process_control_request+0x330>)
10004386:	f7fe fedf 	bl	10003148 <__wrap_printf>
1000438a:	f04f 23e0 	mov.w	r3, #3758153728	@ 0xe000e000
1000438e:	f8d3 3df0 	ldr.w	r3, [r3, #3568]	@ 0xdf0
10004392:	f013 0f01 	tst.w	r3, #1
10004396:	d000      	beq.n	1000439a <process_control_request+0x7a>
10004398:	be00      	bkpt	0x0000
1000439a:	2500      	movs	r5, #0
1000439c:	4628      	mov	r0, r5
1000439e:	b002      	add	sp, #8
100043a0:	e8bd 81f0 	ldmia.w	sp!, {r4, r5, r6, r7, r8, pc}
100043a4:	48ab      	ldr	r0, [pc, #684]	@ (10004654 <process_control_request+0x334>)
100043a6:	f000 fb95 	bl	10004ad4 <usbd_control_set_complete_callback>
100043aa:	4622      	mov	r2, r4
100043ac:	2101      	movs	r1, #1
100043ae:	4630      	mov	r0, r6
100043b0:	f7fe ff2a 	bl	10003208 <tud_vendor_control_xfer_cb>
100043b4:	4605      	mov	r5, r0
100043b6:	e7f1      	b.n	1000439c <process_control_request+0x7c>
100043b8:	88a3      	ldrh	r3, [r4, #4]
100043ba:	b2db      	uxtb	r3, r3
100043bc:	2b0f      	cmp	r3, #15
100043be:	f200 819d 	bhi.w	100046fc <process_control_request+0x3dc>
100043c2:	4aa5      	ldr	r2, [pc, #660]	@ (10004658 <process_control_request+0x338>)
100043c4:	4413      	add	r3, r2
100043c6:	791b      	ldrb	r3, [r3, #4]
100043c8:	4aa4      	ldr	r2, [pc, #656]	@ (1000465c <process_control_request+0x33c>)
100043ca:	7812      	ldrb	r2, [r2, #0]
100043cc:	4293      	cmp	r3, r2
100043ce:	d206      	bcs.n	100043de <process_control_request+0xbe>
100043d0:	4aa3      	ldr	r2, [pc, #652]	@ (10004660 <process_control_request+0x340>)
100043d2:	6811      	ldr	r1, [r2, #0]
100043d4:	eb11 1143 	adds.w	r1, r1, r3, lsl #5
100043d8:	d109      	bne.n	100043ee <process_control_request+0xce>
100043da:	2500      	movs	r5, #0
100043dc:	e7de      	b.n	1000439c <process_control_request+0x7c>
100043de:	1c51      	adds	r1, r2, #1
100043e0:	4299      	cmp	r1, r3
100043e2:	f2c0 818d 	blt.w	10004700 <process_control_request+0x3e0>
100043e6:	1a9b      	subs	r3, r3, r2
100043e8:	499e      	ldr	r1, [pc, #632]	@ (10004664 <process_control_request+0x344>)
100043ea:	eb01 1143 	add.w	r1, r1, r3, lsl #5
100043ee:	4622      	mov	r2, r4
100043f0:	4630      	mov	r0, r6
100043f2:	f7ff fc25 	bl	10003c40 <invoke_class_control>
100043f6:	4605      	mov	r5, r0
100043f8:	e7d0      	b.n	1000439c <process_control_request+0x7c>
100043fa:	f04f 23e0 	mov.w	r3, #3758153728	@ 0xe000e000
100043fe:	f8d3 3df0 	ldr.w	r3, [r3, #3568]	@ 0xdf0
10004402:	f013 0f01 	tst.w	r3, #1
10004406:	d000      	beq.n	1000440a <process_control_request+0xea>
10004408:	be00      	bkpt	0x0000
1000440a:	2500      	movs	r5, #0
1000440c:	e7c6      	b.n	1000439c <process_control_request+0x7c>
1000440e:	4620      	mov	r0, r4
10004410:	f000 fb66 	bl	10004ae0 <usbd_control_set_request>
10004414:	8861      	ldrh	r1, [r4, #2]
10004416:	b2c9      	uxtb	r1, r1
10004418:	4630      	mov	r0, r6
1000441a:	f7ff fa93 	bl	10003944 <dcd_set_address>
1000441e:	4a8e      	ldr	r2, [pc, #568]	@ (10004658 <process_control_request+0x338>)
10004420:	7813      	ldrb	r3, [r2, #0]
10004422:	f043 0302 	orr.w	r3, r3, #2
10004426:	7013      	strb	r3, [r2, #0]
10004428:	2501      	movs	r5, #1
1000442a:	e7b7      	b.n	1000439c <process_control_request+0x7c>
1000442c:	4b8a      	ldr	r3, [pc, #552]	@ (10004658 <process_control_request+0x338>)
1000442e:	785b      	ldrb	r3, [r3, #1]
10004430:	f88d 3006 	strb.w	r3, [sp, #6]
10004434:	2301      	movs	r3, #1
10004436:	f10d 0206 	add.w	r2, sp, #6
1000443a:	4621      	mov	r1, r4
1000443c:	4630      	mov	r0, r6
1000443e:	f000 fae9 	bl	10004a14 <tud_control_xfer>
10004442:	2501      	movs	r5, #1
10004444:	e7aa      	b.n	1000439c <process_control_request+0x7c>
10004446:	8865      	ldrh	r5, [r4, #2]
10004448:	b2ed      	uxtb	r5, r5
1000444a:	4b83      	ldr	r3, [pc, #524]	@ (10004658 <process_control_request+0x338>)
1000444c:	785b      	ldrb	r3, [r3, #1]
1000444e:	b2db      	uxtb	r3, r3
10004450:	42ab      	cmp	r3, r5
10004452:	d032      	beq.n	100044ba <process_control_request+0x19a>
10004454:	4b80      	ldr	r3, [pc, #512]	@ (10004658 <process_control_request+0x338>)
10004456:	785b      	ldrb	r3, [r3, #1]
10004458:	b95b      	cbnz	r3, 10004472 <process_control_request+0x152>
1000445a:	4b7f      	ldr	r3, [pc, #508]	@ (10004658 <process_control_request+0x338>)
1000445c:	705d      	strb	r5, [r3, #1]
1000445e:	b355      	cbz	r5, 100044b6 <process_control_request+0x196>
10004460:	4629      	mov	r1, r5
10004462:	4630      	mov	r0, r6
10004464:	f7ff fbfa 	bl	10003c5c <process_set_config>
10004468:	4605      	mov	r5, r0
1000446a:	b190      	cbz	r0, 10004492 <process_control_request+0x172>
1000446c:	f7ff fd5e 	bl	10003f2c <tud_mount_cb>
10004470:	e023      	b.n	100044ba <process_control_request+0x19a>
10004472:	2100      	movs	r1, #0
10004474:	4630      	mov	r0, r6
10004476:	f7ff fac5 	bl	10003a04 <dcd_sof_enable>
1000447a:	4630      	mov	r0, r6
1000447c:	f7ff faf1 	bl	10003a62 <dcd_edpt_close_all>
10004480:	4f75      	ldr	r7, [pc, #468]	@ (10004658 <process_control_request+0x338>)
10004482:	f897 8002 	ldrb.w	r8, [r7, #2]
10004486:	4630      	mov	r0, r6
10004488:	f7ff fb8c 	bl	10003ba4 <configuration_reset>
1000448c:	f887 8002 	strb.w	r8, [r7, #2]
10004490:	e7e3      	b.n	1000445a <process_control_request+0x13a>
10004492:	f44f 7249 	mov.w	r2, #804	@ 0x324
10004496:	496d      	ldr	r1, [pc, #436]	@ (1000464c <process_control_request+0x32c>)
10004498:	486d      	ldr	r0, [pc, #436]	@ (10004650 <process_control_request+0x330>)
1000449a:	f7fe fe55 	bl	10003148 <__wrap_printf>
1000449e:	f04f 23e0 	mov.w	r3, #3758153728	@ 0xe000e000
100044a2:	f8d3 3df0 	ldr.w	r3, [r3, #3568]	@ 0xdf0
100044a6:	f013 0f01 	tst.w	r3, #1
100044aa:	d000      	beq.n	100044ae <process_control_request+0x18e>
100044ac:	be00      	bkpt	0x0000
100044ae:	4b6a      	ldr	r3, [pc, #424]	@ (10004658 <process_control_request+0x338>)
100044b0:	2200      	movs	r2, #0
100044b2:	705a      	strb	r2, [r3, #1]
100044b4:	e772      	b.n	1000439c <process_control_request+0x7c>
100044b6:	f7ff fd3a 	bl	10003f2e <tud_umount_cb>
100044ba:	4621      	mov	r1, r4
100044bc:	4630      	mov	r0, r6
100044be:	f000 fa95 	bl	100049ec <tud_control_status>
100044c2:	2501      	movs	r5, #1
100044c4:	e76a      	b.n	1000439c <process_control_request+0x7c>
100044c6:	4621      	mov	r1, r4
100044c8:	4630      	mov	r0, r6
100044ca:	f7ff fcb3 	bl	10003e34 <process_get_descriptor>
100044ce:	4605      	mov	r5, r0
100044d0:	e764      	b.n	1000439c <process_control_request+0x7c>
100044d2:	8863      	ldrh	r3, [r4, #2]
100044d4:	2b01      	cmp	r3, #1
100044d6:	d001      	beq.n	100044dc <process_control_request+0x1bc>
100044d8:	2500      	movs	r5, #0
100044da:	e75f      	b.n	1000439c <process_control_request+0x7c>
100044dc:	4a5e      	ldr	r2, [pc, #376]	@ (10004658 <process_control_request+0x338>)
100044de:	7813      	ldrb	r3, [r2, #0]
100044e0:	f043 0308 	orr.w	r3, r3, #8
100044e4:	7013      	strb	r3, [r2, #0]
100044e6:	4621      	mov	r1, r4
100044e8:	4630      	mov	r0, r6
100044ea:	f000 fa7f 	bl	100049ec <tud_control_status>
100044ee:	2501      	movs	r5, #1
100044f0:	e754      	b.n	1000439c <process_control_request+0x7c>
100044f2:	8863      	ldrh	r3, [r4, #2]
100044f4:	2b01      	cmp	r3, #1
100044f6:	d001      	beq.n	100044fc <process_control_request+0x1dc>
100044f8:	2500      	movs	r5, #0
100044fa:	e74f      	b.n	1000439c <process_control_request+0x7c>
100044fc:	4a56      	ldr	r2, [pc, #344]	@ (10004658 <process_control_request+0x338>)
100044fe:	7813      	ldrb	r3, [r2, #0]
10004500:	f023 0308 	bic.w	r3, r3, #8
10004504:	7013      	strb	r3, [r2, #0]
10004506:	4621      	mov	r1, r4
10004508:	4630      	mov	r0, r6
1000450a:	f000 fa6f 	bl	100049ec <tud_control_status>
1000450e:	2501      	movs	r5, #1
10004510:	e744      	b.n	1000439c <process_control_request+0x7c>
10004512:	4b51      	ldr	r3, [pc, #324]	@ (10004658 <process_control_request+0x338>)
10004514:	781b      	ldrb	r3, [r3, #0]
10004516:	089a      	lsrs	r2, r3, #2
10004518:	f3c3 1340 	ubfx	r3, r3, #5, #1
1000451c:	f002 0202 	and.w	r2, r2, #2
10004520:	4313      	orrs	r3, r2
10004522:	f8ad 3006 	strh.w	r3, [sp, #6]
10004526:	2302      	movs	r3, #2
10004528:	f10d 0206 	add.w	r2, sp, #6
1000452c:	4621      	mov	r1, r4
1000452e:	4630      	mov	r0, r6
10004530:	f000 fa70 	bl	10004a14 <tud_control_xfer>
10004534:	2501      	movs	r5, #1
10004536:	e731      	b.n	1000439c <process_control_request+0x7c>
10004538:	f04f 23e0 	mov.w	r3, #3758153728	@ 0xe000e000
1000453c:	f8d3 3df0 	ldr.w	r3, [r3, #3568]	@ 0xdf0
10004540:	f013 0f01 	tst.w	r3, #1
10004544:	f000 80de 	beq.w	10004704 <process_control_request+0x3e4>
10004548:	be00      	bkpt	0x0000
1000454a:	2500      	movs	r5, #0
1000454c:	e726      	b.n	1000439c <process_control_request+0x7c>
1000454e:	88a3      	ldrh	r3, [r4, #4]
10004550:	b2db      	uxtb	r3, r3
10004552:	2b0f      	cmp	r3, #15
10004554:	f200 80d8 	bhi.w	10004708 <process_control_request+0x3e8>
10004558:	4a3f      	ldr	r2, [pc, #252]	@ (10004658 <process_control_request+0x338>)
1000455a:	4413      	add	r3, r2
1000455c:	791b      	ldrb	r3, [r3, #4]
1000455e:	4a3f      	ldr	r2, [pc, #252]	@ (1000465c <process_control_request+0x33c>)
10004560:	7812      	ldrb	r2, [r2, #0]
10004562:	4293      	cmp	r3, r2
10004564:	d222      	bcs.n	100045ac <process_control_request+0x28c>
10004566:	4a3e      	ldr	r2, [pc, #248]	@ (10004660 <process_control_request+0x340>)
10004568:	6811      	ldr	r1, [r2, #0]
1000456a:	eb11 1143 	adds.w	r1, r1, r3, lsl #5
1000456e:	f000 80cd 	beq.w	1000470c <process_control_request+0x3ec>
10004572:	4622      	mov	r2, r4
10004574:	4630      	mov	r0, r6
10004576:	f7ff fb63 	bl	10003c40 <invoke_class_control>
1000457a:	4605      	mov	r5, r0
1000457c:	2800      	cmp	r0, #0
1000457e:	f47f af0d 	bne.w	1000439c <process_control_request+0x7c>
10004582:	7823      	ldrb	r3, [r4, #0]
10004584:	f013 0f60 	tst.w	r3, #96	@ 0x60
10004588:	f47f af08 	bne.w	1000439c <process_control_request+0x7c>
1000458c:	7863      	ldrb	r3, [r4, #1]
1000458e:	3b0a      	subs	r3, #10
10004590:	2b01      	cmp	r3, #1
10004592:	f63f af03 	bhi.w	1000439c <process_control_request+0x7c>
10004596:	f000 fa9d 	bl	10004ad4 <usbd_control_set_complete_callback>
1000459a:	7863      	ldrb	r3, [r4, #1]
1000459c:	2b0a      	cmp	r3, #10
1000459e:	d00e      	beq.n	100045be <process_control_request+0x29e>
100045a0:	4621      	mov	r1, r4
100045a2:	4630      	mov	r0, r6
100045a4:	f000 fa22 	bl	100049ec <tud_control_status>
100045a8:	2501      	movs	r5, #1
100045aa:	e6f7      	b.n	1000439c <process_control_request+0x7c>
100045ac:	1c51      	adds	r1, r2, #1
100045ae:	4299      	cmp	r1, r3
100045b0:	f2c0 80ae 	blt.w	10004710 <process_control_request+0x3f0>
100045b4:	1a9b      	subs	r3, r3, r2
100045b6:	492b      	ldr	r1, [pc, #172]	@ (10004664 <process_control_request+0x344>)
100045b8:	eb01 1143 	add.w	r1, r1, r3, lsl #5
100045bc:	e7d9      	b.n	10004572 <process_control_request+0x252>
100045be:	2300      	movs	r3, #0
100045c0:	f88d 3006 	strb.w	r3, [sp, #6]
100045c4:	2301      	movs	r3, #1
100045c6:	f10d 0206 	add.w	r2, sp, #6
100045ca:	4621      	mov	r1, r4
100045cc:	4630      	mov	r0, r6
100045ce:	f000 fa21 	bl	10004a14 <tud_control_xfer>
100045d2:	2501      	movs	r5, #1
100045d4:	e6e2      	b.n	1000439c <process_control_request+0x7c>
100045d6:	88a2      	ldrh	r2, [r4, #4]
100045d8:	b2d1      	uxtb	r1, r2
100045da:	f002 057f 	and.w	r5, r2, #127	@ 0x7f
100045de:	f3c2 10c0 	ubfx	r0, r2, #7, #1
100045e2:	f012 0f70 	tst.w	r2, #112	@ 0x70
100045e6:	d117      	bne.n	10004618 <process_control_request+0x2f8>
100045e8:	4a1b      	ldr	r2, [pc, #108]	@ (10004658 <process_control_request+0x338>)
100045ea:	eb02 0245 	add.w	r2, r2, r5, lsl #1
100045ee:	4402      	add	r2, r0
100045f0:	7d12      	ldrb	r2, [r2, #20]
100045f2:	481a      	ldr	r0, [pc, #104]	@ (1000465c <process_control_request+0x33c>)
100045f4:	7800      	ldrb	r0, [r0, #0]
100045f6:	4282      	cmp	r2, r0
100045f8:	d21e      	bcs.n	10004638 <process_control_request+0x318>
100045fa:	4819      	ldr	r0, [pc, #100]	@ (10004660 <process_control_request+0x340>)
100045fc:	6805      	ldr	r5, [r0, #0]
100045fe:	eb05 1542 	add.w	r5, r5, r2, lsl #5
10004602:	b38b      	cbz	r3, 10004668 <process_control_request+0x348>
10004604:	2d00      	cmp	r5, #0
10004606:	f000 8085 	beq.w	10004714 <process_control_request+0x3f4>
1000460a:	4622      	mov	r2, r4
1000460c:	4629      	mov	r1, r5
1000460e:	4630      	mov	r0, r6
10004610:	f7ff fb16 	bl	10003c40 <invoke_class_control>
10004614:	4605      	mov	r5, r0
10004616:	e6c1      	b.n	1000439c <process_control_request+0x7c>
10004618:	f240 3295 	movw	r2, #917	@ 0x395
1000461c:	490b      	ldr	r1, [pc, #44]	@ (1000464c <process_control_request+0x32c>)
1000461e:	480c      	ldr	r0, [pc, #48]	@ (10004650 <process_control_request+0x330>)
10004620:	f7fe fd92 	bl	10003148 <__wrap_printf>
10004624:	f04f 23e0 	mov.w	r3, #3758153728	@ 0xe000e000
10004628:	f8d3 3df0 	ldr.w	r3, [r3, #3568]	@ 0xdf0
1000462c:	f013 0f01 	tst.w	r3, #1
10004630:	d000      	beq.n	10004634 <process_control_request+0x314>
10004632:	be00      	bkpt	0x0000
10004634:	2500      	movs	r5, #0
10004636:	e6b1      	b.n	1000439c <process_control_request+0x7c>
10004638:	1c45      	adds	r5, r0, #1
1000463a:	4295      	cmp	r5, r2
1000463c:	db04      	blt.n	10004648 <process_control_request+0x328>
1000463e:	1a12      	subs	r2, r2, r0
10004640:	4d08      	ldr	r5, [pc, #32]	@ (10004664 <process_control_request+0x344>)
10004642:	eb05 1542 	add.w	r5, r5, r2, lsl #5
10004646:	e7dc      	b.n	10004602 <process_control_request+0x2e2>
10004648:	2500      	movs	r5, #0
1000464a:	e7da      	b.n	10004602 <process_control_request+0x2e2>
1000464c:	10006fd4 	.word	0x10006fd4
10004650:	10006ba0 	.word	0x10006ba0
10004654:	10003209 	.word	0x10003209
10004658:	200011c0 	.word	0x200011c0
1000465c:	20001a81 	.word	0x20001a81
10004660:	20000ff0 	.word	0x20000ff0
10004664:	10007020 	.word	0x10007020
10004668:	7863      	ldrb	r3, [r4, #1]
1000466a:	2b01      	cmp	r3, #1
1000466c:	d010      	beq.n	10004690 <process_control_request+0x370>
1000466e:	2b03      	cmp	r3, #3
10004670:	d00e      	beq.n	10004690 <process_control_request+0x370>
10004672:	bb7b      	cbnz	r3, 100046d4 <process_control_request+0x3b4>
10004674:	4630      	mov	r0, r6
10004676:	f7ff fe45 	bl	10004304 <usbd_edpt_stalled>
1000467a:	f8ad 0006 	strh.w	r0, [sp, #6]
1000467e:	2302      	movs	r3, #2
10004680:	f10d 0206 	add.w	r2, sp, #6
10004684:	4621      	mov	r1, r4
10004686:	4630      	mov	r0, r6
10004688:	f000 f9c4 	bl	10004a14 <tud_control_xfer>
1000468c:	2501      	movs	r5, #1
1000468e:	e685      	b.n	1000439c <process_control_request+0x7c>
10004690:	8862      	ldrh	r2, [r4, #2]
10004692:	b922      	cbnz	r2, 1000469e <process_control_request+0x37e>
10004694:	2b01      	cmp	r3, #1
10004696:	d019      	beq.n	100046cc <process_control_request+0x3ac>
10004698:	4630      	mov	r0, r6
1000469a:	f7ff fdf7 	bl	1000428c <usbd_edpt_stall>
1000469e:	2d00      	cmp	r5, #0
100046a0:	d03a      	beq.n	10004718 <process_control_request+0x3f8>
100046a2:	4622      	mov	r2, r4
100046a4:	4629      	mov	r1, r5
100046a6:	4630      	mov	r0, r6
100046a8:	f7ff faca 	bl	10003c40 <invoke_class_control>
100046ac:	2000      	movs	r0, #0
100046ae:	f000 fa11 	bl	10004ad4 <usbd_control_set_complete_callback>
100046b2:	4b1b      	ldr	r3, [pc, #108]	@ (10004720 <process_control_request+0x400>)
100046b4:	f893 5035 	ldrb.w	r5, [r3, #53]	@ 0x35
100046b8:	f015 0501 	ands.w	r5, r5, #1
100046bc:	f47f ae6e 	bne.w	1000439c <process_control_request+0x7c>
100046c0:	4621      	mov	r1, r4
100046c2:	4630      	mov	r0, r6
100046c4:	f000 f992 	bl	100049ec <tud_control_status>
100046c8:	2501      	movs	r5, #1
100046ca:	e667      	b.n	1000439c <process_control_request+0x7c>
100046cc:	4630      	mov	r0, r6
100046ce:	f7ff fdfb 	bl	100042c8 <usbd_edpt_clear_stall>
100046d2:	e7e4      	b.n	1000469e <process_control_request+0x37e>
100046d4:	f04f 23e0 	mov.w	r3, #3758153728	@ 0xe000e000
100046d8:	f8d3 3df0 	ldr.w	r3, [r3, #3568]	@ 0xdf0
100046dc:	f013 0f01 	tst.w	r3, #1
100046e0:	d000      	beq.n	100046e4 <process_control_request+0x3c4>
100046e2:	be00      	bkpt	0x0000
100046e4:	2500      	movs	r5, #0
100046e6:	e659      	b.n	1000439c <process_control_request+0x7c>
100046e8:	f04f 23e0 	mov.w	r3, #3758153728	@ 0xe000e000
100046ec:	f8d3 3df0 	ldr.w	r3, [r3, #3568]	@ 0xdf0
100046f0:	f013 0f01 	tst.w	r3, #1
100046f4:	d012      	beq.n	1000471c <process_control_request+0x3fc>
100046f6:	be00      	bkpt	0x0000
100046f8:	2500      	movs	r5, #0
100046fa:	e64f      	b.n	1000439c <process_control_request+0x7c>
100046fc:	2500      	movs	r5, #0
100046fe:	e64d      	b.n	1000439c <process_control_request+0x7c>
10004700:	2500      	movs	r5, #0
10004702:	e64b      	b.n	1000439c <process_control_request+0x7c>
10004704:	2500      	movs	r5, #0
10004706:	e649      	b.n	1000439c <process_control_request+0x7c>
10004708:	2500      	movs	r5, #0
1000470a:	e647      	b.n	1000439c <process_control_request+0x7c>
1000470c:	2500      	movs	r5, #0
1000470e:	e645      	b.n	1000439c <process_control_request+0x7c>
10004710:	2500      	movs	r5, #0
10004712:	e643      	b.n	1000439c <process_control_request+0x7c>
10004714:	2500      	movs	r5, #0
10004716:	e641      	b.n	1000439c <process_control_request+0x7c>
10004718:	2501      	movs	r5, #1
1000471a:	e63f      	b.n	1000439c <process_control_request+0x7c>
1000471c:	2500      	movs	r5, #0
1000471e:	e63d      	b.n	1000439c <process_control_request+0x7c>
10004720:	200011c0 	.word	0x200011c0

10004724 <tud_task_ext>:
10004724:	b510      	push	{r4, lr}
10004726:	b084      	sub	sp, #16
10004728:	f7ff fc14 	bl	10003f54 <tud_inited>
1000472c:	b948      	cbnz	r0, 10004742 <tud_task_ext+0x1e>
1000472e:	b004      	add	sp, #16
10004730:	bd10      	pop	{r4, pc}
10004732:	f89d 0004 	ldrb.w	r0, [sp, #4]
10004736:	f7ff fa7d 	bl	10003c34 <usbd_reset>
1000473a:	f89d 2008 	ldrb.w	r2, [sp, #8]
1000473e:	4b85      	ldr	r3, [pc, #532]	@ (10004954 <tud_task_ext+0x230>)
10004740:	709a      	strb	r2, [r3, #2]
10004742:	4b85      	ldr	r3, [pc, #532]	@ (10004958 <tud_task_ext+0x234>)
10004744:	681c      	ldr	r4, [r3, #0]
10004746:	6963      	ldr	r3, [r4, #20]
10004748:	f3ef 8210 	mrs	r2, PRIMASK
1000474c:	b672      	cpsid	i
1000474e:	e8d3 0fcf 	ldaexb	r0, [r3]
10004752:	2101      	movs	r1, #1
10004754:	2800      	cmp	r0, #0
10004756:	d1fa      	bne.n	1000474e <tud_task_ext+0x2a>
10004758:	e8c3 1f40 	strexb	r0, r1, [r3]
1000475c:	2800      	cmp	r0, #0
1000475e:	d1f6      	bne.n	1000474e <tud_task_ext+0x2a>
10004760:	f3bf 8f5f 	dmb	sy
10004764:	61a2      	str	r2, [r4, #24]
10004766:	a901      	add	r1, sp, #4
10004768:	4620      	mov	r0, r4
1000476a:	f001 fbec 	bl	10005f46 <tu_fifo_read>
1000476e:	6961      	ldr	r1, [r4, #20]
10004770:	69a3      	ldr	r3, [r4, #24]
10004772:	2200      	movs	r2, #0
10004774:	e8c1 2f8f 	stlb	r2, [r1]
10004778:	f383 8810 	msr	PRIMASK, r3
1000477c:	2800      	cmp	r0, #0
1000477e:	d0d6      	beq.n	1000472e <tud_task_ext+0xa>
10004780:	f89d 3005 	ldrb.w	r3, [sp, #5]
10004784:	3b01      	subs	r3, #1
10004786:	2b07      	cmp	r3, #7
10004788:	f200 80da 	bhi.w	10004940 <tud_task_ext+0x21c>
1000478c:	a201      	add	r2, pc, #4	@ (adr r2, 10004794 <tud_task_ext+0x70>)
1000478e:	f852 f023 	ldr.w	pc, [r2, r3, lsl #2]
10004792:	bf00      	nop
10004794:	10004733 	.word	0x10004733
10004798:	100047b5 	.word	0x100047b5
1000479c:	1000492d 	.word	0x1000492d
100047a0:	100048f3 	.word	0x100048f3
100047a4:	1000490d 	.word	0x1000490d
100047a8:	100047c3 	.word	0x100047c3
100047ac:	10004859 	.word	0x10004859
100047b0:	1000491f 	.word	0x1000491f
100047b4:	f89d 0004 	ldrb.w	r0, [sp, #4]
100047b8:	f7ff fa3c 	bl	10003c34 <usbd_reset>
100047bc:	f7ff fbb7 	bl	10003f2e <tud_umount_cb>
100047c0:	e7bf      	b.n	10004742 <tud_task_ext+0x1e>
100047c2:	4b66      	ldr	r3, [pc, #408]	@ (1000495c <tud_task_ext+0x238>)
100047c4:	781b      	ldrb	r3, [r3, #0]
100047c6:	2b00      	cmp	r3, #0
100047c8:	d036      	beq.n	10004838 <tud_task_ext+0x114>
100047ca:	4a64      	ldr	r2, [pc, #400]	@ (1000495c <tud_task_ext+0x238>)
100047cc:	7813      	ldrb	r3, [r2, #0]
100047ce:	3b01      	subs	r3, #1
100047d0:	b2db      	uxtb	r3, r3
100047d2:	7013      	strb	r3, [r2, #0]
100047d4:	7813      	ldrb	r3, [r2, #0]
100047d6:	2b00      	cmp	r3, #0
100047d8:	d1b3      	bne.n	10004742 <tud_task_ext+0x1e>
100047da:	4b5e      	ldr	r3, [pc, #376]	@ (10004954 <tud_task_ext+0x230>)
100047dc:	781a      	ldrb	r2, [r3, #0]
100047de:	f042 0201 	orr.w	r2, r2, #1
100047e2:	701a      	strb	r2, [r3, #0]
100047e4:	f893 2034 	ldrb.w	r2, [r3, #52]	@ 0x34
100047e8:	f022 0201 	bic.w	r2, r2, #1
100047ec:	f883 2034 	strb.w	r2, [r3, #52]	@ 0x34
100047f0:	f893 2034 	ldrb.w	r2, [r3, #52]	@ 0x34
100047f4:	f022 0204 	bic.w	r2, r2, #4
100047f8:	f883 2034 	strb.w	r2, [r3, #52]	@ 0x34
100047fc:	f893 2035 	ldrb.w	r2, [r3, #53]	@ 0x35
10004800:	f022 0201 	bic.w	r2, r2, #1
10004804:	f883 2035 	strb.w	r2, [r3, #53]	@ 0x35
10004808:	f893 2035 	ldrb.w	r2, [r3, #53]	@ 0x35
1000480c:	f022 0204 	bic.w	r2, r2, #4
10004810:	f883 2035 	strb.w	r2, [r3, #53]	@ 0x35
10004814:	a902      	add	r1, sp, #8
10004816:	f89d 0004 	ldrb.w	r0, [sp, #4]
1000481a:	f7ff fd81 	bl	10004320 <process_control_request>
1000481e:	2800      	cmp	r0, #0
10004820:	d18f      	bne.n	10004742 <tud_task_ext+0x1e>
10004822:	2100      	movs	r1, #0
10004824:	f89d 0004 	ldrb.w	r0, [sp, #4]
10004828:	f7ff f936 	bl	10003a98 <dcd_edpt_stall>
1000482c:	2180      	movs	r1, #128	@ 0x80
1000482e:	f89d 0004 	ldrb.w	r0, [sp, #4]
10004832:	f7ff f931 	bl	10003a98 <dcd_edpt_stall>
10004836:	e784      	b.n	10004742 <tud_task_ext+0x1e>
10004838:	f240 2265 	movw	r2, #613	@ 0x265
1000483c:	4948      	ldr	r1, [pc, #288]	@ (10004960 <tud_task_ext+0x23c>)
1000483e:	4849      	ldr	r0, [pc, #292]	@ (10004964 <tud_task_ext+0x240>)
10004840:	f7fe fc82 	bl	10003148 <__wrap_printf>
10004844:	f04f 23e0 	mov.w	r3, #3758153728	@ 0xe000e000
10004848:	f8d3 3df0 	ldr.w	r3, [r3, #3568]	@ 0xdf0
1000484c:	f013 0f01 	tst.w	r3, #1
10004850:	f43f af6d 	beq.w	1000472e <tud_task_ext+0xa>
10004854:	be00      	bkpt	0x0000
10004856:	e76a      	b.n	1000472e <tud_task_ext+0xa>
10004858:	f89d 1008 	ldrb.w	r1, [sp, #8]
1000485c:	f001 007f 	and.w	r0, r1, #127	@ 0x7f
10004860:	09cc      	lsrs	r4, r1, #7
10004862:	4b3c      	ldr	r3, [pc, #240]	@ (10004954 <tud_task_ext+0x230>)
10004864:	eb03 0340 	add.w	r3, r3, r0, lsl #1
10004868:	eb03 13d1 	add.w	r3, r3, r1, lsr #7
1000486c:	f893 2034 	ldrb.w	r2, [r3, #52]	@ 0x34
10004870:	f022 0201 	bic.w	r2, r2, #1
10004874:	f883 2034 	strb.w	r2, [r3, #52]	@ 0x34
10004878:	f893 2034 	ldrb.w	r2, [r3, #52]	@ 0x34
1000487c:	f022 0204 	bic.w	r2, r2, #4
10004880:	f883 2034 	strb.w	r2, [r3, #52]	@ 0x34
10004884:	b1a8      	cbz	r0, 100048b2 <tud_task_ext+0x18e>
10004886:	4b33      	ldr	r3, [pc, #204]	@ (10004954 <tud_task_ext+0x230>)
10004888:	eb03 0340 	add.w	r3, r3, r0, lsl #1
1000488c:	4423      	add	r3, r4
1000488e:	7d1b      	ldrb	r3, [r3, #20]
10004890:	4a35      	ldr	r2, [pc, #212]	@ (10004968 <tud_task_ext+0x244>)
10004892:	7812      	ldrb	r2, [r2, #0]
10004894:	4293      	cmp	r3, r2
10004896:	d214      	bcs.n	100048c2 <tud_task_ext+0x19e>
10004898:	4a34      	ldr	r2, [pc, #208]	@ (1000496c <tud_task_ext+0x248>)
1000489a:	6812      	ldr	r2, [r2, #0]
1000489c:	eb12 1343 	adds.w	r3, r2, r3, lsl #5
100048a0:	d017      	beq.n	100048d2 <tud_task_ext+0x1ae>
100048a2:	699c      	ldr	r4, [r3, #24]
100048a4:	9b03      	ldr	r3, [sp, #12]
100048a6:	f89d 2009 	ldrb.w	r2, [sp, #9]
100048aa:	f89d 0004 	ldrb.w	r0, [sp, #4]
100048ae:	47a0      	blx	r4
100048b0:	e747      	b.n	10004742 <tud_task_ext+0x1e>
100048b2:	9b03      	ldr	r3, [sp, #12]
100048b4:	f89d 2009 	ldrb.w	r2, [sp, #9]
100048b8:	f89d 0004 	ldrb.w	r0, [sp, #4]
100048bc:	f000 f91e 	bl	10004afc <usbd_control_xfer_cb>
100048c0:	e73f      	b.n	10004742 <tud_task_ext+0x1e>
100048c2:	1c50      	adds	r0, r2, #1
100048c4:	4298      	cmp	r0, r3
100048c6:	db04      	blt.n	100048d2 <tud_task_ext+0x1ae>
100048c8:	1a9b      	subs	r3, r3, r2
100048ca:	4a29      	ldr	r2, [pc, #164]	@ (10004970 <tud_task_ext+0x24c>)
100048cc:	eb02 1343 	add.w	r3, r2, r3, lsl #5
100048d0:	e7e7      	b.n	100048a2 <tud_task_ext+0x17e>
100048d2:	f44f 7224 	mov.w	r2, #656	@ 0x290
100048d6:	4922      	ldr	r1, [pc, #136]	@ (10004960 <tud_task_ext+0x23c>)
100048d8:	4822      	ldr	r0, [pc, #136]	@ (10004964 <tud_task_ext+0x240>)
100048da:	f7fe fc35 	bl	10003148 <__wrap_printf>
100048de:	f04f 23e0 	mov.w	r3, #3758153728	@ 0xe000e000
100048e2:	f8d3 3df0 	ldr.w	r3, [r3, #3568]	@ 0xdf0
100048e6:	f013 0f01 	tst.w	r3, #1
100048ea:	f43f af20 	beq.w	1000472e <tud_task_ext+0xa>
100048ee:	be00      	bkpt	0x0000
100048f0:	e71d      	b.n	1000472e <tud_task_ext+0xa>
100048f2:	4b18      	ldr	r3, [pc, #96]	@ (10004954 <tud_task_ext+0x230>)
100048f4:	781b      	ldrb	r3, [r3, #0]
100048f6:	f013 0f01 	tst.w	r3, #1
100048fa:	f43f af22 	beq.w	10004742 <tud_task_ext+0x1e>
100048fe:	4b15      	ldr	r3, [pc, #84]	@ (10004954 <tud_task_ext+0x230>)
10004900:	7818      	ldrb	r0, [r3, #0]
10004902:	f3c0 00c0 	ubfx	r0, r0, #3, #1
10004906:	f7ff fb13 	bl	10003f30 <tud_suspend_cb>
1000490a:	e71a      	b.n	10004742 <tud_task_ext+0x1e>
1000490c:	4b11      	ldr	r3, [pc, #68]	@ (10004954 <tud_task_ext+0x230>)
1000490e:	781b      	ldrb	r3, [r3, #0]
10004910:	f013 0f01 	tst.w	r3, #1
10004914:	f43f af15 	beq.w	10004742 <tud_task_ext+0x1e>
10004918:	f7ff fb0b 	bl	10003f32 <tud_resume_cb>
1000491c:	e711      	b.n	10004742 <tud_task_ext+0x1e>
1000491e:	9b02      	ldr	r3, [sp, #8]
10004920:	2b00      	cmp	r3, #0
10004922:	f43f af0e 	beq.w	10004742 <tud_task_ext+0x1e>
10004926:	9803      	ldr	r0, [sp, #12]
10004928:	4798      	blx	r3
1000492a:	e70a      	b.n	10004742 <tud_task_ext+0x1e>
1000492c:	4b09      	ldr	r3, [pc, #36]	@ (10004954 <tud_task_ext+0x230>)
1000492e:	78db      	ldrb	r3, [r3, #3]
10004930:	f013 0f01 	tst.w	r3, #1
10004934:	f43f af05 	beq.w	10004742 <tud_task_ext+0x1e>
10004938:	9802      	ldr	r0, [sp, #8]
1000493a:	f7ff fa76 	bl	10003e2a <tud_sof_cb>
1000493e:	e700      	b.n	10004742 <tud_task_ext+0x1e>
10004940:	f04f 23e0 	mov.w	r3, #3758153728	@ 0xe000e000
10004944:	f8d3 3df0 	ldr.w	r3, [r3, #3568]	@ 0xdf0
10004948:	f013 0f01 	tst.w	r3, #1
1000494c:	f43f aef9 	beq.w	10004742 <tud_task_ext+0x1e>
10004950:	be00      	bkpt	0x0000
10004952:	e6f6      	b.n	10004742 <tud_task_ext+0x1e>
10004954:	200011c0 	.word	0x200011c0
10004958:	20001218 	.word	0x20001218
1000495c:	20001a83 	.word	0x20001a83
10004960:	10007000 	.word	0x10007000
10004964:	10006ba0 	.word	0x10006ba0
10004968:	20001a81 	.word	0x20001a81
1000496c:	20000ff0 	.word	0x20000ff0
10004970:	10007020 	.word	0x10007020

10004974 <status_stage_xact>:
10004974:	b508      	push	{r3, lr}
10004976:	f991 3000 	ldrsb.w	r3, [r1]
1000497a:	2b00      	cmp	r3, #0
1000497c:	db05      	blt.n	1000498a <status_stage_xact+0x16>
1000497e:	2180      	movs	r1, #128	@ 0x80
10004980:	2300      	movs	r3, #0
10004982:	461a      	mov	r2, r3
10004984:	f7ff fc3a 	bl	100041fc <usbd_edpt_xfer>
10004988:	bd08      	pop	{r3, pc}
1000498a:	2100      	movs	r1, #0
1000498c:	e7f8      	b.n	10004980 <status_stage_xact+0xc>
	...

10004990 <data_stage_xact>:
10004990:	b5f8      	push	{r3, r4, r5, r6, r7, lr}
10004992:	4607      	mov	r7, r0
10004994:	4b13      	ldr	r3, [pc, #76]	@ (100049e4 <data_stage_xact+0x54>)
10004996:	899e      	ldrh	r6, [r3, #12]
10004998:	89dd      	ldrh	r5, [r3, #14]
1000499a:	1b74      	subs	r4, r6, r5
1000499c:	b2a4      	uxth	r4, r4
1000499e:	2c40      	cmp	r4, #64	@ 0x40
100049a0:	bf28      	it	cs
100049a2:	2440      	movcs	r4, #64	@ 0x40
100049a4:	f993 3000 	ldrsb.w	r3, [r3]
100049a8:	2b00      	cmp	r3, #0
100049aa:	db08      	blt.n	100049be <data_stage_xact+0x2e>
100049ac:	2100      	movs	r1, #0
100049ae:	42ae      	cmp	r6, r5
100049b0:	d013      	beq.n	100049da <data_stage_xact+0x4a>
100049b2:	4a0d      	ldr	r2, [pc, #52]	@ (100049e8 <data_stage_xact+0x58>)
100049b4:	4623      	mov	r3, r4
100049b6:	4638      	mov	r0, r7
100049b8:	f7ff fc20 	bl	100041fc <usbd_edpt_xfer>
100049bc:	bdf8      	pop	{r3, r4, r5, r6, r7, pc}
100049be:	42ae      	cmp	r6, r5
100049c0:	d009      	beq.n	100049d6 <data_stage_xact+0x46>
100049c2:	4b08      	ldr	r3, [pc, #32]	@ (100049e4 <data_stage_xact+0x54>)
100049c4:	6899      	ldr	r1, [r3, #8]
100049c6:	2c40      	cmp	r4, #64	@ 0x40
100049c8:	d809      	bhi.n	100049de <data_stage_xact+0x4e>
100049ca:	4622      	mov	r2, r4
100049cc:	4806      	ldr	r0, [pc, #24]	@ (100049e8 <data_stage_xact+0x58>)
100049ce:	f001 fb9d 	bl	1000610c <memcpy>
100049d2:	2180      	movs	r1, #128	@ 0x80
100049d4:	e7eb      	b.n	100049ae <data_stage_xact+0x1e>
100049d6:	2180      	movs	r1, #128	@ 0x80
100049d8:	e7e9      	b.n	100049ae <data_stage_xact+0x1e>
100049da:	2200      	movs	r2, #0
100049dc:	e7ea      	b.n	100049b4 <data_stage_xact+0x24>
100049de:	2000      	movs	r0, #0
100049e0:	e7ec      	b.n	100049bc <data_stage_xact+0x2c>
100049e2:	bf00      	nop
100049e4:	20001180 	.word	0x20001180
100049e8:	20001140 	.word	0x20001140

100049ec <tud_control_status>:
100049ec:	b508      	push	{r3, lr}
100049ee:	4686      	mov	lr, r0
100049f0:	460b      	mov	r3, r1
100049f2:	4a07      	ldr	r2, [pc, #28]	@ (10004a10 <tud_control_status+0x24>)
100049f4:	4694      	mov	ip, r2
100049f6:	6808      	ldr	r0, [r1, #0]
100049f8:	6849      	ldr	r1, [r1, #4]
100049fa:	e8ac 0003 	stmia.w	ip!, {r0, r1}
100049fe:	2100      	movs	r1, #0
10004a00:	6091      	str	r1, [r2, #8]
10004a02:	81d1      	strh	r1, [r2, #14]
10004a04:	8191      	strh	r1, [r2, #12]
10004a06:	4619      	mov	r1, r3
10004a08:	4670      	mov	r0, lr
10004a0a:	f7ff ffb3 	bl	10004974 <status_stage_xact>
10004a0e:	bd08      	pop	{r3, pc}
10004a10:	20001180 	.word	0x20001180

10004a14 <tud_control_xfer>:
10004a14:	b538      	push	{r3, r4, r5, lr}
10004a16:	4605      	mov	r5, r0
10004a18:	468c      	mov	ip, r1
10004a1a:	4c26      	ldr	r4, [pc, #152]	@ (10004ab4 <tud_control_xfer+0xa0>)
10004a1c:	46a6      	mov	lr, r4
10004a1e:	6808      	ldr	r0, [r1, #0]
10004a20:	6849      	ldr	r1, [r1, #4]
10004a22:	e8ae 0003 	stmia.w	lr!, {r0, r1}
10004a26:	60a2      	str	r2, [r4, #8]
10004a28:	2100      	movs	r1, #0
10004a2a:	81e1      	strh	r1, [r4, #14]
10004a2c:	f8bc 1006 	ldrh.w	r1, [ip, #6]
10004a30:	428b      	cmp	r3, r1
10004a32:	bf28      	it	cs
10004a34:	460b      	movcs	r3, r1
10004a36:	81a3      	strh	r3, [r4, #12]
10004a38:	f8bc 1006 	ldrh.w	r1, [ip, #6]
10004a3c:	b329      	cbz	r1, 10004a8a <tud_control_xfer+0x76>
10004a3e:	b103      	cbz	r3, 10004a42 <tud_control_xfer+0x2e>
10004a40:	b132      	cbz	r2, 10004a50 <tud_control_xfer+0x3c>
10004a42:	4628      	mov	r0, r5
10004a44:	f7ff ffa4 	bl	10004990 <data_stage_xact>
10004a48:	4604      	mov	r4, r0
10004a4a:	b180      	cbz	r0, 10004a6e <tud_control_xfer+0x5a>
10004a4c:	4620      	mov	r0, r4
10004a4e:	bd38      	pop	{r3, r4, r5, pc}
10004a50:	2272      	movs	r2, #114	@ 0x72
10004a52:	4919      	ldr	r1, [pc, #100]	@ (10004ab8 <tud_control_xfer+0xa4>)
10004a54:	4819      	ldr	r0, [pc, #100]	@ (10004abc <tud_control_xfer+0xa8>)
10004a56:	f7fe fb77 	bl	10003148 <__wrap_printf>
10004a5a:	f04f 23e0 	mov.w	r3, #3758153728	@ 0xe000e000
10004a5e:	f8d3 3df0 	ldr.w	r3, [r3, #3568]	@ 0xdf0
10004a62:	f013 0f01 	tst.w	r3, #1
10004a66:	d000      	beq.n	10004a6a <tud_control_xfer+0x56>
10004a68:	be00      	bkpt	0x0000
10004a6a:	2400      	movs	r4, #0
10004a6c:	e7ee      	b.n	10004a4c <tud_control_xfer+0x38>
10004a6e:	2274      	movs	r2, #116	@ 0x74
10004a70:	4911      	ldr	r1, [pc, #68]	@ (10004ab8 <tud_control_xfer+0xa4>)
10004a72:	4812      	ldr	r0, [pc, #72]	@ (10004abc <tud_control_xfer+0xa8>)
10004a74:	f7fe fb68 	bl	10003148 <__wrap_printf>
10004a78:	f04f 23e0 	mov.w	r3, #3758153728	@ 0xe000e000
10004a7c:	f8d3 3df0 	ldr.w	r3, [r3, #3568]	@ 0xdf0
10004a80:	f013 0f01 	tst.w	r3, #1
10004a84:	d0e2      	beq.n	10004a4c <tud_control_xfer+0x38>
10004a86:	be00      	bkpt	0x0000
10004a88:	e7e0      	b.n	10004a4c <tud_control_xfer+0x38>
10004a8a:	4661      	mov	r1, ip
10004a8c:	4628      	mov	r0, r5
10004a8e:	f7ff ff71 	bl	10004974 <status_stage_xact>
10004a92:	4604      	mov	r4, r0
10004a94:	2800      	cmp	r0, #0
10004a96:	d1d9      	bne.n	10004a4c <tud_control_xfer+0x38>
10004a98:	2276      	movs	r2, #118	@ 0x76
10004a9a:	4907      	ldr	r1, [pc, #28]	@ (10004ab8 <tud_control_xfer+0xa4>)
10004a9c:	4807      	ldr	r0, [pc, #28]	@ (10004abc <tud_control_xfer+0xa8>)
10004a9e:	f7fe fb53 	bl	10003148 <__wrap_printf>
10004aa2:	f04f 23e0 	mov.w	r3, #3758153728	@ 0xe000e000
10004aa6:	f8d3 3df0 	ldr.w	r3, [r3, #3568]	@ 0xdf0
10004aaa:	f013 0f01 	tst.w	r3, #1
10004aae:	d0cd      	beq.n	10004a4c <tud_control_xfer+0x38>
10004ab0:	be00      	bkpt	0x0000
10004ab2:	e7cb      	b.n	10004a4c <tud_control_xfer+0x38>
10004ab4:	20001180 	.word	0x20001180
10004ab8:	10007078 	.word	0x10007078
10004abc:	10006ba0 	.word	0x10006ba0

10004ac0 <usbd_control_reset>:
10004ac0:	4b03      	ldr	r3, [pc, #12]	@ (10004ad0 <usbd_control_reset+0x10>)
10004ac2:	2200      	movs	r2, #0
10004ac4:	601a      	str	r2, [r3, #0]
10004ac6:	605a      	str	r2, [r3, #4]
10004ac8:	609a      	str	r2, [r3, #8]
10004aca:	60da      	str	r2, [r3, #12]
10004acc:	611a      	str	r2, [r3, #16]
10004ace:	4770      	bx	lr
10004ad0:	20001180 	.word	0x20001180

10004ad4 <usbd_control_set_complete_callback>:
10004ad4:	4b01      	ldr	r3, [pc, #4]	@ (10004adc <usbd_control_set_complete_callback+0x8>)
10004ad6:	6118      	str	r0, [r3, #16]
10004ad8:	4770      	bx	lr
10004ada:	bf00      	nop
10004adc:	20001180 	.word	0x20001180

10004ae0 <usbd_control_set_request>:
10004ae0:	4601      	mov	r1, r0
10004ae2:	4b05      	ldr	r3, [pc, #20]	@ (10004af8 <usbd_control_set_request+0x18>)
10004ae4:	461a      	mov	r2, r3
10004ae6:	6800      	ldr	r0, [r0, #0]
10004ae8:	6849      	ldr	r1, [r1, #4]
10004aea:	c203      	stmia	r2!, {r0, r1}
10004aec:	2200      	movs	r2, #0
10004aee:	609a      	str	r2, [r3, #8]
10004af0:	81da      	strh	r2, [r3, #14]
10004af2:	819a      	strh	r2, [r3, #12]
10004af4:	4770      	bx	lr
10004af6:	bf00      	nop
10004af8:	20001180 	.word	0x20001180

10004afc <usbd_control_xfer_cb>:
10004afc:	b538      	push	{r3, r4, r5, lr}
10004afe:	4605      	mov	r5, r0
10004b00:	461c      	mov	r4, r3
10004b02:	4b3d      	ldr	r3, [pc, #244]	@ (10004bf8 <usbd_control_xfer_cb+0xfc>)
10004b04:	781b      	ldrb	r3, [r3, #0]
10004b06:	09db      	lsrs	r3, r3, #7
10004b08:	ebb3 1fd1 	cmp.w	r3, r1, lsr #7
10004b0c:	d01c      	beq.n	10004b48 <usbd_control_xfer_cb+0x4c>
10004b0e:	b17c      	cbz	r4, 10004b30 <usbd_control_xfer_cb+0x34>
10004b10:	229d      	movs	r2, #157	@ 0x9d
10004b12:	493a      	ldr	r1, [pc, #232]	@ (10004bfc <usbd_control_xfer_cb+0x100>)
10004b14:	483a      	ldr	r0, [pc, #232]	@ (10004c00 <usbd_control_xfer_cb+0x104>)
10004b16:	f7fe fb17 	bl	10003148 <__wrap_printf>
10004b1a:	f04f 23e0 	mov.w	r3, #3758153728	@ 0xe000e000
10004b1e:	f8d3 3df0 	ldr.w	r3, [r3, #3568]	@ 0xdf0
10004b22:	f013 0f01 	tst.w	r3, #1
10004b26:	d000      	beq.n	10004b2a <usbd_control_xfer_cb+0x2e>
10004b28:	be00      	bkpt	0x0000
10004b2a:	2400      	movs	r4, #0
10004b2c:	4620      	mov	r0, r4
10004b2e:	bd38      	pop	{r3, r4, r5, pc}
10004b30:	4c31      	ldr	r4, [pc, #196]	@ (10004bf8 <usbd_control_xfer_cb+0xfc>)
10004b32:	4621      	mov	r1, r4
10004b34:	f7fe ff74 	bl	10003a20 <dcd_edpt0_status_complete>
10004b38:	6923      	ldr	r3, [r4, #16]
10004b3a:	b11b      	cbz	r3, 10004b44 <usbd_control_xfer_cb+0x48>
10004b3c:	4622      	mov	r2, r4
10004b3e:	2103      	movs	r1, #3
10004b40:	4628      	mov	r0, r5
10004b42:	4798      	blx	r3
10004b44:	2401      	movs	r4, #1
10004b46:	e7f1      	b.n	10004b2c <usbd_control_xfer_cb+0x30>
10004b48:	4b2b      	ldr	r3, [pc, #172]	@ (10004bf8 <usbd_control_xfer_cb+0xfc>)
10004b4a:	f993 3000 	ldrsb.w	r3, [r3]
10004b4e:	2b00      	cmp	r3, #0
10004b50:	db07      	blt.n	10004b62 <usbd_control_xfer_cb+0x66>
10004b52:	4b29      	ldr	r3, [pc, #164]	@ (10004bf8 <usbd_control_xfer_cb+0xfc>)
10004b54:	6898      	ldr	r0, [r3, #8]
10004b56:	2800      	cmp	r0, #0
10004b58:	d04c      	beq.n	10004bf4 <usbd_control_xfer_cb+0xf8>
10004b5a:	4622      	mov	r2, r4
10004b5c:	4929      	ldr	r1, [pc, #164]	@ (10004c04 <usbd_control_xfer_cb+0x108>)
10004b5e:	f001 fad5 	bl	1000610c <memcpy>
10004b62:	4a25      	ldr	r2, [pc, #148]	@ (10004bf8 <usbd_control_xfer_cb+0xfc>)
10004b64:	89d3      	ldrh	r3, [r2, #14]
10004b66:	fa13 f384 	uxtah	r3, r3, r4
10004b6a:	b29b      	uxth	r3, r3
10004b6c:	81d3      	strh	r3, [r2, #14]
10004b6e:	6891      	ldr	r1, [r2, #8]
10004b70:	4421      	add	r1, r4
10004b72:	6091      	str	r1, [r2, #8]
10004b74:	88d2      	ldrh	r2, [r2, #6]
10004b76:	4293      	cmp	r3, r2
10004b78:	d001      	beq.n	10004b7e <usbd_control_xfer_cb+0x82>
10004b7a:	2c3f      	cmp	r4, #63	@ 0x3f
10004b7c:	d826      	bhi.n	10004bcc <usbd_control_xfer_cb+0xd0>
10004b7e:	4b1e      	ldr	r3, [pc, #120]	@ (10004bf8 <usbd_control_xfer_cb+0xfc>)
10004b80:	691b      	ldr	r3, [r3, #16]
10004b82:	b123      	cbz	r3, 10004b8e <usbd_control_xfer_cb+0x92>
10004b84:	4a1c      	ldr	r2, [pc, #112]	@ (10004bf8 <usbd_control_xfer_cb+0xfc>)
10004b86:	2102      	movs	r1, #2
10004b88:	4628      	mov	r0, r5
10004b8a:	4798      	blx	r3
10004b8c:	b1a0      	cbz	r0, 10004bb8 <usbd_control_xfer_cb+0xbc>
10004b8e:	491a      	ldr	r1, [pc, #104]	@ (10004bf8 <usbd_control_xfer_cb+0xfc>)
10004b90:	4628      	mov	r0, r5
10004b92:	f7ff feef 	bl	10004974 <status_stage_xact>
10004b96:	4604      	mov	r4, r0
10004b98:	2800      	cmp	r0, #0
10004b9a:	d1c7      	bne.n	10004b2c <usbd_control_xfer_cb+0x30>
10004b9c:	22c5      	movs	r2, #197	@ 0xc5
10004b9e:	4917      	ldr	r1, [pc, #92]	@ (10004bfc <usbd_control_xfer_cb+0x100>)
10004ba0:	4817      	ldr	r0, [pc, #92]	@ (10004c00 <usbd_control_xfer_cb+0x104>)
10004ba2:	f7fe fad1 	bl	10003148 <__wrap_printf>
10004ba6:	f04f 23e0 	mov.w	r3, #3758153728	@ 0xe000e000
10004baa:	f8d3 3df0 	ldr.w	r3, [r3, #3568]	@ 0xdf0
10004bae:	f013 0f01 	tst.w	r3, #1
10004bb2:	d0bb      	beq.n	10004b2c <usbd_control_xfer_cb+0x30>
10004bb4:	be00      	bkpt	0x0000
10004bb6:	e7b9      	b.n	10004b2c <usbd_control_xfer_cb+0x30>
10004bb8:	2100      	movs	r1, #0
10004bba:	4628      	mov	r0, r5
10004bbc:	f7fe ff6c 	bl	10003a98 <dcd_edpt_stall>
10004bc0:	2180      	movs	r1, #128	@ 0x80
10004bc2:	4628      	mov	r0, r5
10004bc4:	f7fe ff68 	bl	10003a98 <dcd_edpt_stall>
10004bc8:	2401      	movs	r4, #1
10004bca:	e7af      	b.n	10004b2c <usbd_control_xfer_cb+0x30>
10004bcc:	4628      	mov	r0, r5
10004bce:	f7ff fedf 	bl	10004990 <data_stage_xact>
10004bd2:	4604      	mov	r4, r0
10004bd4:	2800      	cmp	r0, #0
10004bd6:	d1a9      	bne.n	10004b2c <usbd_control_xfer_cb+0x30>
10004bd8:	22cd      	movs	r2, #205	@ 0xcd
10004bda:	4908      	ldr	r1, [pc, #32]	@ (10004bfc <usbd_control_xfer_cb+0x100>)
10004bdc:	4808      	ldr	r0, [pc, #32]	@ (10004c00 <usbd_control_xfer_cb+0x104>)
10004bde:	f7fe fab3 	bl	10003148 <__wrap_printf>
10004be2:	f04f 23e0 	mov.w	r3, #3758153728	@ 0xe000e000
10004be6:	f8d3 3df0 	ldr.w	r3, [r3, #3568]	@ 0xdf0
10004bea:	f013 0f01 	tst.w	r3, #1
10004bee:	d09d      	beq.n	10004b2c <usbd_control_xfer_cb+0x30>
10004bf0:	be00      	bkpt	0x0000
10004bf2:	e79b      	b.n	10004b2c <usbd_control_xfer_cb+0x30>
10004bf4:	2400      	movs	r4, #0
10004bf6:	e799      	b.n	10004b2c <usbd_control_xfer_cb+0x30>
10004bf8:	20001180 	.word	0x20001180
10004bfc:	10007060 	.word	0x10007060
10004c00:	10006ba0 	.word	0x10006ba0
10004c04:	20001140 	.word	0x20001140

10004c08 <_prep_out_transaction>:
10004c08:	b538      	push	{r3, r4, r5, lr}
10004c0a:	4604      	mov	r4, r0
10004c0c:	f7ff f992 	bl	10003f34 <tud_mounted>
10004c10:	b950      	cbnz	r0, 10004c28 <_prep_out_transaction+0x20>
10004c12:	2300      	movs	r3, #0
10004c14:	4618      	mov	r0, r3
10004c16:	b133      	cbz	r3, 10004c26 <_prep_out_transaction+0x1e>
10004c18:	4b20      	ldr	r3, [pc, #128]	@ (10004c9c <_prep_out_transaction+0x94>)
10004c1a:	22c8      	movs	r2, #200	@ 0xc8
10004c1c:	fb02 3304 	mla	r3, r2, r4, r3
10004c20:	78db      	ldrb	r3, [r3, #3]
10004c22:	b943      	cbnz	r3, 10004c36 <_prep_out_transaction+0x2e>
10004c24:	2000      	movs	r0, #0
10004c26:	bd38      	pop	{r3, r4, r5, pc}
10004c28:	f7ff f98c 	bl	10003f44 <tud_suspended>
10004c2c:	b908      	cbnz	r0, 10004c32 <_prep_out_transaction+0x2a>
10004c2e:	2301      	movs	r3, #1
10004c30:	e7f0      	b.n	10004c14 <_prep_out_transaction+0xc>
10004c32:	2300      	movs	r3, #0
10004c34:	e7ee      	b.n	10004c14 <_prep_out_transaction+0xc>
10004c36:	4615      	mov	r5, r2
10004c38:	fb04 f505 	mul.w	r5, r4, r5
10004c3c:	3510      	adds	r5, #16
10004c3e:	4b17      	ldr	r3, [pc, #92]	@ (10004c9c <_prep_out_transaction+0x94>)
10004c40:	441d      	add	r5, r3
10004c42:	4628      	mov	r0, r5
10004c44:	f001 f969 	bl	10005f1a <tu_fifo_remaining>
10004c48:	283f      	cmp	r0, #63	@ 0x3f
10004c4a:	d801      	bhi.n	10004c50 <_prep_out_transaction+0x48>
10004c4c:	2000      	movs	r0, #0
10004c4e:	e7ea      	b.n	10004c26 <_prep_out_transaction+0x1e>
10004c50:	4b12      	ldr	r3, [pc, #72]	@ (10004c9c <_prep_out_transaction+0x94>)
10004c52:	22c8      	movs	r2, #200	@ 0xc8
10004c54:	fb02 3304 	mla	r3, r2, r4, r3
10004c58:	78d9      	ldrb	r1, [r3, #3]
10004c5a:	2000      	movs	r0, #0
10004c5c:	f7ff faa6 	bl	100041ac <usbd_edpt_claim>
10004c60:	2800      	cmp	r0, #0
10004c62:	d0e0      	beq.n	10004c26 <_prep_out_transaction+0x1e>
10004c64:	4628      	mov	r0, r5
10004c66:	f001 f958 	bl	10005f1a <tu_fifo_remaining>
10004c6a:	283f      	cmp	r0, #63	@ 0x3f
10004c6c:	d90c      	bls.n	10004c88 <_prep_out_transaction+0x80>
10004c6e:	490b      	ldr	r1, [pc, #44]	@ (10004c9c <_prep_out_transaction+0x94>)
10004c70:	23c8      	movs	r3, #200	@ 0xc8
10004c72:	fb03 1104 	mla	r1, r3, r4, r1
10004c76:	2340      	movs	r3, #64	@ 0x40
10004c78:	4a09      	ldr	r2, [pc, #36]	@ (10004ca0 <_prep_out_transaction+0x98>)
10004c7a:	eb02 12c4 	add.w	r2, r2, r4, lsl #7
10004c7e:	78c9      	ldrb	r1, [r1, #3]
10004c80:	2000      	movs	r0, #0
10004c82:	f7ff fabb 	bl	100041fc <usbd_edpt_xfer>
10004c86:	e7ce      	b.n	10004c26 <_prep_out_transaction+0x1e>
10004c88:	4b04      	ldr	r3, [pc, #16]	@ (10004c9c <_prep_out_transaction+0x94>)
10004c8a:	22c8      	movs	r2, #200	@ 0xc8
10004c8c:	fb02 3304 	mla	r3, r2, r4, r3
10004c90:	78d9      	ldrb	r1, [r3, #3]
10004c92:	2000      	movs	r0, #0
10004c94:	f7ff fa9e 	bl	100041d4 <usbd_edpt_release>
10004c98:	2000      	movs	r0, #0
10004c9a:	e7c4      	b.n	10004c26 <_prep_out_transaction+0x1e>
10004c9c:	20001078 	.word	0x20001078
10004ca0:	20000ff4 	.word	0x20000ff4

10004ca4 <tud_cdc_n_connected>:
10004ca4:	b510      	push	{r4, lr}
10004ca6:	4604      	mov	r4, r0
10004ca8:	f7ff f944 	bl	10003f34 <tud_mounted>
10004cac:	b908      	cbnz	r0, 10004cb2 <tud_cdc_n_connected+0xe>
10004cae:	2000      	movs	r0, #0
10004cb0:	bd10      	pop	{r4, pc}
10004cb2:	f7ff f947 	bl	10003f44 <tud_suspended>
10004cb6:	b948      	cbnz	r0, 10004ccc <tud_cdc_n_connected+0x28>
10004cb8:	4b06      	ldr	r3, [pc, #24]	@ (10004cd4 <tud_cdc_n_connected+0x30>)
10004cba:	22c8      	movs	r2, #200	@ 0xc8
10004cbc:	fb02 3304 	mla	r3, r2, r4, r3
10004cc0:	791b      	ldrb	r3, [r3, #4]
10004cc2:	f013 0f01 	tst.w	r3, #1
10004cc6:	d003      	beq.n	10004cd0 <tud_cdc_n_connected+0x2c>
10004cc8:	2001      	movs	r0, #1
10004cca:	e7f1      	b.n	10004cb0 <tud_cdc_n_connected+0xc>
10004ccc:	2000      	movs	r0, #0
10004cce:	e7ef      	b.n	10004cb0 <tud_cdc_n_connected+0xc>
10004cd0:	2000      	movs	r0, #0
10004cd2:	e7ed      	b.n	10004cb0 <tud_cdc_n_connected+0xc>
10004cd4:	20001078 	.word	0x20001078

10004cd8 <tud_cdc_n_available>:
10004cd8:	b508      	push	{r3, lr}
10004cda:	23c8      	movs	r3, #200	@ 0xc8
10004cdc:	fb03 f000 	mul.w	r0, r3, r0
10004ce0:	3010      	adds	r0, #16
10004ce2:	4b02      	ldr	r3, [pc, #8]	@ (10004cec <tud_cdc_n_available+0x14>)
10004ce4:	4418      	add	r0, r3
10004ce6:	f001 f8e7 	bl	10005eb8 <tu_fifo_count>
10004cea:	bd08      	pop	{r3, pc}
10004cec:	20001078 	.word	0x20001078

10004cf0 <tud_cdc_n_read>:
10004cf0:	b538      	push	{r3, r4, r5, lr}
10004cf2:	4604      	mov	r4, r0
10004cf4:	23c8      	movs	r3, #200	@ 0xc8
10004cf6:	fb00 f303 	mul.w	r3, r0, r3
10004cfa:	3310      	adds	r3, #16
10004cfc:	4808      	ldr	r0, [pc, #32]	@ (10004d20 <tud_cdc_n_read+0x30>)
10004cfe:	4418      	add	r0, r3
10004d00:	f64f 73fe 	movw	r3, #65534	@ 0xfffe
10004d04:	429a      	cmp	r2, r3
10004d06:	d808      	bhi.n	10004d1a <tud_cdc_n_read+0x2a>
10004d08:	b292      	uxth	r2, r2
10004d0a:	f001 f93b 	bl	10005f84 <tu_fifo_read_n>
10004d0e:	4605      	mov	r5, r0
10004d10:	4620      	mov	r0, r4
10004d12:	f7ff ff79 	bl	10004c08 <_prep_out_transaction>
10004d16:	4628      	mov	r0, r5
10004d18:	bd38      	pop	{r3, r4, r5, pc}
10004d1a:	f64f 72ff 	movw	r2, #65535	@ 0xffff
10004d1e:	e7f4      	b.n	10004d0a <tud_cdc_n_read+0x1a>
10004d20:	20001078 	.word	0x20001078

10004d24 <tud_cdc_n_write_flush>:
10004d24:	b570      	push	{r4, r5, r6, lr}
10004d26:	4605      	mov	r5, r0
10004d28:	f7ff f904 	bl	10003f34 <tud_mounted>
10004d2c:	b918      	cbnz	r0, 10004d36 <tud_cdc_n_write_flush+0x12>
10004d2e:	2300      	movs	r3, #0
10004d30:	b943      	cbnz	r3, 10004d44 <tud_cdc_n_write_flush+0x20>
10004d32:	2000      	movs	r0, #0
10004d34:	bd70      	pop	{r4, r5, r6, pc}
10004d36:	f7ff f905 	bl	10003f44 <tud_suspended>
10004d3a:	b908      	cbnz	r0, 10004d40 <tud_cdc_n_write_flush+0x1c>
10004d3c:	2301      	movs	r3, #1
10004d3e:	e7f7      	b.n	10004d30 <tud_cdc_n_write_flush+0xc>
10004d40:	2300      	movs	r3, #0
10004d42:	e7f5      	b.n	10004d30 <tud_cdc_n_write_flush+0xc>
10004d44:	24c8      	movs	r4, #200	@ 0xc8
10004d46:	fb05 f404 	mul.w	r4, r5, r4
10004d4a:	3420      	adds	r4, #32
10004d4c:	4b22      	ldr	r3, [pc, #136]	@ (10004dd8 <tud_cdc_n_write_flush+0xb4>)
10004d4e:	441c      	add	r4, r3
10004d50:	3404      	adds	r4, #4
10004d52:	4620      	mov	r0, r4
10004d54:	f001 f8b0 	bl	10005eb8 <tu_fifo_count>
10004d58:	b908      	cbnz	r0, 10004d5e <tud_cdc_n_write_flush+0x3a>
10004d5a:	2000      	movs	r0, #0
10004d5c:	e7ea      	b.n	10004d34 <tud_cdc_n_write_flush+0x10>
10004d5e:	4b1e      	ldr	r3, [pc, #120]	@ (10004dd8 <tud_cdc_n_write_flush+0xb4>)
10004d60:	22c8      	movs	r2, #200	@ 0xc8
10004d62:	fb02 3305 	mla	r3, r2, r5, r3
10004d66:	7899      	ldrb	r1, [r3, #2]
10004d68:	2000      	movs	r0, #0
10004d6a:	f7ff fa1f 	bl	100041ac <usbd_edpt_claim>
10004d6e:	b908      	cbnz	r0, 10004d74 <tud_cdc_n_write_flush+0x50>
10004d70:	2000      	movs	r0, #0
10004d72:	e7df      	b.n	10004d34 <tud_cdc_n_write_flush+0x10>
10004d74:	01ee      	lsls	r6, r5, #7
10004d76:	3640      	adds	r6, #64	@ 0x40
10004d78:	4b18      	ldr	r3, [pc, #96]	@ (10004ddc <tud_cdc_n_write_flush+0xb8>)
10004d7a:	441e      	add	r6, r3
10004d7c:	2240      	movs	r2, #64	@ 0x40
10004d7e:	4631      	mov	r1, r6
10004d80:	4620      	mov	r0, r4
10004d82:	f001 f8ff 	bl	10005f84 <tu_fifo_read_n>
10004d86:	4604      	mov	r4, r0
10004d88:	b1d8      	cbz	r0, 10004dc2 <tud_cdc_n_write_flush+0x9e>
10004d8a:	4913      	ldr	r1, [pc, #76]	@ (10004dd8 <tud_cdc_n_write_flush+0xb4>)
10004d8c:	23c8      	movs	r3, #200	@ 0xc8
10004d8e:	fb03 1105 	mla	r1, r3, r5, r1
10004d92:	4603      	mov	r3, r0
10004d94:	4632      	mov	r2, r6
10004d96:	7889      	ldrb	r1, [r1, #2]
10004d98:	2000      	movs	r0, #0
10004d9a:	f7ff fa2f 	bl	100041fc <usbd_edpt_xfer>
10004d9e:	b108      	cbz	r0, 10004da4 <tud_cdc_n_write_flush+0x80>
10004da0:	4620      	mov	r0, r4
10004da2:	e7c7      	b.n	10004d34 <tud_cdc_n_write_flush+0x10>
10004da4:	22d5      	movs	r2, #213	@ 0xd5
10004da6:	490e      	ldr	r1, [pc, #56]	@ (10004de0 <tud_cdc_n_write_flush+0xbc>)
10004da8:	480e      	ldr	r0, [pc, #56]	@ (10004de4 <tud_cdc_n_write_flush+0xc0>)
10004daa:	f7fe f9cd 	bl	10003148 <__wrap_printf>
10004dae:	f04f 23e0 	mov.w	r3, #3758153728	@ 0xe000e000
10004db2:	f8d3 3df0 	ldr.w	r3, [r3, #3568]	@ 0xdf0
10004db6:	f013 0f01 	tst.w	r3, #1
10004dba:	d000      	beq.n	10004dbe <tud_cdc_n_write_flush+0x9a>
10004dbc:	be00      	bkpt	0x0000
10004dbe:	2000      	movs	r0, #0
10004dc0:	e7b8      	b.n	10004d34 <tud_cdc_n_write_flush+0x10>
10004dc2:	4b05      	ldr	r3, [pc, #20]	@ (10004dd8 <tud_cdc_n_write_flush+0xb4>)
10004dc4:	22c8      	movs	r2, #200	@ 0xc8
10004dc6:	fb02 3305 	mla	r3, r2, r5, r3
10004dca:	7899      	ldrb	r1, [r3, #2]
10004dcc:	2000      	movs	r0, #0
10004dce:	f7ff fa01 	bl	100041d4 <usbd_edpt_release>
10004dd2:	2000      	movs	r0, #0
10004dd4:	e7ae      	b.n	10004d34 <tud_cdc_n_write_flush+0x10>
10004dd6:	bf00      	nop
10004dd8:	20001078 	.word	0x20001078
10004ddc:	20000ff4 	.word	0x20000ff4
10004de0:	100070a8 	.word	0x100070a8
10004de4:	10006ba0 	.word	0x10006ba0

10004de8 <tud_cdc_n_write>:
10004de8:	b570      	push	{r4, r5, r6, lr}
10004dea:	4605      	mov	r5, r0
10004dec:	24c8      	movs	r4, #200	@ 0xc8
10004dee:	fb00 f404 	mul.w	r4, r0, r4
10004df2:	3420      	adds	r4, #32
10004df4:	4b0c      	ldr	r3, [pc, #48]	@ (10004e28 <tud_cdc_n_write+0x40>)
10004df6:	441c      	add	r4, r3
10004df8:	3404      	adds	r4, #4
10004dfa:	f64f 73fe 	movw	r3, #65534	@ 0xfffe
10004dfe:	429a      	cmp	r2, r3
10004e00:	d80b      	bhi.n	10004e1a <tud_cdc_n_write+0x32>
10004e02:	b292      	uxth	r2, r2
10004e04:	4620      	mov	r0, r4
10004e06:	f001 f8f1 	bl	10005fec <tu_fifo_write_n>
10004e0a:	4606      	mov	r6, r0
10004e0c:	4620      	mov	r0, r4
10004e0e:	f001 f853 	bl	10005eb8 <tu_fifo_count>
10004e12:	283f      	cmp	r0, #63	@ 0x3f
10004e14:	d804      	bhi.n	10004e20 <tud_cdc_n_write+0x38>
10004e16:	4630      	mov	r0, r6
10004e18:	bd70      	pop	{r4, r5, r6, pc}
10004e1a:	f64f 72ff 	movw	r2, #65535	@ 0xffff
10004e1e:	e7f1      	b.n	10004e04 <tud_cdc_n_write+0x1c>
10004e20:	4628      	mov	r0, r5
10004e22:	f7ff ff7f 	bl	10004d24 <tud_cdc_n_write_flush>
10004e26:	e7f6      	b.n	10004e16 <tud_cdc_n_write+0x2e>
10004e28:	20001078 	.word	0x20001078

10004e2c <tud_cdc_n_write_available>:
10004e2c:	b508      	push	{r3, lr}
10004e2e:	23c8      	movs	r3, #200	@ 0xc8
10004e30:	fb03 f000 	mul.w	r0, r3, r0
10004e34:	3020      	adds	r0, #32
10004e36:	4b03      	ldr	r3, [pc, #12]	@ (10004e44 <tud_cdc_n_write_available+0x18>)
10004e38:	4418      	add	r0, r3
10004e3a:	3004      	adds	r0, #4
10004e3c:	f001 f86d 	bl	10005f1a <tu_fifo_remaining>
10004e40:	bd08      	pop	{r3, pc}
10004e42:	bf00      	nop
10004e44:	20001078 	.word	0x20001078

10004e48 <cdcd_init>:
10004e48:	e92d 43f0 	stmdb	sp!, {r4, r5, r6, r7, r8, r9, lr}
10004e4c:	b083      	sub	sp, #12
10004e4e:	22c8      	movs	r2, #200	@ 0xc8
10004e50:	2100      	movs	r1, #0
10004e52:	4824      	ldr	r0, [pc, #144]	@ (10004ee4 <cdcd_init+0x9c>)
10004e54:	f001 f908 	bl	10006068 <memset>
10004e58:	2500      	movs	r5, #0
10004e5a:	4b23      	ldr	r3, [pc, #140]	@ (10004ee8 <cdcd_init+0xa0>)
10004e5c:	701d      	strb	r5, [r3, #0]
10004e5e:	b115      	cbz	r5, 10004e66 <cdcd_init+0x1e>
10004e60:	b003      	add	sp, #12
10004e62:	e8bd 83f0 	ldmia.w	sp!, {r4, r5, r6, r7, r8, r9, pc}
10004e66:	4f1f      	ldr	r7, [pc, #124]	@ (10004ee4 <cdcd_init+0x9c>)
10004e68:	24c8      	movs	r4, #200	@ 0xc8
10004e6a:	fb05 f404 	mul.w	r4, r5, r4
10004e6e:	193e      	adds	r6, r7, r4
10004e70:	23ff      	movs	r3, #255	@ 0xff
10004e72:	7173      	strb	r3, [r6, #5]
10004e74:	f44f 33e1 	mov.w	r3, #115200	@ 0x1c200
10004e78:	60b3      	str	r3, [r6, #8]
10004e7a:	f04f 0800 	mov.w	r8, #0
10004e7e:	f886 800c 	strb.w	r8, [r6, #12]
10004e82:	f886 800d 	strb.w	r8, [r6, #13]
10004e86:	2308      	movs	r3, #8
10004e88:	73b3      	strb	r3, [r6, #14]
10004e8a:	f104 0138 	add.w	r1, r4, #56	@ 0x38
10004e8e:	f104 0010 	add.w	r0, r4, #16
10004e92:	f8cd 8000 	str.w	r8, [sp]
10004e96:	2301      	movs	r3, #1
10004e98:	2240      	movs	r2, #64	@ 0x40
10004e9a:	4439      	add	r1, r7
10004e9c:	4438      	add	r0, r7
10004e9e:	f000 ffda 	bl	10005e56 <tu_fifo_config>
10004ea2:	f104 0178 	add.w	r1, r4, #120	@ 0x78
10004ea6:	f104 0020 	add.w	r0, r4, #32
10004eaa:	4438      	add	r0, r7
10004eac:	2301      	movs	r3, #1
10004eae:	9300      	str	r3, [sp, #0]
10004eb0:	2240      	movs	r2, #64	@ 0x40
10004eb2:	4439      	add	r1, r7
10004eb4:	3004      	adds	r0, #4
10004eb6:	f000 ffce 	bl	10005e56 <tu_fifo_config>
10004eba:	f104 09b8 	add.w	r9, r4, #184	@ 0xb8
10004ebe:	44b9      	add	r9, r7
10004ec0:	4648      	mov	r0, r9
10004ec2:	f7fb fdf7 	bl	10000ab4 <mutex_init>
10004ec6:	34c0      	adds	r4, #192	@ 0xc0
10004ec8:	443c      	add	r4, r7
10004eca:	4620      	mov	r0, r4
10004ecc:	f7fb fdf2 	bl	10000ab4 <mutex_init>
10004ed0:	f8c6 801c 	str.w	r8, [r6, #28]
10004ed4:	f8c6 9020 	str.w	r9, [r6, #32]
10004ed8:	6334      	str	r4, [r6, #48]	@ 0x30
10004eda:	f8c6 8034 	str.w	r8, [r6, #52]	@ 0x34
10004ede:	3501      	adds	r5, #1
10004ee0:	b2ed      	uxtb	r5, r5
10004ee2:	e7bc      	b.n	10004e5e <cdcd_init+0x16>
10004ee4:	20001078 	.word	0x20001078
10004ee8:	20001074 	.word	0x20001074

10004eec <cdcd_deinit>:
10004eec:	2300      	movs	r3, #0
10004eee:	b10b      	cbz	r3, 10004ef4 <cdcd_deinit+0x8>
10004ef0:	2001      	movs	r0, #1
10004ef2:	4770      	bx	lr
10004ef4:	469c      	mov	ip, r3
10004ef6:	4a0c      	ldr	r2, [pc, #48]	@ (10004f28 <cdcd_deinit+0x3c>)
10004ef8:	21c8      	movs	r1, #200	@ 0xc8
10004efa:	fb01 2203 	mla	r2, r1, r3, r2
10004efe:	6a11      	ldr	r1, [r2, #32]
10004f00:	6b10      	ldr	r0, [r2, #48]	@ 0x30
10004f02:	b131      	cbz	r1, 10004f12 <cdcd_deinit+0x26>
10004f04:	4a08      	ldr	r2, [pc, #32]	@ (10004f28 <cdcd_deinit+0x3c>)
10004f06:	21c8      	movs	r1, #200	@ 0xc8
10004f08:	fb01 2203 	mla	r2, r1, r3, r2
10004f0c:	2100      	movs	r1, #0
10004f0e:	61d1      	str	r1, [r2, #28]
10004f10:	6211      	str	r1, [r2, #32]
10004f12:	b130      	cbz	r0, 10004f22 <cdcd_deinit+0x36>
10004f14:	4a04      	ldr	r2, [pc, #16]	@ (10004f28 <cdcd_deinit+0x3c>)
10004f16:	21c8      	movs	r1, #200	@ 0xc8
10004f18:	fb01 220c 	mla	r2, r1, ip, r2
10004f1c:	2100      	movs	r1, #0
10004f1e:	6311      	str	r1, [r2, #48]	@ 0x30
10004f20:	6351      	str	r1, [r2, #52]	@ 0x34
10004f22:	3301      	adds	r3, #1
10004f24:	b2db      	uxtb	r3, r3
10004f26:	e7e2      	b.n	10004eee <cdcd_deinit+0x2>
10004f28:	20001078 	.word	0x20001078

10004f2c <cdcd_reset>:
10004f2c:	b538      	push	{r3, r4, r5, lr}
10004f2e:	2400      	movs	r4, #0
10004f30:	b104      	cbz	r4, 10004f34 <cdcd_reset+0x8>
10004f32:	bd38      	pop	{r3, r4, r5, pc}
10004f34:	4625      	mov	r5, r4
10004f36:	23c8      	movs	r3, #200	@ 0xc8
10004f38:	fb04 f303 	mul.w	r3, r4, r3
10004f3c:	4917      	ldr	r1, [pc, #92]	@ (10004f9c <cdcd_reset+0x70>)
10004f3e:	1858      	adds	r0, r3, r1
10004f40:	2200      	movs	r2, #0
10004f42:	50ca      	str	r2, [r1, r3]
10004f44:	7102      	strb	r2, [r0, #4]
10004f46:	4b16      	ldr	r3, [pc, #88]	@ (10004fa0 <cdcd_reset+0x74>)
10004f48:	781b      	ldrb	r3, [r3, #0]
10004f4a:	f013 0f01 	tst.w	r3, #1
10004f4e:	d011      	beq.n	10004f74 <cdcd_reset+0x48>
10004f50:	4b13      	ldr	r3, [pc, #76]	@ (10004fa0 <cdcd_reset+0x74>)
10004f52:	781b      	ldrb	r3, [r3, #0]
10004f54:	f013 0f02 	tst.w	r3, #2
10004f58:	d015      	beq.n	10004f86 <cdcd_reset+0x5a>
10004f5a:	23c8      	movs	r3, #200	@ 0xc8
10004f5c:	fb03 f005 	mul.w	r0, r3, r5
10004f60:	3020      	adds	r0, #32
10004f62:	4b0e      	ldr	r3, [pc, #56]	@ (10004f9c <cdcd_reset+0x70>)
10004f64:	4418      	add	r0, r3
10004f66:	2101      	movs	r1, #1
10004f68:	3004      	adds	r0, #4
10004f6a:	f001 f85f 	bl	1000602c <tu_fifo_set_overwritable>
10004f6e:	3401      	adds	r4, #1
10004f70:	b2e4      	uxtb	r4, r4
10004f72:	e7dd      	b.n	10004f30 <cdcd_reset+0x4>
10004f74:	23c8      	movs	r3, #200	@ 0xc8
10004f76:	fb04 f303 	mul.w	r3, r4, r3
10004f7a:	3310      	adds	r3, #16
10004f7c:	4608      	mov	r0, r1
10004f7e:	4418      	add	r0, r3
10004f80:	f001 f839 	bl	10005ff6 <tu_fifo_clear>
10004f84:	e7e4      	b.n	10004f50 <cdcd_reset+0x24>
10004f86:	20c8      	movs	r0, #200	@ 0xc8
10004f88:	fb05 f000 	mul.w	r0, r5, r0
10004f8c:	3020      	adds	r0, #32
10004f8e:	4b03      	ldr	r3, [pc, #12]	@ (10004f9c <cdcd_reset+0x70>)
10004f90:	4418      	add	r0, r3
10004f92:	3004      	adds	r0, #4
10004f94:	f001 f82f 	bl	10005ff6 <tu_fifo_clear>
10004f98:	e7df      	b.n	10004f5a <cdcd_reset+0x2e>
10004f9a:	bf00      	nop
10004f9c:	20001078 	.word	0x20001078
10004fa0:	20001074 	.word	0x20001074

10004fa4 <cdcd_open>:
10004fa4:	e92d 41f0 	stmdb	sp!, {r4, r5, r6, r7, r8, lr}
10004fa8:	b082      	sub	sp, #8
10004faa:	794b      	ldrb	r3, [r1, #5]
10004fac:	2b02      	cmp	r3, #2
10004fae:	d17d      	bne.n	100050ac <cdcd_open+0x108>
10004fb0:	4606      	mov	r6, r0
10004fb2:	798b      	ldrb	r3, [r1, #6]
10004fb4:	2b02      	cmp	r3, #2
10004fb6:	d17e      	bne.n	100050b6 <cdcd_open+0x112>
10004fb8:	2700      	movs	r7, #0
10004fba:	b13f      	cbz	r7, 10004fcc <cdcd_open+0x28>
10004fbc:	b98f      	cbnz	r7, 10004fe2 <cdcd_open+0x3e>
10004fbe:	788b      	ldrb	r3, [r1, #2]
10004fc0:	f888 3000 	strb.w	r3, [r8]
10004fc4:	780b      	ldrb	r3, [r1, #0]
10004fc6:	18cc      	adds	r4, r1, r3
10004fc8:	2509      	movs	r5, #9
10004fca:	e01e      	b.n	1000500a <cdcd_open+0x66>
10004fcc:	20c8      	movs	r0, #200	@ 0xc8
10004fce:	4b3b      	ldr	r3, [pc, #236]	@ (100050bc <cdcd_open+0x118>)
10004fd0:	fb00 3807 	mla	r8, r0, r7, r3
10004fd4:	f898 3002 	ldrb.w	r3, [r8, #2]
10004fd8:	2b00      	cmp	r3, #0
10004fda:	d0ef      	beq.n	10004fbc <cdcd_open+0x18>
10004fdc:	3701      	adds	r7, #1
10004fde:	b2ff      	uxtb	r7, r7
10004fe0:	e7eb      	b.n	10004fba <cdcd_open+0x16>
10004fe2:	f240 1241 	movw	r2, #321	@ 0x141
10004fe6:	4936      	ldr	r1, [pc, #216]	@ (100050c0 <cdcd_open+0x11c>)
10004fe8:	4836      	ldr	r0, [pc, #216]	@ (100050c4 <cdcd_open+0x120>)
10004fea:	f7fe f8ad 	bl	10003148 <__wrap_printf>
10004fee:	f04f 23e0 	mov.w	r3, #3758153728	@ 0xe000e000
10004ff2:	f8d3 3df0 	ldr.w	r3, [r3, #3568]	@ 0xdf0
10004ff6:	f013 0f01 	tst.w	r3, #1
10004ffa:	d000      	beq.n	10004ffe <cdcd_open+0x5a>
10004ffc:	be00      	bkpt	0x0000
10004ffe:	2500      	movs	r5, #0
10005000:	e055      	b.n	100050ae <cdcd_open+0x10a>
10005002:	7823      	ldrb	r3, [r4, #0]
10005004:	441d      	add	r5, r3
10005006:	b2ad      	uxth	r5, r5
10005008:	441c      	add	r4, r3
1000500a:	7863      	ldrb	r3, [r4, #1]
1000500c:	2b24      	cmp	r3, #36	@ 0x24
1000500e:	d101      	bne.n	10005014 <cdcd_open+0x70>
10005010:	4295      	cmp	r5, r2
10005012:	d9f6      	bls.n	10005002 <cdcd_open+0x5e>
10005014:	2b05      	cmp	r3, #5
10005016:	d009      	beq.n	1000502c <cdcd_open+0x88>
10005018:	7863      	ldrb	r3, [r4, #1]
1000501a:	2b04      	cmp	r3, #4
1000501c:	d102      	bne.n	10005024 <cdcd_open+0x80>
1000501e:	7963      	ldrb	r3, [r4, #5]
10005020:	2b0a      	cmp	r3, #10
10005022:	d020      	beq.n	10005066 <cdcd_open+0xc2>
10005024:	4638      	mov	r0, r7
10005026:	f7ff fdef 	bl	10004c08 <_prep_out_transaction>
1000502a:	e040      	b.n	100050ae <cdcd_open+0x10a>
1000502c:	4621      	mov	r1, r4
1000502e:	4630      	mov	r0, r6
10005030:	f7ff f82c 	bl	1000408c <usbd_edpt_open>
10005034:	b138      	cbz	r0, 10005046 <cdcd_open+0xa2>
10005036:	78a3      	ldrb	r3, [r4, #2]
10005038:	f888 3001 	strb.w	r3, [r8, #1]
1000503c:	7823      	ldrb	r3, [r4, #0]
1000503e:	441d      	add	r5, r3
10005040:	b2ad      	uxth	r5, r5
10005042:	441c      	add	r4, r3
10005044:	e7e8      	b.n	10005018 <cdcd_open+0x74>
10005046:	f240 1253 	movw	r2, #339	@ 0x153
1000504a:	491d      	ldr	r1, [pc, #116]	@ (100050c0 <cdcd_open+0x11c>)
1000504c:	481d      	ldr	r0, [pc, #116]	@ (100050c4 <cdcd_open+0x120>)
1000504e:	f7fe f87b 	bl	10003148 <__wrap_printf>
10005052:	f04f 23e0 	mov.w	r3, #3758153728	@ 0xe000e000
10005056:	f8d3 3df0 	ldr.w	r3, [r3, #3568]	@ 0xdf0
1000505a:	f013 0f01 	tst.w	r3, #1
1000505e:	d000      	beq.n	10005062 <cdcd_open+0xbe>
10005060:	be00      	bkpt	0x0000
10005062:	2500      	movs	r5, #0
10005064:	e023      	b.n	100050ae <cdcd_open+0x10a>
10005066:	7821      	ldrb	r1, [r4, #0]
10005068:	440d      	add	r5, r1
1000506a:	b2ad      	uxth	r5, r5
1000506c:	f108 0302 	add.w	r3, r8, #2
10005070:	9301      	str	r3, [sp, #4]
10005072:	f108 0303 	add.w	r3, r8, #3
10005076:	9300      	str	r3, [sp, #0]
10005078:	2302      	movs	r3, #2
1000507a:	461a      	mov	r2, r3
1000507c:	4421      	add	r1, r4
1000507e:	4630      	mov	r0, r6
10005080:	f7ff f842 	bl	10004108 <usbd_open_edpt_pair>
10005084:	b110      	cbz	r0, 1000508c <cdcd_open+0xe8>
10005086:	350e      	adds	r5, #14
10005088:	b2ad      	uxth	r5, r5
1000508a:	e7cb      	b.n	10005024 <cdcd_open+0x80>
1000508c:	f44f 72b1 	mov.w	r2, #354	@ 0x162
10005090:	490b      	ldr	r1, [pc, #44]	@ (100050c0 <cdcd_open+0x11c>)
10005092:	480c      	ldr	r0, [pc, #48]	@ (100050c4 <cdcd_open+0x120>)
10005094:	f7fe f858 	bl	10003148 <__wrap_printf>
10005098:	f04f 23e0 	mov.w	r3, #3758153728	@ 0xe000e000
1000509c:	f8d3 3df0 	ldr.w	r3, [r3, #3568]	@ 0xdf0
100050a0:	f013 0f01 	tst.w	r3, #1
100050a4:	d000      	beq.n	100050a8 <cdcd_open+0x104>
100050a6:	be00      	bkpt	0x0000
100050a8:	2500      	movs	r5, #0
100050aa:	e000      	b.n	100050ae <cdcd_open+0x10a>
100050ac:	2500      	movs	r5, #0
100050ae:	4628      	mov	r0, r5
100050b0:	b002      	add	sp, #8
100050b2:	e8bd 81f0 	ldmia.w	sp!, {r4, r5, r6, r7, r8, pc}
100050b6:	2500      	movs	r5, #0
100050b8:	e7f9      	b.n	100050ae <cdcd_open+0x10a>
100050ba:	bf00      	nop
100050bc:	20001078 	.word	0x20001078
100050c0:	1000709c 	.word	0x1000709c
100050c4:	10006ba0 	.word	0x10006ba0

100050c8 <cdcd_control_xfer_cb>:
100050c8:	7813      	ldrb	r3, [r2, #0]
100050ca:	f003 0360 	and.w	r3, r3, #96	@ 0x60
100050ce:	2b20      	cmp	r3, #32
100050d0:	d178      	bne.n	100051c4 <cdcd_control_xfer_cb+0xfc>
100050d2:	b570      	push	{r4, r5, r6, lr}
100050d4:	4694      	mov	ip, r2
100050d6:	2400      	movs	r4, #0
100050d8:	b154      	cbz	r4, 100050f0 <cdcd_control_xfer_cb+0x28>
100050da:	2c00      	cmp	r4, #0
100050dc:	d174      	bne.n	100051c8 <cdcd_control_xfer_cb+0x100>
100050de:	f89c 3001 	ldrb.w	r3, [ip, #1]
100050e2:	3b20      	subs	r3, #32
100050e4:	2b03      	cmp	r3, #3
100050e6:	d871      	bhi.n	100051cc <cdcd_control_xfer_cb+0x104>
100050e8:	e8df f003 	tbb	[pc, r3]
100050ec:	58342810 	.word	0x58342810
100050f0:	23c8      	movs	r3, #200	@ 0xc8
100050f2:	fb04 f303 	mul.w	r3, r4, r3
100050f6:	4a39      	ldr	r2, [pc, #228]	@ (100051dc <cdcd_control_xfer_cb+0x114>)
100050f8:	eb03 0e02 	add.w	lr, r3, r2
100050fc:	5cd2      	ldrb	r2, [r2, r3]
100050fe:	f8bc 3004 	ldrh.w	r3, [ip, #4]
10005102:	429a      	cmp	r2, r3
10005104:	d0e9      	beq.n	100050da <cdcd_control_xfer_cb+0x12>
10005106:	3401      	adds	r4, #1
10005108:	b2e4      	uxtb	r4, r4
1000510a:	e7e5      	b.n	100050d8 <cdcd_control_xfer_cb+0x10>
1000510c:	2901      	cmp	r1, #1
1000510e:	d003      	beq.n	10005118 <cdcd_control_xfer_cb+0x50>
10005110:	2903      	cmp	r1, #3
10005112:	d009      	beq.n	10005128 <cdcd_control_xfer_cb+0x60>
10005114:	2001      	movs	r0, #1
10005116:	e058      	b.n	100051ca <cdcd_control_xfer_cb+0x102>
10005118:	2307      	movs	r3, #7
1000511a:	f10e 0208 	add.w	r2, lr, #8
1000511e:	4661      	mov	r1, ip
10005120:	f7ff fc78 	bl	10004a14 <tud_control_xfer>
10005124:	2001      	movs	r0, #1
10005126:	e050      	b.n	100051ca <cdcd_control_xfer_cb+0x102>
10005128:	4b2d      	ldr	r3, [pc, #180]	@ (100051e0 <cdcd_control_xfer_cb+0x118>)
1000512a:	2b00      	cmp	r3, #0
1000512c:	d050      	beq.n	100051d0 <cdcd_control_xfer_cb+0x108>
1000512e:	f10e 0108 	add.w	r1, lr, #8
10005132:	4620      	mov	r0, r4
10005134:	f7fe f886 	bl	10003244 <tud_cdc_line_coding_cb>
10005138:	2001      	movs	r0, #1
1000513a:	e046      	b.n	100051ca <cdcd_control_xfer_cb+0x102>
1000513c:	2901      	cmp	r1, #1
1000513e:	d001      	beq.n	10005144 <cdcd_control_xfer_cb+0x7c>
10005140:	2001      	movs	r0, #1
10005142:	e042      	b.n	100051ca <cdcd_control_xfer_cb+0x102>
10005144:	2307      	movs	r3, #7
10005146:	f10e 0208 	add.w	r2, lr, #8
1000514a:	4661      	mov	r1, ip
1000514c:	f7ff fc62 	bl	10004a14 <tud_control_xfer>
10005150:	2001      	movs	r0, #1
10005152:	e03a      	b.n	100051ca <cdcd_control_xfer_cb+0x102>
10005154:	2901      	cmp	r1, #1
10005156:	d003      	beq.n	10005160 <cdcd_control_xfer_cb+0x98>
10005158:	2903      	cmp	r1, #3
1000515a:	d006      	beq.n	1000516a <cdcd_control_xfer_cb+0xa2>
1000515c:	2001      	movs	r0, #1
1000515e:	e034      	b.n	100051ca <cdcd_control_xfer_cb+0x102>
10005160:	4661      	mov	r1, ip
10005162:	f7ff fc43 	bl	100049ec <tud_control_status>
10005166:	2001      	movs	r0, #1
10005168:	e02f      	b.n	100051ca <cdcd_control_xfer_cb+0x102>
1000516a:	f8bc 3002 	ldrh.w	r3, [ip, #2]
1000516e:	f013 0101 	ands.w	r1, r3, #1
10005172:	460d      	mov	r5, r1
10005174:	f3c3 0640 	ubfx	r6, r3, #1, #1
10005178:	f88e 3004 	strb.w	r3, [lr, #4]
1000517c:	bf0c      	ite	eq
1000517e:	2101      	moveq	r1, #1
10005180:	2100      	movne	r1, #0
10005182:	f10e 0024 	add.w	r0, lr, #36	@ 0x24
10005186:	f000 ff51 	bl	1000602c <tu_fifo_set_overwritable>
1000518a:	4b16      	ldr	r3, [pc, #88]	@ (100051e4 <cdcd_control_xfer_cb+0x11c>)
1000518c:	b313      	cbz	r3, 100051d4 <cdcd_control_xfer_cb+0x10c>
1000518e:	4632      	mov	r2, r6
10005190:	4629      	mov	r1, r5
10005192:	4620      	mov	r0, r4
10005194:	f3af 8000 	nop.w
10005198:	2001      	movs	r0, #1
1000519a:	e016      	b.n	100051ca <cdcd_control_xfer_cb+0x102>
1000519c:	2901      	cmp	r1, #1
1000519e:	d003      	beq.n	100051a8 <cdcd_control_xfer_cb+0xe0>
100051a0:	2903      	cmp	r1, #3
100051a2:	d006      	beq.n	100051b2 <cdcd_control_xfer_cb+0xea>
100051a4:	2001      	movs	r0, #1
100051a6:	e010      	b.n	100051ca <cdcd_control_xfer_cb+0x102>
100051a8:	4661      	mov	r1, ip
100051aa:	f7ff fc1f 	bl	100049ec <tud_control_status>
100051ae:	2001      	movs	r0, #1
100051b0:	e00b      	b.n	100051ca <cdcd_control_xfer_cb+0x102>
100051b2:	4b0d      	ldr	r3, [pc, #52]	@ (100051e8 <cdcd_control_xfer_cb+0x120>)
100051b4:	b183      	cbz	r3, 100051d8 <cdcd_control_xfer_cb+0x110>
100051b6:	f8bc 1002 	ldrh.w	r1, [ip, #2]
100051ba:	4620      	mov	r0, r4
100051bc:	f3af 8000 	nop.w
100051c0:	2001      	movs	r0, #1
100051c2:	e002      	b.n	100051ca <cdcd_control_xfer_cb+0x102>
100051c4:	2000      	movs	r0, #0
100051c6:	4770      	bx	lr
100051c8:	2000      	movs	r0, #0
100051ca:	bd70      	pop	{r4, r5, r6, pc}
100051cc:	2000      	movs	r0, #0
100051ce:	e7fc      	b.n	100051ca <cdcd_control_xfer_cb+0x102>
100051d0:	2001      	movs	r0, #1
100051d2:	e7fa      	b.n	100051ca <cdcd_control_xfer_cb+0x102>
100051d4:	2001      	movs	r0, #1
100051d6:	e7f8      	b.n	100051ca <cdcd_control_xfer_cb+0x102>
100051d8:	2001      	movs	r0, #1
100051da:	e7f6      	b.n	100051ca <cdcd_control_xfer_cb+0x102>
100051dc:	20001078 	.word	0x20001078
100051e0:	10003245 	.word	0x10003245
	...

100051ec <cdcd_xfer_cb>:
100051ec:	e92d 4ff8 	stmdb	sp!, {r3, r4, r5, r6, r7, r8, r9, sl, fp, lr}
100051f0:	4680      	mov	r8, r0
100051f2:	460d      	mov	r5, r1
100051f4:	461f      	mov	r7, r3
100051f6:	2400      	movs	r4, #0
100051f8:	b15c      	cbz	r4, 10005212 <cdcd_xfer_cb+0x26>
100051fa:	b9bc      	cbnz	r4, 1000522c <cdcd_xfer_cb+0x40>
100051fc:	46a2      	mov	sl, r4
100051fe:	78f3      	ldrb	r3, [r6, #3]
10005200:	42ab      	cmp	r3, r5
10005202:	d023      	beq.n	1000524c <cdcd_xfer_cb+0x60>
10005204:	78b3      	ldrb	r3, [r6, #2]
10005206:	42ab      	cmp	r3, r5
10005208:	d055      	beq.n	100052b6 <cdcd_xfer_cb+0xca>
1000520a:	2401      	movs	r4, #1
1000520c:	4620      	mov	r0, r4
1000520e:	e8bd 8ff8 	ldmia.w	sp!, {r3, r4, r5, r6, r7, r8, r9, sl, fp, pc}
10005212:	23c8      	movs	r3, #200	@ 0xc8
10005214:	4e3c      	ldr	r6, [pc, #240]	@ (10005308 <cdcd_xfer_cb+0x11c>)
10005216:	fb03 6604 	mla	r6, r3, r4, r6
1000521a:	78f3      	ldrb	r3, [r6, #3]
1000521c:	42ab      	cmp	r3, r5
1000521e:	d0ec      	beq.n	100051fa <cdcd_xfer_cb+0xe>
10005220:	78b3      	ldrb	r3, [r6, #2]
10005222:	42ab      	cmp	r3, r5
10005224:	d0e9      	beq.n	100051fa <cdcd_xfer_cb+0xe>
10005226:	3401      	adds	r4, #1
10005228:	b2e4      	uxtb	r4, r4
1000522a:	e7e5      	b.n	100051f8 <cdcd_xfer_cb+0xc>
1000522c:	f44f 72e6 	mov.w	r2, #460	@ 0x1cc
10005230:	4936      	ldr	r1, [pc, #216]	@ (1000530c <cdcd_xfer_cb+0x120>)
10005232:	4837      	ldr	r0, [pc, #220]	@ (10005310 <cdcd_xfer_cb+0x124>)
10005234:	f7fd ff88 	bl	10003148 <__wrap_printf>
10005238:	f04f 23e0 	mov.w	r3, #3758153728	@ 0xe000e000
1000523c:	f8d3 3df0 	ldr.w	r3, [r3, #3568]	@ 0xdf0
10005240:	f013 0f01 	tst.w	r3, #1
10005244:	d000      	beq.n	10005248 <cdcd_xfer_cb+0x5c>
10005246:	be00      	bkpt	0x0000
10005248:	2400      	movs	r4, #0
1000524a:	e7df      	b.n	1000520c <cdcd_xfer_cb+0x20>
1000524c:	f106 0b10 	add.w	fp, r6, #16
10005250:	b2ba      	uxth	r2, r7
10005252:	4930      	ldr	r1, [pc, #192]	@ (10005314 <cdcd_xfer_cb+0x128>)
10005254:	eb01 11c4 	add.w	r1, r1, r4, lsl #7
10005258:	4658      	mov	r0, fp
1000525a:	f000 fec7 	bl	10005fec <tu_fifo_write_n>
1000525e:	4b2e      	ldr	r3, [pc, #184]	@ (10005318 <cdcd_xfer_cb+0x12c>)
10005260:	b1db      	cbz	r3, 1000529a <cdcd_xfer_cb+0xae>
10005262:	7973      	ldrb	r3, [r6, #5]
10005264:	2bff      	cmp	r3, #255	@ 0xff
10005266:	d018      	beq.n	1000529a <cdcd_xfer_cb+0xae>
10005268:	f04f 0900 	mov.w	r9, #0
1000526c:	e001      	b.n	10005272 <cdcd_xfer_cb+0x86>
1000526e:	f109 0901 	add.w	r9, r9, #1
10005272:	45b9      	cmp	r9, r7
10005274:	d211      	bcs.n	1000529a <cdcd_xfer_cb+0xae>
10005276:	7972      	ldrb	r2, [r6, #5]
10005278:	4b26      	ldr	r3, [pc, #152]	@ (10005314 <cdcd_xfer_cb+0x128>)
1000527a:	eb03 13ca 	add.w	r3, r3, sl, lsl #7
1000527e:	f813 3009 	ldrb.w	r3, [r3, r9]
10005282:	429a      	cmp	r2, r3
10005284:	d1f3      	bne.n	1000526e <cdcd_xfer_cb+0x82>
10005286:	4658      	mov	r0, fp
10005288:	f000 fe2a 	bl	10005ee0 <tu_fifo_empty>
1000528c:	2800      	cmp	r0, #0
1000528e:	d1ee      	bne.n	1000526e <cdcd_xfer_cb+0x82>
10005290:	7971      	ldrb	r1, [r6, #5]
10005292:	4620      	mov	r0, r4
10005294:	f3af 8000 	nop.w
10005298:	e7e9      	b.n	1000526e <cdcd_xfer_cb+0x82>
1000529a:	4b20      	ldr	r3, [pc, #128]	@ (1000531c <cdcd_xfer_cb+0x130>)
1000529c:	b11b      	cbz	r3, 100052a6 <cdcd_xfer_cb+0xba>
1000529e:	4658      	mov	r0, fp
100052a0:	f000 fe1e 	bl	10005ee0 <tu_fifo_empty>
100052a4:	b118      	cbz	r0, 100052ae <cdcd_xfer_cb+0xc2>
100052a6:	4620      	mov	r0, r4
100052a8:	f7ff fcae 	bl	10004c08 <_prep_out_transaction>
100052ac:	e7aa      	b.n	10005204 <cdcd_xfer_cb+0x18>
100052ae:	4620      	mov	r0, r4
100052b0:	f3af 8000 	nop.w
100052b4:	e7f7      	b.n	100052a6 <cdcd_xfer_cb+0xba>
100052b6:	4b1a      	ldr	r3, [pc, #104]	@ (10005320 <cdcd_xfer_cb+0x134>)
100052b8:	b113      	cbz	r3, 100052c0 <cdcd_xfer_cb+0xd4>
100052ba:	4620      	mov	r0, r4
100052bc:	f3af 8000 	nop.w
100052c0:	4620      	mov	r0, r4
100052c2:	f7ff fd2f 	bl	10004d24 <tud_cdc_n_write_flush>
100052c6:	b108      	cbz	r0, 100052cc <cdcd_xfer_cb+0xe0>
100052c8:	2401      	movs	r4, #1
100052ca:	e79f      	b.n	1000520c <cdcd_xfer_cb+0x20>
100052cc:	f106 0024 	add.w	r0, r6, #36	@ 0x24
100052d0:	f000 fdf2 	bl	10005eb8 <tu_fifo_count>
100052d4:	b9a0      	cbnz	r0, 10005300 <cdcd_xfer_cb+0x114>
100052d6:	b1af      	cbz	r7, 10005304 <cdcd_xfer_cb+0x118>
100052d8:	f017 0f3f 	tst.w	r7, #63	@ 0x3f
100052dc:	d001      	beq.n	100052e2 <cdcd_xfer_cb+0xf6>
100052de:	2401      	movs	r4, #1
100052e0:	e794      	b.n	1000520c <cdcd_xfer_cb+0x20>
100052e2:	78b1      	ldrb	r1, [r6, #2]
100052e4:	4640      	mov	r0, r8
100052e6:	f7fe ff61 	bl	100041ac <usbd_edpt_claim>
100052ea:	4604      	mov	r4, r0
100052ec:	b908      	cbnz	r0, 100052f2 <cdcd_xfer_cb+0x106>
100052ee:	2401      	movs	r4, #1
100052f0:	e78c      	b.n	1000520c <cdcd_xfer_cb+0x20>
100052f2:	2300      	movs	r3, #0
100052f4:	461a      	mov	r2, r3
100052f6:	78b1      	ldrb	r1, [r6, #2]
100052f8:	4640      	mov	r0, r8
100052fa:	f7fe ff7f 	bl	100041fc <usbd_edpt_xfer>
100052fe:	e785      	b.n	1000520c <cdcd_xfer_cb+0x20>
10005300:	2401      	movs	r4, #1
10005302:	e783      	b.n	1000520c <cdcd_xfer_cb+0x20>
10005304:	2401      	movs	r4, #1
10005306:	e781      	b.n	1000520c <cdcd_xfer_cb+0x20>
10005308:	20001078 	.word	0x20001078
1000530c:	1000708c 	.word	0x1000708c
10005310:	10006ba0 	.word	0x10006ba0
10005314:	20000ff4 	.word	0x20000ff4
	...

10005324 <tud_vendor_n_mounted>:
10005324:	b990      	cbnz	r0, 1000534c <tud_vendor_n_mounted+0x28>
10005326:	4b0a      	ldr	r3, [pc, #40]	@ (10005350 <tud_vendor_n_mounted+0x2c>)
10005328:	f44f 7113 	mov.w	r1, #588	@ 0x24c
1000532c:	fb01 3300 	mla	r3, r1, r0, r3
10005330:	f893 3129 	ldrb.w	r3, [r3, #297]	@ 0x129
10005334:	b933      	cbnz	r3, 10005344 <tud_vendor_n_mounted+0x20>
10005336:	4b06      	ldr	r3, [pc, #24]	@ (10005350 <tud_vendor_n_mounted+0x2c>)
10005338:	fb01 3300 	mla	r3, r1, r0, r3
1000533c:	795b      	ldrb	r3, [r3, #5]
1000533e:	b11b      	cbz	r3, 10005348 <tud_vendor_n_mounted+0x24>
10005340:	2001      	movs	r0, #1
10005342:	4770      	bx	lr
10005344:	2001      	movs	r0, #1
10005346:	4770      	bx	lr
10005348:	2000      	movs	r0, #0
1000534a:	4770      	bx	lr
1000534c:	2000      	movs	r0, #0
1000534e:	4770      	bx	lr
10005350:	2000135c 	.word	0x2000135c

10005354 <tud_vendor_n_write_flush>:
10005354:	b108      	cbz	r0, 1000535a <tud_vendor_n_write_flush+0x6>
10005356:	2000      	movs	r0, #0
10005358:	4770      	bx	lr
1000535a:	b508      	push	{r3, lr}
1000535c:	f44f 7213 	mov.w	r2, #588	@ 0x24c
10005360:	4903      	ldr	r1, [pc, #12]	@ (10005370 <tud_vendor_n_write_flush+0x1c>)
10005362:	fb02 1100 	mla	r1, r2, r0, r1
10005366:	3104      	adds	r1, #4
10005368:	f000 fb2c 	bl	100059c4 <tu_edpt_stream_write_xfer>
1000536c:	bd08      	pop	{r3, pc}
1000536e:	bf00      	nop
10005370:	2000135c 	.word	0x2000135c

10005374 <vendord_init>:
10005374:	e92d 47f0 	stmdb	sp!, {r4, r5, r6, r7, r8, r9, sl, lr}
10005378:	b084      	sub	sp, #16
1000537a:	f44f 7213 	mov.w	r2, #588	@ 0x24c
1000537e:	2100      	movs	r1, #0
10005380:	481e      	ldr	r0, [pc, #120]	@ (100053fc <vendord_init+0x88>)
10005382:	f000 fe71 	bl	10006068 <memset>
10005386:	2400      	movs	r4, #0
10005388:	b114      	cbz	r4, 10005390 <vendord_init+0x1c>
1000538a:	b004      	add	sp, #16
1000538c:	e8bd 87f0 	ldmia.w	sp!, {r4, r5, r6, r7, r8, r9, sl, pc}
10005390:	f44f 7513 	mov.w	r5, #588	@ 0x24c
10005394:	fb04 f505 	mul.w	r5, r4, r5
10005398:	f505 73a4 	add.w	r3, r5, #328	@ 0x148
1000539c:	4f17      	ldr	r7, [pc, #92]	@ (100053fc <vendord_init+0x88>)
1000539e:	443b      	add	r3, r7
100053a0:	3304      	adds	r3, #4
100053a2:	01e6      	lsls	r6, r4, #7
100053a4:	f8df a058 	ldr.w	sl, [pc, #88]	@ 10005400 <vendord_init+0x8c>
100053a8:	eb0a 12c4 	add.w	r2, sl, r4, lsl #7
100053ac:	f505 7094 	add.w	r0, r5, #296	@ 0x128
100053b0:	f04f 0940 	mov.w	r9, #64	@ 0x40
100053b4:	f8cd 900c 	str.w	r9, [sp, #12]
100053b8:	9202      	str	r2, [sp, #8]
100053ba:	f44f 7880 	mov.w	r8, #256	@ 0x100
100053be:	f8cd 8004 	str.w	r8, [sp, #4]
100053c2:	9300      	str	r3, [sp, #0]
100053c4:	2300      	movs	r3, #0
100053c6:	461a      	mov	r2, r3
100053c8:	4619      	mov	r1, r3
100053ca:	4438      	add	r0, r7
100053cc:	f000 fa85 	bl	100058da <tu_edpt_stream_init>
100053d0:	f105 0320 	add.w	r3, r5, #32
100053d4:	443b      	add	r3, r7
100053d6:	3308      	adds	r3, #8
100053d8:	444e      	add	r6, r9
100053da:	4456      	add	r6, sl
100053dc:	19e8      	adds	r0, r5, r7
100053de:	f8cd 900c 	str.w	r9, [sp, #12]
100053e2:	9602      	str	r6, [sp, #8]
100053e4:	f8cd 8004 	str.w	r8, [sp, #4]
100053e8:	9300      	str	r3, [sp, #0]
100053ea:	2300      	movs	r3, #0
100053ec:	2201      	movs	r2, #1
100053ee:	4619      	mov	r1, r3
100053f0:	3004      	adds	r0, #4
100053f2:	f000 fa72 	bl	100058da <tu_edpt_stream_init>
100053f6:	3401      	adds	r4, #1
100053f8:	b2e4      	uxtb	r4, r4
100053fa:	e7c5      	b.n	10005388 <vendord_init+0x14>
100053fc:	2000135c 	.word	0x2000135c
10005400:	200012dc 	.word	0x200012dc

10005404 <vendord_deinit>:
10005404:	b570      	push	{r4, r5, r6, lr}
10005406:	2400      	movs	r4, #0
10005408:	b10c      	cbz	r4, 1000540e <vendord_deinit+0xa>
1000540a:	2001      	movs	r0, #1
1000540c:	bd70      	pop	{r4, r5, r6, pc}
1000540e:	f44f 7513 	mov.w	r5, #588	@ 0x24c
10005412:	fb04 f505 	mul.w	r5, r4, r5
10005416:	f505 7094 	add.w	r0, r5, #296	@ 0x128
1000541a:	4e05      	ldr	r6, [pc, #20]	@ (10005430 <vendord_deinit+0x2c>)
1000541c:	4430      	add	r0, r6
1000541e:	f000 fa86 	bl	1000592e <tu_edpt_stream_deinit>
10005422:	19a8      	adds	r0, r5, r6
10005424:	3004      	adds	r0, #4
10005426:	f000 fa82 	bl	1000592e <tu_edpt_stream_deinit>
1000542a:	3401      	adds	r4, #1
1000542c:	b2e4      	uxtb	r4, r4
1000542e:	e7eb      	b.n	10005408 <vendord_deinit+0x4>
10005430:	2000135c 	.word	0x2000135c

10005434 <vendord_reset>:
10005434:	e92d 41f0 	stmdb	sp!, {r4, r5, r6, r7, r8, lr}
10005438:	2500      	movs	r5, #0
1000543a:	b10d      	cbz	r5, 10005440 <vendord_reset+0xc>
1000543c:	e8bd 81f0 	ldmia.w	sp!, {r4, r5, r6, r7, r8, pc}
10005440:	f44f 7413 	mov.w	r4, #588	@ 0x24c
10005444:	fb05 f404 	mul.w	r4, r5, r4
10005448:	4e0b      	ldr	r6, [pc, #44]	@ (10005478 <vendord_reset+0x44>)
1000544a:	eb04 0806 	add.w	r8, r4, r6
1000544e:	2700      	movs	r7, #0
10005450:	5537      	strb	r7, [r6, r4]
10005452:	f504 7098 	add.w	r0, r4, #304	@ 0x130
10005456:	4430      	add	r0, r6
10005458:	f000 fdcd 	bl	10005ff6 <tu_fifo_clear>
1000545c:	f104 0008 	add.w	r0, r4, #8
10005460:	4430      	add	r0, r6
10005462:	3004      	adds	r0, #4
10005464:	f000 fdc7 	bl	10005ff6 <tu_fifo_clear>
10005468:	f888 7129 	strb.w	r7, [r8, #297]	@ 0x129
1000546c:	f888 7005 	strb.w	r7, [r8, #5]
10005470:	3501      	adds	r5, #1
10005472:	b2ed      	uxtb	r5, r5
10005474:	e7e1      	b.n	1000543a <vendord_reset+0x6>
10005476:	bf00      	nop
10005478:	2000135c 	.word	0x2000135c

1000547c <vendord_open>:
1000547c:	794b      	ldrb	r3, [r1, #5]
1000547e:	2bff      	cmp	r3, #255	@ 0xff
10005480:	f040 8094 	bne.w	100055ac <vendord_open+0x130>
10005484:	e92d 47f0 	stmdb	sp!, {r4, r5, r6, r7, r8, r9, sl, lr}
10005488:	4680      	mov	r8, r0
1000548a:	460f      	mov	r7, r1
1000548c:	780c      	ldrb	r4, [r1, #0]
1000548e:	440c      	add	r4, r1
10005490:	18a5      	adds	r5, r4, r2
10005492:	2600      	movs	r6, #0
10005494:	b116      	cbz	r6, 1000549c <vendord_open+0x20>
10005496:	2000      	movs	r0, #0
10005498:	e8bd 87f0 	ldmia.w	sp!, {r4, r5, r6, r7, r8, r9, sl, pc}
1000549c:	4630      	mov	r0, r6
1000549e:	f7ff ff41 	bl	10005324 <tud_vendor_n_mounted>
100054a2:	b110      	cbz	r0, 100054aa <vendord_open+0x2e>
100054a4:	3601      	adds	r6, #1
100054a6:	b2f6      	uxtb	r6, r6
100054a8:	e7f4      	b.n	10005494 <vendord_open+0x18>
100054aa:	f44f 7313 	mov.w	r3, #588	@ 0x24c
100054ae:	fb06 f303 	mul.w	r3, r6, r3
100054b2:	4a3f      	ldr	r2, [pc, #252]	@ (100055b0 <vendord_open+0x134>)
100054b4:	eb03 0902 	add.w	r9, r3, r2
100054b8:	78b9      	ldrb	r1, [r7, #2]
100054ba:	54d1      	strb	r1, [r2, r3]
100054bc:	e02a      	b.n	10005514 <vendord_open+0x98>
100054be:	42ac      	cmp	r4, r5
100054c0:	d271      	bcs.n	100055a6 <vendord_open+0x12a>
100054c2:	4621      	mov	r1, r4
100054c4:	4640      	mov	r0, r8
100054c6:	f7fe fde1 	bl	1000408c <usbd_edpt_open>
100054ca:	b370      	cbz	r0, 1000552a <vendord_open+0xae>
100054cc:	3601      	adds	r6, #1
100054ce:	b2f6      	uxtb	r6, r6
100054d0:	78a3      	ldrb	r3, [r4, #2]
100054d2:	09db      	lsrs	r3, r3, #7
100054d4:	d138      	bne.n	10005548 <vendord_open+0xcc>
100054d6:	f509 7a94 	add.w	sl, r9, #296	@ 0x128
100054da:	f509 7098 	add.w	r0, r9, #304	@ 0x130
100054de:	f000 fd8a 	bl	10005ff6 <tu_fifo_clear>
100054e2:	78a3      	ldrb	r3, [r4, #2]
100054e4:	f889 3129 	strb.w	r3, [r9, #297]	@ 0x129
100054e8:	88a3      	ldrh	r3, [r4, #4]
100054ea:	f3c3 030a 	ubfx	r3, r3, #0, #11
100054ee:	f5b3 7f00 	cmp.w	r3, #512	@ 0x200
100054f2:	bf14      	ite	ne
100054f4:	2300      	movne	r3, #0
100054f6:	2301      	moveq	r3, #1
100054f8:	f899 2128 	ldrb.w	r2, [r9, #296]	@ 0x128
100054fc:	f363 0241 	bfi	r2, r3, #1, #1
10005500:	f889 2128 	strb.w	r2, [r9, #296]	@ 0x128
10005504:	4651      	mov	r1, sl
10005506:	4640      	mov	r0, r8
10005508:	f000 faa8 	bl	10005a5c <tu_edpt_stream_read_xfer>
1000550c:	2800      	cmp	r0, #0
1000550e:	d03b      	beq.n	10005588 <vendord_open+0x10c>
10005510:	7823      	ldrb	r3, [r4, #0]
10005512:	441c      	add	r4, r3
10005514:	793b      	ldrb	r3, [r7, #4]
10005516:	42b3      	cmp	r3, r6
10005518:	d945      	bls.n	100055a6 <vendord_open+0x12a>
1000551a:	7863      	ldrb	r3, [r4, #1]
1000551c:	2b05      	cmp	r3, #5
1000551e:	d0ce      	beq.n	100054be <vendord_open+0x42>
10005520:	42ac      	cmp	r4, r5
10005522:	d2cc      	bcs.n	100054be <vendord_open+0x42>
10005524:	7823      	ldrb	r3, [r4, #0]
10005526:	441c      	add	r4, r3
10005528:	e7f7      	b.n	1000551a <vendord_open+0x9e>
1000552a:	22e0      	movs	r2, #224	@ 0xe0
1000552c:	4921      	ldr	r1, [pc, #132]	@ (100055b4 <vendord_open+0x138>)
1000552e:	4822      	ldr	r0, [pc, #136]	@ (100055b8 <vendord_open+0x13c>)
10005530:	f7fd fe0a 	bl	10003148 <__wrap_printf>
10005534:	f04f 23e0 	mov.w	r3, #3758153728	@ 0xe000e000
10005538:	f8d3 3df0 	ldr.w	r3, [r3, #3568]	@ 0xdf0
1000553c:	f013 0f01 	tst.w	r3, #1
10005540:	d000      	beq.n	10005544 <vendord_open+0xc8>
10005542:	be00      	bkpt	0x0000
10005544:	2000      	movs	r0, #0
10005546:	e7a7      	b.n	10005498 <vendord_open+0x1c>
10005548:	f109 000c 	add.w	r0, r9, #12
1000554c:	f000 fd53 	bl	10005ff6 <tu_fifo_clear>
10005550:	78a3      	ldrb	r3, [r4, #2]
10005552:	f889 3005 	strb.w	r3, [r9, #5]
10005556:	88a3      	ldrh	r3, [r4, #4]
10005558:	f3c3 030a 	ubfx	r3, r3, #0, #11
1000555c:	f5b3 7f00 	cmp.w	r3, #512	@ 0x200
10005560:	bf14      	ite	ne
10005562:	2300      	movne	r3, #0
10005564:	2301      	moveq	r3, #1
10005566:	f899 2004 	ldrb.w	r2, [r9, #4]
1000556a:	f363 0241 	bfi	r2, r3, #1, #1
1000556e:	f889 2004 	strb.w	r2, [r9, #4]
10005572:	480f      	ldr	r0, [pc, #60]	@ (100055b0 <vendord_open+0x134>)
10005574:	eba9 0000 	sub.w	r0, r9, r0
10005578:	1080      	asrs	r0, r0, #2
1000557a:	4b10      	ldr	r3, [pc, #64]	@ (100055bc <vendord_open+0x140>)
1000557c:	fb03 f000 	mul.w	r0, r3, r0
10005580:	b2c0      	uxtb	r0, r0
10005582:	f7ff fee7 	bl	10005354 <tud_vendor_n_write_flush>
10005586:	e7c3      	b.n	10005510 <vendord_open+0x94>
10005588:	22e8      	movs	r2, #232	@ 0xe8
1000558a:	490a      	ldr	r1, [pc, #40]	@ (100055b4 <vendord_open+0x138>)
1000558c:	480a      	ldr	r0, [pc, #40]	@ (100055b8 <vendord_open+0x13c>)
1000558e:	f7fd fddb 	bl	10003148 <__wrap_printf>
10005592:	f04f 23e0 	mov.w	r3, #3758153728	@ 0xe000e000
10005596:	f8d3 3df0 	ldr.w	r3, [r3, #3568]	@ 0xdf0
1000559a:	f013 0f01 	tst.w	r3, #1
1000559e:	d000      	beq.n	100055a2 <vendord_open+0x126>
100055a0:	be00      	bkpt	0x0000
100055a2:	2000      	movs	r0, #0
100055a4:	e778      	b.n	10005498 <vendord_open+0x1c>
100055a6:	1be1      	subs	r1, r4, r7
100055a8:	b288      	uxth	r0, r1
100055aa:	e775      	b.n	10005498 <vendord_open+0x1c>
100055ac:	2000      	movs	r0, #0
100055ae:	4770      	bx	lr
100055b0:	2000135c 	.word	0x2000135c
100055b4:	100070c0 	.word	0x100070c0
100055b8:	10006ba0 	.word	0x10006ba0
100055bc:	08b51d9b 	.word	0x08b51d9b

100055c0 <vendord_xfer_cb>:
100055c0:	e92d 41f0 	stmdb	sp!, {r4, r5, r6, r7, r8, lr}
100055c4:	4605      	mov	r5, r0
100055c6:	461f      	mov	r7, r3
100055c8:	2400      	movs	r4, #0
100055ca:	b15c      	cbz	r4, 100055e4 <vendord_xfer_cb+0x24>
100055cc:	2c00      	cmp	r4, #0
100055ce:	d148      	bne.n	10005662 <vendord_xfer_cb+0xa2>
100055d0:	46a0      	mov	r8, r4
100055d2:	f896 3129 	ldrb.w	r3, [r6, #297]	@ 0x129
100055d6:	428b      	cmp	r3, r1
100055d8:	d013      	beq.n	10005602 <vendord_xfer_cb+0x42>
100055da:	7973      	ldrb	r3, [r6, #5]
100055dc:	428b      	cmp	r3, r1
100055de:	d02b      	beq.n	10005638 <vendord_xfer_cb+0x78>
100055e0:	2001      	movs	r0, #1
100055e2:	e03f      	b.n	10005664 <vendord_xfer_cb+0xa4>
100055e4:	f44f 7313 	mov.w	r3, #588	@ 0x24c
100055e8:	4e1f      	ldr	r6, [pc, #124]	@ (10005668 <vendord_xfer_cb+0xa8>)
100055ea:	fb03 6604 	mla	r6, r3, r4, r6
100055ee:	f896 3129 	ldrb.w	r3, [r6, #297]	@ 0x129
100055f2:	428b      	cmp	r3, r1
100055f4:	d0ea      	beq.n	100055cc <vendord_xfer_cb+0xc>
100055f6:	7973      	ldrb	r3, [r6, #5]
100055f8:	428b      	cmp	r3, r1
100055fa:	d0e7      	beq.n	100055cc <vendord_xfer_cb+0xc>
100055fc:	3401      	adds	r4, #1
100055fe:	b2e4      	uxtb	r4, r4
10005600:	e7e3      	b.n	100055ca <vendord_xfer_cb+0xa>
10005602:	f8b6 3134 	ldrh.w	r3, [r6, #308]	@ 0x134
10005606:	b97b      	cbnz	r3, 10005628 <vendord_xfer_cb+0x68>
10005608:	4b18      	ldr	r3, [pc, #96]	@ (1000566c <vendord_xfer_cb+0xac>)
1000560a:	b133      	cbz	r3, 1000561a <vendord_xfer_cb+0x5a>
1000560c:	b2ba      	uxth	r2, r7
1000560e:	4918      	ldr	r1, [pc, #96]	@ (10005670 <vendord_xfer_cb+0xb0>)
10005610:	eb01 11c8 	add.w	r1, r1, r8, lsl #7
10005614:	4620      	mov	r0, r4
10005616:	f3af 8000 	nop.w
1000561a:	f506 7194 	add.w	r1, r6, #296	@ 0x128
1000561e:	4628      	mov	r0, r5
10005620:	f000 fa1c 	bl	10005a5c <tu_edpt_stream_read_xfer>
10005624:	2001      	movs	r0, #1
10005626:	e01d      	b.n	10005664 <vendord_xfer_cb+0xa4>
10005628:	b2ba      	uxth	r2, r7
1000562a:	f8d6 112c 	ldr.w	r1, [r6, #300]	@ 0x12c
1000562e:	f506 7098 	add.w	r0, r6, #304	@ 0x130
10005632:	f000 fcdb 	bl	10005fec <tu_fifo_write_n>
10005636:	e7e7      	b.n	10005608 <vendord_xfer_cb+0x48>
10005638:	4b0e      	ldr	r3, [pc, #56]	@ (10005674 <vendord_xfer_cb+0xb4>)
1000563a:	b11b      	cbz	r3, 10005644 <vendord_xfer_cb+0x84>
1000563c:	b2b9      	uxth	r1, r7
1000563e:	4620      	mov	r0, r4
10005640:	f3af 8000 	nop.w
10005644:	3604      	adds	r6, #4
10005646:	4631      	mov	r1, r6
10005648:	4628      	mov	r0, r5
1000564a:	f000 f9bb 	bl	100059c4 <tu_edpt_stream_write_xfer>
1000564e:	b108      	cbz	r0, 10005654 <vendord_xfer_cb+0x94>
10005650:	2001      	movs	r0, #1
10005652:	e007      	b.n	10005664 <vendord_xfer_cb+0xa4>
10005654:	463a      	mov	r2, r7
10005656:	4631      	mov	r1, r6
10005658:	4628      	mov	r0, r5
1000565a:	f000 f96b 	bl	10005934 <tu_edpt_stream_write_zlp_if_needed>
1000565e:	2001      	movs	r0, #1
10005660:	e000      	b.n	10005664 <vendord_xfer_cb+0xa4>
10005662:	2000      	movs	r0, #0
10005664:	e8bd 81f0 	ldmia.w	sp!, {r4, r5, r6, r7, r8, pc}
10005668:	2000135c 	.word	0x2000135c
1000566c:	00000000 	.word	0x00000000
10005670:	200012dc 	.word	0x200012dc
10005674:	00000000 	.word	0x00000000

10005678 <tusb_rhport_init>:
10005678:	b510      	push	{r4, lr}
1000567a:	b082      	sub	sp, #8
1000567c:	b151      	cbz	r1, 10005694 <tusb_rhport_init+0x1c>
1000567e:	460a      	mov	r2, r1
10005680:	2801      	cmp	r0, #1
10005682:	d824      	bhi.n	100056ce <tusb_rhport_init+0x56>
10005684:	780b      	ldrb	r3, [r1, #0]
10005686:	b313      	cbz	r3, 100056ce <tusb_rhport_init+0x56>
10005688:	4923      	ldr	r1, [pc, #140]	@ (10005718 <tusb_rhport_init+0xa0>)
1000568a:	540b      	strb	r3, [r1, r0]
1000568c:	2b01      	cmp	r3, #1
1000568e:	d02f      	beq.n	100056f0 <tusb_rhport_init+0x78>
10005690:	2401      	movs	r4, #1
10005692:	e02a      	b.n	100056ea <tusb_rhport_init+0x72>
10005694:	2301      	movs	r3, #1
10005696:	f88d 3004 	strb.w	r3, [sp, #4]
1000569a:	2000      	movs	r0, #0
1000569c:	f88d 0005 	strb.w	r0, [sp, #5]
100056a0:	a901      	add	r1, sp, #4
100056a2:	f7fe fc5f 	bl	10003f64 <tud_rhport_init>
100056a6:	4604      	mov	r4, r0
100056a8:	b118      	cbz	r0, 100056b2 <tusb_rhport_init+0x3a>
100056aa:	4b1b      	ldr	r3, [pc, #108]	@ (10005718 <tusb_rhport_init+0xa0>)
100056ac:	2201      	movs	r2, #1
100056ae:	701a      	strb	r2, [r3, #0]
100056b0:	e01b      	b.n	100056ea <tusb_rhport_init+0x72>
100056b2:	2247      	movs	r2, #71	@ 0x47
100056b4:	4919      	ldr	r1, [pc, #100]	@ (1000571c <tusb_rhport_init+0xa4>)
100056b6:	481a      	ldr	r0, [pc, #104]	@ (10005720 <tusb_rhport_init+0xa8>)
100056b8:	f7fd fd46 	bl	10003148 <__wrap_printf>
100056bc:	f04f 23e0 	mov.w	r3, #3758153728	@ 0xe000e000
100056c0:	f8d3 3df0 	ldr.w	r3, [r3, #3568]	@ 0xdf0
100056c4:	f013 0f01 	tst.w	r3, #1
100056c8:	d00f      	beq.n	100056ea <tusb_rhport_init+0x72>
100056ca:	be00      	bkpt	0x0000
100056cc:	e00d      	b.n	100056ea <tusb_rhport_init+0x72>
100056ce:	225a      	movs	r2, #90	@ 0x5a
100056d0:	4912      	ldr	r1, [pc, #72]	@ (1000571c <tusb_rhport_init+0xa4>)
100056d2:	4813      	ldr	r0, [pc, #76]	@ (10005720 <tusb_rhport_init+0xa8>)
100056d4:	f7fd fd38 	bl	10003148 <__wrap_printf>
100056d8:	f04f 23e0 	mov.w	r3, #3758153728	@ 0xe000e000
100056dc:	f8d3 3df0 	ldr.w	r3, [r3, #3568]	@ 0xdf0
100056e0:	f013 0f01 	tst.w	r3, #1
100056e4:	d000      	beq.n	100056e8 <tusb_rhport_init+0x70>
100056e6:	be00      	bkpt	0x0000
100056e8:	2400      	movs	r4, #0
100056ea:	4620      	mov	r0, r4
100056ec:	b002      	add	sp, #8
100056ee:	bd10      	pop	{r4, pc}
100056f0:	4611      	mov	r1, r2
100056f2:	f7fe fc37 	bl	10003f64 <tud_rhport_init>
100056f6:	4604      	mov	r4, r0
100056f8:	2800      	cmp	r0, #0
100056fa:	d1f6      	bne.n	100056ea <tusb_rhport_init+0x72>
100056fc:	225f      	movs	r2, #95	@ 0x5f
100056fe:	4907      	ldr	r1, [pc, #28]	@ (1000571c <tusb_rhport_init+0xa4>)
10005700:	4807      	ldr	r0, [pc, #28]	@ (10005720 <tusb_rhport_init+0xa8>)
10005702:	f7fd fd21 	bl	10003148 <__wrap_printf>
10005706:	f04f 23e0 	mov.w	r3, #3758153728	@ 0xe000e000
1000570a:	f8d3 3df0 	ldr.w	r3, [r3, #3568]	@ 0xdf0
1000570e:	f013 0f01 	tst.w	r3, #1
10005712:	d0ea      	beq.n	100056ea <tusb_rhport_init+0x72>
10005714:	be00      	bkpt	0x0000
10005716:	e7e8      	b.n	100056ea <tusb_rhport_init+0x72>
10005718:	200011b4 	.word	0x200011b4
1000571c:	10007140 	.word	0x10007140
10005720:	10006ba0 	.word	0x10006ba0

10005724 <tu_edpt_claim>:
10005724:	b570      	push	{r4, r5, r6, lr}
10005726:	4604      	mov	r4, r0
10005728:	7803      	ldrb	r3, [r0, #0]
1000572a:	f013 0001 	ands.w	r0, r3, #1
1000572e:	d11f      	bne.n	10005770 <tu_edpt_claim+0x4c>
10005730:	460d      	mov	r5, r1
10005732:	7823      	ldrb	r3, [r4, #0]
10005734:	f3c3 0680 	ubfx	r6, r3, #2, #1
10005738:	f013 0f04 	tst.w	r3, #4
1000573c:	d119      	bne.n	10005772 <tu_edpt_claim+0x4e>
1000573e:	f04f 31ff 	mov.w	r1, #4294967295	@ 0xffffffff
10005742:	4628      	mov	r0, r5
10005744:	f000 fd8c 	bl	10006260 <__mutex_enter_timeout_ms_veneer>
10005748:	7823      	ldrb	r3, [r4, #0]
1000574a:	f013 0301 	ands.w	r3, r3, #1
1000574e:	d108      	bne.n	10005762 <tu_edpt_claim+0x3e>
10005750:	7822      	ldrb	r2, [r4, #0]
10005752:	f012 0f04 	tst.w	r2, #4
10005756:	d109      	bne.n	1000576c <tu_edpt_claim+0x48>
10005758:	7823      	ldrb	r3, [r4, #0]
1000575a:	f043 0304 	orr.w	r3, r3, #4
1000575e:	7023      	strb	r3, [r4, #0]
10005760:	2601      	movs	r6, #1
10005762:	4628      	mov	r0, r5
10005764:	f000 fd90 	bl	10006288 <__mutex_exit_veneer>
10005768:	4630      	mov	r0, r6
1000576a:	e002      	b.n	10005772 <tu_edpt_claim+0x4e>
1000576c:	461e      	mov	r6, r3
1000576e:	e7f8      	b.n	10005762 <tu_edpt_claim+0x3e>
10005770:	2000      	movs	r0, #0
10005772:	bd70      	pop	{r4, r5, r6, pc}

10005774 <tu_edpt_release>:
10005774:	b570      	push	{r4, r5, r6, lr}
10005776:	4605      	mov	r5, r0
10005778:	460c      	mov	r4, r1
1000577a:	f04f 31ff 	mov.w	r1, #4294967295	@ 0xffffffff
1000577e:	4620      	mov	r0, r4
10005780:	f000 fd6e 	bl	10006260 <__mutex_enter_timeout_ms_veneer>
10005784:	782b      	ldrb	r3, [r5, #0]
10005786:	f3c3 0680 	ubfx	r6, r3, #2, #1
1000578a:	f013 0f04 	tst.w	r3, #4
1000578e:	d104      	bne.n	1000579a <tu_edpt_release+0x26>
10005790:	4620      	mov	r0, r4
10005792:	f000 fd79 	bl	10006288 <__mutex_exit_veneer>
10005796:	4630      	mov	r0, r6
10005798:	bd70      	pop	{r4, r5, r6, pc}
1000579a:	782b      	ldrb	r3, [r5, #0]
1000579c:	f013 0f01 	tst.w	r3, #1
100057a0:	d104      	bne.n	100057ac <tu_edpt_release+0x38>
100057a2:	782b      	ldrb	r3, [r5, #0]
100057a4:	f023 0304 	bic.w	r3, r3, #4
100057a8:	702b      	strb	r3, [r5, #0]
100057aa:	e7f1      	b.n	10005790 <tu_edpt_release+0x1c>
100057ac:	2600      	movs	r6, #0
100057ae:	e7ef      	b.n	10005790 <tu_edpt_release+0x1c>

100057b0 <tu_edpt_validate>:
100057b0:	b508      	push	{r3, lr}
100057b2:	8883      	ldrh	r3, [r0, #4]
100057b4:	f3c3 020a 	ubfx	r2, r3, #0, #11
100057b8:	78c3      	ldrb	r3, [r0, #3]
100057ba:	f003 0303 	and.w	r3, r3, #3
100057be:	2b02      	cmp	r3, #2
100057c0:	d01d      	beq.n	100057fe <tu_edpt_validate+0x4e>
100057c2:	2b03      	cmp	r3, #3
100057c4:	d044      	beq.n	10005850 <tu_edpt_validate+0xa0>
100057c6:	2b01      	cmp	r3, #1
100057c8:	d15b      	bne.n	10005882 <tu_edpt_validate+0xd2>
100057ca:	2902      	cmp	r1, #2
100057cc:	d005      	beq.n	100057da <tu_edpt_validate+0x2a>
100057ce:	f240 33ff 	movw	r3, #1023	@ 0x3ff
100057d2:	4293      	cmp	r3, r2
100057d4:	d304      	bcc.n	100057e0 <tu_edpt_validate+0x30>
100057d6:	2001      	movs	r0, #1
100057d8:	e054      	b.n	10005884 <tu_edpt_validate+0xd4>
100057da:	f44f 6380 	mov.w	r3, #1024	@ 0x400
100057de:	e7f8      	b.n	100057d2 <tu_edpt_validate+0x22>
100057e0:	22d1      	movs	r2, #209	@ 0xd1
100057e2:	4929      	ldr	r1, [pc, #164]	@ (10005888 <tu_edpt_validate+0xd8>)
100057e4:	4829      	ldr	r0, [pc, #164]	@ (1000588c <tu_edpt_validate+0xdc>)
100057e6:	f7fd fcaf 	bl	10003148 <__wrap_printf>
100057ea:	f04f 23e0 	mov.w	r3, #3758153728	@ 0xe000e000
100057ee:	f8d3 3df0 	ldr.w	r3, [r3, #3568]	@ 0xdf0
100057f2:	f013 0f01 	tst.w	r3, #1
100057f6:	d000      	beq.n	100057fa <tu_edpt_validate+0x4a>
100057f8:	be00      	bkpt	0x0000
100057fa:	2000      	movs	r0, #0
100057fc:	e042      	b.n	10005884 <tu_edpt_validate+0xd4>
100057fe:	2902      	cmp	r1, #2
10005800:	d003      	beq.n	1000580a <tu_edpt_validate+0x5a>
10005802:	2a40      	cmp	r2, #64	@ 0x40
10005804:	d815      	bhi.n	10005832 <tu_edpt_validate+0x82>
10005806:	2001      	movs	r0, #1
10005808:	e03c      	b.n	10005884 <tu_edpt_validate+0xd4>
1000580a:	f5b2 7f00 	cmp.w	r2, #512	@ 0x200
1000580e:	d101      	bne.n	10005814 <tu_edpt_validate+0x64>
10005810:	2001      	movs	r0, #1
10005812:	e037      	b.n	10005884 <tu_edpt_validate+0xd4>
10005814:	22d8      	movs	r2, #216	@ 0xd8
10005816:	491c      	ldr	r1, [pc, #112]	@ (10005888 <tu_edpt_validate+0xd8>)
10005818:	481c      	ldr	r0, [pc, #112]	@ (1000588c <tu_edpt_validate+0xdc>)
1000581a:	f7fd fc95 	bl	10003148 <__wrap_printf>
1000581e:	f04f 23e0 	mov.w	r3, #3758153728	@ 0xe000e000
10005822:	f8d3 3df0 	ldr.w	r3, [r3, #3568]	@ 0xdf0
10005826:	f013 0f01 	tst.w	r3, #1
1000582a:	d000      	beq.n	1000582e <tu_edpt_validate+0x7e>
1000582c:	be00      	bkpt	0x0000
1000582e:	2000      	movs	r0, #0
10005830:	e028      	b.n	10005884 <tu_edpt_validate+0xd4>
10005832:	22db      	movs	r2, #219	@ 0xdb
10005834:	4914      	ldr	r1, [pc, #80]	@ (10005888 <tu_edpt_validate+0xd8>)
10005836:	4815      	ldr	r0, [pc, #84]	@ (1000588c <tu_edpt_validate+0xdc>)
10005838:	f7fd fc86 	bl	10003148 <__wrap_printf>
1000583c:	f04f 23e0 	mov.w	r3, #3758153728	@ 0xe000e000
10005840:	f8d3 3df0 	ldr.w	r3, [r3, #3568]	@ 0xdf0
10005844:	f013 0f01 	tst.w	r3, #1
10005848:	d000      	beq.n	1000584c <tu_edpt_validate+0x9c>
1000584a:	be00      	bkpt	0x0000
1000584c:	2000      	movs	r0, #0
1000584e:	e019      	b.n	10005884 <tu_edpt_validate+0xd4>
10005850:	2902      	cmp	r1, #2
10005852:	d004      	beq.n	1000585e <tu_edpt_validate+0xae>
10005854:	2340      	movs	r3, #64	@ 0x40
10005856:	4293      	cmp	r3, r2
10005858:	d304      	bcc.n	10005864 <tu_edpt_validate+0xb4>
1000585a:	2001      	movs	r0, #1
1000585c:	e012      	b.n	10005884 <tu_edpt_validate+0xd4>
1000585e:	f44f 6380 	mov.w	r3, #1024	@ 0x400
10005862:	e7f8      	b.n	10005856 <tu_edpt_validate+0xa6>
10005864:	22e1      	movs	r2, #225	@ 0xe1
10005866:	4908      	ldr	r1, [pc, #32]	@ (10005888 <tu_edpt_validate+0xd8>)
10005868:	4808      	ldr	r0, [pc, #32]	@ (1000588c <tu_edpt_validate+0xdc>)
1000586a:	f7fd fc6d 	bl	10003148 <__wrap_printf>
1000586e:	f04f 23e0 	mov.w	r3, #3758153728	@ 0xe000e000
10005872:	f8d3 3df0 	ldr.w	r3, [r3, #3568]	@ 0xdf0
10005876:	f013 0f01 	tst.w	r3, #1
1000587a:	d000      	beq.n	1000587e <tu_edpt_validate+0xce>
1000587c:	be00      	bkpt	0x0000
1000587e:	2000      	movs	r0, #0
10005880:	e000      	b.n	10005884 <tu_edpt_validate+0xd4>
10005882:	2000      	movs	r0, #0
10005884:	bd08      	pop	{r3, pc}
10005886:	bf00      	nop
10005888:	1000712c 	.word	0x1000712c
1000588c:	10006ba0 	.word	0x10006ba0

10005890 <tu_edpt_bind_driver>:
10005890:	440a      	add	r2, r1
10005892:	e004      	b.n	1000589e <tu_edpt_bind_driver+0xe>
10005894:	f85d fb04 	ldr.w	pc, [sp], #4
10005898:	f891 c000 	ldrb.w	ip, [r1]
1000589c:	4461      	add	r1, ip
1000589e:	4291      	cmp	r1, r2
100058a0:	d21a      	bcs.n	100058d8 <tu_edpt_bind_driver+0x48>
100058a2:	f891 c001 	ldrb.w	ip, [r1, #1]
100058a6:	f1bc 0f05 	cmp.w	ip, #5
100058aa:	d1f5      	bne.n	10005898 <tu_edpt_bind_driver+0x8>
100058ac:	b500      	push	{lr}
100058ae:	f891 c002 	ldrb.w	ip, [r1, #2]
100058b2:	f00c 0e7f 	and.w	lr, ip, #127	@ 0x7f
100058b6:	eb00 0e4e 	add.w	lr, r0, lr, lsl #1
100058ba:	ea4f 1cdc 	mov.w	ip, ip, lsr #7
100058be:	f80e 300c 	strb.w	r3, [lr, ip]
100058c2:	f891 c000 	ldrb.w	ip, [r1]
100058c6:	4461      	add	r1, ip
100058c8:	4291      	cmp	r1, r2
100058ca:	d2e3      	bcs.n	10005894 <tu_edpt_bind_driver+0x4>
100058cc:	f891 c001 	ldrb.w	ip, [r1, #1]
100058d0:	f1bc 0f05 	cmp.w	ip, #5
100058d4:	d1f5      	bne.n	100058c2 <tu_edpt_bind_driver+0x32>
100058d6:	e7ea      	b.n	100058ae <tu_edpt_bind_driver+0x1e>
100058d8:	4770      	bx	lr

100058da <tu_edpt_stream_init>:
100058da:	b5f0      	push	{r4, r5, r6, r7, lr}
100058dc:	b083      	sub	sp, #12
100058de:	4604      	mov	r4, r0
100058e0:	4617      	mov	r7, r2
100058e2:	9d08      	ldr	r5, [sp, #32]
100058e4:	f8bd 6024 	ldrh.w	r6, [sp, #36]	@ 0x24
100058e8:	f890 c000 	ldrb.w	ip, [r0]
100058ec:	f361 0c00 	bfi	ip, r1, #0, #1
100058f0:	f800 cb08 	strb.w	ip, [r0], #8
100058f4:	9300      	str	r3, [sp, #0]
100058f6:	2301      	movs	r3, #1
100058f8:	4632      	mov	r2, r6
100058fa:	4629      	mov	r1, r5
100058fc:	f000 faab 	bl	10005e56 <tu_fifo_config>
10005900:	b105      	cbz	r5, 10005904 <tu_edpt_stream_init+0x2a>
10005902:	b93e      	cbnz	r6, 10005914 <tu_edpt_stream_init+0x3a>
10005904:	9b0a      	ldr	r3, [sp, #40]	@ 0x28
10005906:	6063      	str	r3, [r4, #4]
10005908:	f8bd 302c 	ldrh.w	r3, [sp, #44]	@ 0x2c
1000590c:	8063      	strh	r3, [r4, #2]
1000590e:	2001      	movs	r0, #1
10005910:	b003      	add	sp, #12
10005912:	bdf0      	pop	{r4, r5, r6, r7, pc}
10005914:	f104 051c 	add.w	r5, r4, #28
10005918:	4628      	mov	r0, r5
1000591a:	f7fb f8cb 	bl	10000ab4 <mutex_init>
1000591e:	b127      	cbz	r7, 1000592a <tu_edpt_stream_init+0x50>
10005920:	462b      	mov	r3, r5
10005922:	2500      	movs	r5, #0
10005924:	6163      	str	r3, [r4, #20]
10005926:	61a5      	str	r5, [r4, #24]
10005928:	e7ec      	b.n	10005904 <tu_edpt_stream_init+0x2a>
1000592a:	2300      	movs	r3, #0
1000592c:	e7fa      	b.n	10005924 <tu_edpt_stream_init+0x4a>

1000592e <tu_edpt_stream_deinit>:
1000592e:	2001      	movs	r0, #1
10005930:	4770      	bx	lr
	...

10005934 <tu_edpt_stream_write_zlp_if_needed>:
10005934:	b5f8      	push	{r3, r4, r5, r6, r7, lr}
10005936:	4606      	mov	r6, r0
10005938:	460c      	mov	r4, r1
1000593a:	4615      	mov	r5, r2
1000593c:	780b      	ldrb	r3, [r1, #0]
1000593e:	f013 0f02 	tst.w	r3, #2
10005942:	d010      	beq.n	10005966 <tu_edpt_stream_write_zlp_if_needed+0x32>
10005944:	f44f 7700 	mov.w	r7, #512	@ 0x200
10005948:	f104 0008 	add.w	r0, r4, #8
1000594c:	f000 fab4 	bl	10005eb8 <tu_fifo_count>
10005950:	bb68      	cbnz	r0, 100059ae <tu_edpt_stream_write_zlp_if_needed+0x7a>
10005952:	b375      	cbz	r5, 100059b2 <tu_edpt_stream_write_zlp_if_needed+0x7e>
10005954:	3f01      	subs	r7, #1
10005956:	422f      	tst	r7, r5
10005958:	d12d      	bne.n	100059b6 <tu_edpt_stream_write_zlp_if_needed+0x82>
1000595a:	7823      	ldrb	r3, [r4, #0]
1000595c:	f013 0f01 	tst.w	r3, #1
10005960:	d003      	beq.n	1000596a <tu_edpt_stream_write_zlp_if_needed+0x36>
10005962:	2000      	movs	r0, #0
10005964:	e024      	b.n	100059b0 <tu_edpt_stream_write_zlp_if_needed+0x7c>
10005966:	2740      	movs	r7, #64	@ 0x40
10005968:	e7ee      	b.n	10005948 <tu_edpt_stream_write_zlp_if_needed+0x14>
1000596a:	7861      	ldrb	r1, [r4, #1]
1000596c:	4630      	mov	r0, r6
1000596e:	f7fe fc1d 	bl	100041ac <usbd_edpt_claim>
10005972:	2800      	cmp	r0, #0
10005974:	d0f5      	beq.n	10005962 <tu_edpt_stream_write_zlp_if_needed+0x2e>
10005976:	7823      	ldrb	r3, [r4, #0]
10005978:	f013 0f01 	tst.w	r3, #1
1000597c:	d00f      	beq.n	1000599e <tu_edpt_stream_write_zlp_if_needed+0x6a>
1000597e:	f44f 72b5 	mov.w	r2, #362	@ 0x16a
10005982:	490e      	ldr	r1, [pc, #56]	@ (100059bc <tu_edpt_stream_write_zlp_if_needed+0x88>)
10005984:	480e      	ldr	r0, [pc, #56]	@ (100059c0 <tu_edpt_stream_write_zlp_if_needed+0x8c>)
10005986:	f7fd fbdf 	bl	10003148 <__wrap_printf>
1000598a:	f04f 23e0 	mov.w	r3, #3758153728	@ 0xe000e000
1000598e:	f8d3 3df0 	ldr.w	r3, [r3, #3568]	@ 0xdf0
10005992:	f013 0f01 	tst.w	r3, #1
10005996:	d000      	beq.n	1000599a <tu_edpt_stream_write_zlp_if_needed+0x66>
10005998:	be00      	bkpt	0x0000
1000599a:	2000      	movs	r0, #0
1000599c:	e008      	b.n	100059b0 <tu_edpt_stream_write_zlp_if_needed+0x7c>
1000599e:	2300      	movs	r3, #0
100059a0:	461a      	mov	r2, r3
100059a2:	7861      	ldrb	r1, [r4, #1]
100059a4:	4630      	mov	r0, r6
100059a6:	f7fe fc29 	bl	100041fc <usbd_edpt_xfer>
100059aa:	b908      	cbnz	r0, 100059b0 <tu_edpt_stream_write_zlp_if_needed+0x7c>
100059ac:	e7e7      	b.n	1000597e <tu_edpt_stream_write_zlp_if_needed+0x4a>
100059ae:	2000      	movs	r0, #0
100059b0:	bdf8      	pop	{r3, r4, r5, r6, r7, pc}
100059b2:	2000      	movs	r0, #0
100059b4:	e7fc      	b.n	100059b0 <tu_edpt_stream_write_zlp_if_needed+0x7c>
100059b6:	2000      	movs	r0, #0
100059b8:	e7fa      	b.n	100059b0 <tu_edpt_stream_write_zlp_if_needed+0x7c>
100059ba:	bf00      	nop
100059bc:	10007108 	.word	0x10007108
100059c0:	10006ba0 	.word	0x10006ba0

100059c4 <tu_edpt_stream_write_xfer>:
100059c4:	b570      	push	{r4, r5, r6, lr}
100059c6:	4606      	mov	r6, r0
100059c8:	460c      	mov	r4, r1
100059ca:	f101 0508 	add.w	r5, r1, #8
100059ce:	4628      	mov	r0, r5
100059d0:	f000 fa72 	bl	10005eb8 <tu_fifo_count>
100059d4:	2800      	cmp	r0, #0
100059d6:	d03b      	beq.n	10005a50 <tu_edpt_stream_write_xfer+0x8c>
100059d8:	7823      	ldrb	r3, [r4, #0]
100059da:	f013 0f01 	tst.w	r3, #1
100059de:	d001      	beq.n	100059e4 <tu_edpt_stream_write_xfer+0x20>
100059e0:	2000      	movs	r0, #0
100059e2:	bd70      	pop	{r4, r5, r6, pc}
100059e4:	7861      	ldrb	r1, [r4, #1]
100059e6:	4630      	mov	r0, r6
100059e8:	f7fe fbe0 	bl	100041ac <usbd_edpt_claim>
100059ec:	2800      	cmp	r0, #0
100059ee:	d0f7      	beq.n	100059e0 <tu_edpt_stream_write_xfer+0x1c>
100059f0:	8862      	ldrh	r2, [r4, #2]
100059f2:	6861      	ldr	r1, [r4, #4]
100059f4:	4628      	mov	r0, r5
100059f6:	f000 fac5 	bl	10005f84 <tu_fifo_read_n>
100059fa:	4605      	mov	r5, r0
100059fc:	b1e8      	cbz	r0, 10005a3a <tu_edpt_stream_write_xfer+0x76>
100059fe:	7823      	ldrb	r3, [r4, #0]
10005a00:	f013 0f01 	tst.w	r3, #1
10005a04:	d00f      	beq.n	10005a26 <tu_edpt_stream_write_xfer+0x62>
10005a06:	f44f 72bc 	mov.w	r2, #376	@ 0x178
10005a0a:	4912      	ldr	r1, [pc, #72]	@ (10005a54 <tu_edpt_stream_write_xfer+0x90>)
10005a0c:	4812      	ldr	r0, [pc, #72]	@ (10005a58 <tu_edpt_stream_write_xfer+0x94>)
10005a0e:	f7fd fb9b 	bl	10003148 <__wrap_printf>
10005a12:	f04f 23e0 	mov.w	r3, #3758153728	@ 0xe000e000
10005a16:	f8d3 3df0 	ldr.w	r3, [r3, #3568]	@ 0xdf0
10005a1a:	f013 0f01 	tst.w	r3, #1
10005a1e:	d000      	beq.n	10005a22 <tu_edpt_stream_write_xfer+0x5e>
10005a20:	be00      	bkpt	0x0000
10005a22:	2000      	movs	r0, #0
10005a24:	e7dd      	b.n	100059e2 <tu_edpt_stream_write_xfer+0x1e>
10005a26:	4603      	mov	r3, r0
10005a28:	6862      	ldr	r2, [r4, #4]
10005a2a:	7861      	ldrb	r1, [r4, #1]
10005a2c:	4630      	mov	r0, r6
10005a2e:	f7fe fbe5 	bl	100041fc <usbd_edpt_xfer>
10005a32:	2800      	cmp	r0, #0
10005a34:	d0e7      	beq.n	10005a06 <tu_edpt_stream_write_xfer+0x42>
10005a36:	4628      	mov	r0, r5
10005a38:	e7d3      	b.n	100059e2 <tu_edpt_stream_write_xfer+0x1e>
10005a3a:	7823      	ldrb	r3, [r4, #0]
10005a3c:	f013 0f01 	tst.w	r3, #1
10005a40:	d001      	beq.n	10005a46 <tu_edpt_stream_write_xfer+0x82>
10005a42:	2000      	movs	r0, #0
10005a44:	e7cd      	b.n	100059e2 <tu_edpt_stream_write_xfer+0x1e>
10005a46:	7861      	ldrb	r1, [r4, #1]
10005a48:	4630      	mov	r0, r6
10005a4a:	f7fe fbc3 	bl	100041d4 <usbd_edpt_release>
10005a4e:	e7f8      	b.n	10005a42 <tu_edpt_stream_write_xfer+0x7e>
10005a50:	2000      	movs	r0, #0
10005a52:	e7c6      	b.n	100059e2 <tu_edpt_stream_write_xfer+0x1e>
10005a54:	100070ec 	.word	0x100070ec
10005a58:	10006ba0 	.word	0x10006ba0

10005a5c <tu_edpt_stream_read_xfer>:
10005a5c:	b5f8      	push	{r3, r4, r5, r6, r7, lr}
10005a5e:	4606      	mov	r6, r0
10005a60:	460c      	mov	r4, r1
10005a62:	898b      	ldrh	r3, [r1, #12]
10005a64:	bb5b      	cbnz	r3, 10005abe <tu_edpt_stream_read_xfer+0x62>
10005a66:	780b      	ldrb	r3, [r1, #0]
10005a68:	f013 0f01 	tst.w	r3, #1
10005a6c:	d001      	beq.n	10005a72 <tu_edpt_stream_read_xfer+0x16>
10005a6e:	2000      	movs	r0, #0
10005a70:	bdf8      	pop	{r3, r4, r5, r6, r7, pc}
10005a72:	7849      	ldrb	r1, [r1, #1]
10005a74:	f7fe fb9a 	bl	100041ac <usbd_edpt_claim>
10005a78:	2800      	cmp	r0, #0
10005a7a:	d0f8      	beq.n	10005a6e <tu_edpt_stream_read_xfer+0x12>
10005a7c:	8863      	ldrh	r3, [r4, #2]
10005a7e:	7822      	ldrb	r2, [r4, #0]
10005a80:	f012 0f01 	tst.w	r2, #1
10005a84:	d00f      	beq.n	10005aa6 <tu_edpt_stream_read_xfer+0x4a>
10005a86:	f44f 72d9 	mov.w	r2, #434	@ 0x1b2
10005a8a:	4938      	ldr	r1, [pc, #224]	@ (10005b6c <tu_edpt_stream_read_xfer+0x110>)
10005a8c:	4838      	ldr	r0, [pc, #224]	@ (10005b70 <tu_edpt_stream_read_xfer+0x114>)
10005a8e:	f7fd fb5b 	bl	10003148 <__wrap_printf>
10005a92:	f04f 23e0 	mov.w	r3, #3758153728	@ 0xe000e000
10005a96:	f8d3 3df0 	ldr.w	r3, [r3, #3568]	@ 0xdf0
10005a9a:	f013 0f01 	tst.w	r3, #1
10005a9e:	d000      	beq.n	10005aa2 <tu_edpt_stream_read_xfer+0x46>
10005aa0:	be00      	bkpt	0x0000
10005aa2:	2000      	movs	r0, #0
10005aa4:	e7e4      	b.n	10005a70 <tu_edpt_stream_read_xfer+0x14>
10005aa6:	7861      	ldrb	r1, [r4, #1]
10005aa8:	b13b      	cbz	r3, 10005aba <tu_edpt_stream_read_xfer+0x5e>
10005aaa:	6862      	ldr	r2, [r4, #4]
10005aac:	4630      	mov	r0, r6
10005aae:	f7fe fba5 	bl	100041fc <usbd_edpt_xfer>
10005ab2:	2800      	cmp	r0, #0
10005ab4:	d0e7      	beq.n	10005a86 <tu_edpt_stream_read_xfer+0x2a>
10005ab6:	8860      	ldrh	r0, [r4, #2]
10005ab8:	e7da      	b.n	10005a70 <tu_edpt_stream_read_xfer+0x14>
10005aba:	2200      	movs	r2, #0
10005abc:	e7f6      	b.n	10005aac <tu_edpt_stream_read_xfer+0x50>
10005abe:	780b      	ldrb	r3, [r1, #0]
10005ac0:	f013 0f02 	tst.w	r3, #2
10005ac4:	d00e      	beq.n	10005ae4 <tu_edpt_stream_read_xfer+0x88>
10005ac6:	f44f 7500 	mov.w	r5, #512	@ 0x200
10005aca:	f104 0708 	add.w	r7, r4, #8
10005ace:	4638      	mov	r0, r7
10005ad0:	f000 fa23 	bl	10005f1a <tu_fifo_remaining>
10005ad4:	4285      	cmp	r5, r0
10005ad6:	d847      	bhi.n	10005b68 <tu_edpt_stream_read_xfer+0x10c>
10005ad8:	7823      	ldrb	r3, [r4, #0]
10005ada:	f013 0f01 	tst.w	r3, #1
10005ade:	d003      	beq.n	10005ae8 <tu_edpt_stream_read_xfer+0x8c>
10005ae0:	2000      	movs	r0, #0
10005ae2:	e7c5      	b.n	10005a70 <tu_edpt_stream_read_xfer+0x14>
10005ae4:	2540      	movs	r5, #64	@ 0x40
10005ae6:	e7f0      	b.n	10005aca <tu_edpt_stream_read_xfer+0x6e>
10005ae8:	7861      	ldrb	r1, [r4, #1]
10005aea:	4630      	mov	r0, r6
10005aec:	f7fe fb5e 	bl	100041ac <usbd_edpt_claim>
10005af0:	2800      	cmp	r0, #0
10005af2:	d0f5      	beq.n	10005ae0 <tu_edpt_stream_read_xfer+0x84>
10005af4:	4638      	mov	r0, r7
10005af6:	f000 fa10 	bl	10005f1a <tu_fifo_remaining>
10005afa:	4285      	cmp	r5, r0
10005afc:	d829      	bhi.n	10005b52 <tu_edpt_stream_read_xfer+0xf6>
10005afe:	426d      	negs	r5, r5
10005b00:	b2ad      	uxth	r5, r5
10005b02:	8862      	ldrh	r2, [r4, #2]
10005b04:	ea05 0300 	and.w	r3, r5, r0
10005b08:	4293      	cmp	r3, r2
10005b0a:	bf28      	it	cs
10005b0c:	4613      	movcs	r3, r2
10005b0e:	461d      	mov	r5, r3
10005b10:	7823      	ldrb	r3, [r4, #0]
10005b12:	f013 0f01 	tst.w	r3, #1
10005b16:	d00f      	beq.n	10005b38 <tu_edpt_stream_read_xfer+0xdc>
10005b18:	f240 12c7 	movw	r2, #455	@ 0x1c7
10005b1c:	4913      	ldr	r1, [pc, #76]	@ (10005b6c <tu_edpt_stream_read_xfer+0x110>)
10005b1e:	4814      	ldr	r0, [pc, #80]	@ (10005b70 <tu_edpt_stream_read_xfer+0x114>)
10005b20:	f7fd fb12 	bl	10003148 <__wrap_printf>
10005b24:	f04f 23e0 	mov.w	r3, #3758153728	@ 0xe000e000
10005b28:	f8d3 3df0 	ldr.w	r3, [r3, #3568]	@ 0xdf0
10005b2c:	f013 0f01 	tst.w	r3, #1
10005b30:	d000      	beq.n	10005b34 <tu_edpt_stream_read_xfer+0xd8>
10005b32:	be00      	bkpt	0x0000
10005b34:	2000      	movs	r0, #0
10005b36:	e79b      	b.n	10005a70 <tu_edpt_stream_read_xfer+0x14>
10005b38:	7861      	ldrb	r1, [r4, #1]
10005b3a:	b145      	cbz	r5, 10005b4e <tu_edpt_stream_read_xfer+0xf2>
10005b3c:	6862      	ldr	r2, [r4, #4]
10005b3e:	462b      	mov	r3, r5
10005b40:	4630      	mov	r0, r6
10005b42:	f7fe fb5b 	bl	100041fc <usbd_edpt_xfer>
10005b46:	2800      	cmp	r0, #0
10005b48:	d0e6      	beq.n	10005b18 <tu_edpt_stream_read_xfer+0xbc>
10005b4a:	4628      	mov	r0, r5
10005b4c:	e790      	b.n	10005a70 <tu_edpt_stream_read_xfer+0x14>
10005b4e:	2200      	movs	r2, #0
10005b50:	e7f5      	b.n	10005b3e <tu_edpt_stream_read_xfer+0xe2>
10005b52:	7823      	ldrb	r3, [r4, #0]
10005b54:	f013 0f01 	tst.w	r3, #1
10005b58:	d001      	beq.n	10005b5e <tu_edpt_stream_read_xfer+0x102>
10005b5a:	2000      	movs	r0, #0
10005b5c:	e788      	b.n	10005a70 <tu_edpt_stream_read_xfer+0x14>
10005b5e:	7861      	ldrb	r1, [r4, #1]
10005b60:	4630      	mov	r0, r6
10005b62:	f7fe fb37 	bl	100041d4 <usbd_edpt_release>
10005b66:	e7f8      	b.n	10005b5a <tu_edpt_stream_read_xfer+0xfe>
10005b68:	2000      	movs	r0, #0
10005b6a:	e781      	b.n	10005a70 <tu_edpt_stream_read_xfer+0x14>
10005b6c:	100070d0 	.word	0x100070d0
10005b70:	10006ba0 	.word	0x10006ba0

10005b74 <advance_index>:
10005b74:	4603      	mov	r3, r0
10005b76:	440a      	add	r2, r1
10005b78:	b290      	uxth	r0, r2
10005b7a:	4281      	cmp	r1, r0
10005b7c:	d802      	bhi.n	10005b84 <advance_index+0x10>
10005b7e:	ebb0 0f43 	cmp.w	r0, r3, lsl #1
10005b82:	db03      	blt.n	10005b8c <advance_index+0x18>
10005b84:	005b      	lsls	r3, r3, #1
10005b86:	b29b      	uxth	r3, r3
10005b88:	1ac0      	subs	r0, r0, r3
10005b8a:	b280      	uxth	r0, r0
10005b8c:	4770      	bx	lr

10005b8e <_tu_fifo_peek>:
10005b8e:	b510      	push	{r4, lr}
10005b90:	4686      	mov	lr, r0
10005b92:	4608      	mov	r0, r1
10005b94:	f8be c004 	ldrh.w	ip, [lr, #4]
10005b98:	429a      	cmp	r2, r3
10005b9a:	d30c      	bcc.n	10005bb6 <_tu_fifo_peek+0x28>
10005b9c:	1ad4      	subs	r4, r2, r3
10005b9e:	b2a4      	uxth	r4, r4
10005ba0:	b324      	cbz	r4, 10005bec <_tu_fifo_peek+0x5e>
10005ba2:	45a4      	cmp	ip, r4
10005ba4:	d214      	bcs.n	10005bd0 <_tu_fifo_peek+0x42>
10005ba6:	4594      	cmp	ip, r2
10005ba8:	d80c      	bhi.n	10005bc4 <_tu_fifo_peek+0x36>
10005baa:	eba2 020c 	sub.w	r2, r2, ip
10005bae:	b293      	uxth	r3, r2
10005bb0:	f8ae 300a 	strh.w	r3, [lr, #10]
10005bb4:	e00c      	b.n	10005bd0 <_tu_fifo_peek+0x42>
10005bb6:	1ad4      	subs	r4, r2, r3
10005bb8:	ea4f 014c 	mov.w	r1, ip, lsl #1
10005bbc:	fa11 f484 	uxtah	r4, r1, r4
10005bc0:	b2a4      	uxth	r4, r4
10005bc2:	e7ed      	b.n	10005ba0 <_tu_fifo_peek+0x12>
10005bc4:	4462      	add	r2, ip
10005bc6:	b293      	uxth	r3, r2
10005bc8:	e7f2      	b.n	10005bb0 <_tu_fifo_peek+0x22>
10005bca:	eba3 030c 	sub.w	r3, r3, ip
10005bce:	b29b      	uxth	r3, r3
10005bd0:	459c      	cmp	ip, r3
10005bd2:	d9fa      	bls.n	10005bca <_tu_fifo_peek+0x3c>
10005bd4:	f8de 1000 	ldr.w	r1, [lr]
10005bd8:	f8be 2006 	ldrh.w	r2, [lr, #6]
10005bdc:	f3c2 020e 	ubfx	r2, r2, #0, #15
10005be0:	fb02 1103 	mla	r1, r2, r3, r1
10005be4:	f000 fa92 	bl	1000610c <memcpy>
10005be8:	2001      	movs	r0, #1
10005bea:	bd10      	pop	{r4, pc}
10005bec:	2000      	movs	r0, #0
10005bee:	e7fc      	b.n	10005bea <_tu_fifo_peek+0x5c>

10005bf0 <_ff_pull_n>:
10005bf0:	e92d 43f8 	stmdb	sp!, {r3, r4, r5, r6, r7, r8, r9, lr}
10005bf4:	4604      	mov	r4, r0
10005bf6:	460d      	mov	r5, r1
10005bf8:	f89d 8020 	ldrb.w	r8, [sp, #32]
10005bfc:	f8b0 c004 	ldrh.w	ip, [r0, #4]
10005c00:	ebac 0003 	sub.w	r0, ip, r3
10005c04:	b280      	uxth	r0, r0
10005c06:	eba3 0c0c 	sub.w	ip, r3, ip
10005c0a:	4494      	add	ip, r2
10005c0c:	fa1f fc8c 	uxth.w	ip, ip
10005c10:	88e1      	ldrh	r1, [r4, #6]
10005c12:	f3c1 0e0e 	ubfx	lr, r1, #0, #15
10005c16:	46f1      	mov	r9, lr
10005c18:	fb1e f700 	smulbb	r7, lr, r0
10005c1c:	fb1e fe0c 	smulbb	lr, lr, ip
10005c20:	6821      	ldr	r1, [r4, #0]
10005c22:	fb09 1103 	mla	r1, r9, r3, r1
10005c26:	f1b8 0f00 	cmp.w	r8, #0
10005c2a:	d109      	bne.n	10005c40 <_ff_pull_n+0x50>
10005c2c:	b2bf      	uxth	r7, r7
10005c2e:	fa1f f68e 	uxth.w	r6, lr
10005c32:	4290      	cmp	r0, r2
10005c34:	d306      	bcc.n	10005c44 <_ff_pull_n+0x54>
10005c36:	fb09 f202 	mul.w	r2, r9, r2
10005c3a:	4628      	mov	r0, r5
10005c3c:	f000 fa66 	bl	1000610c <memcpy>
10005c40:	e8bd 83f8 	ldmia.w	sp!, {r3, r4, r5, r6, r7, r8, r9, pc}
10005c44:	463a      	mov	r2, r7
10005c46:	4628      	mov	r0, r5
10005c48:	f000 fa60 	bl	1000610c <memcpy>
10005c4c:	4632      	mov	r2, r6
10005c4e:	6821      	ldr	r1, [r4, #0]
10005c50:	19e8      	adds	r0, r5, r7
10005c52:	f000 fa5b 	bl	1000610c <memcpy>
10005c56:	e7f3      	b.n	10005c40 <_ff_pull_n+0x50>

10005c58 <_tu_fifo_peek_n>:
10005c58:	b530      	push	{r4, r5, lr}
10005c5a:	b083      	sub	sp, #12
10005c5c:	469e      	mov	lr, r3
10005c5e:	f8bd 3018 	ldrh.w	r3, [sp, #24]
10005c62:	f8b0 c004 	ldrh.w	ip, [r0, #4]
10005c66:	459e      	cmp	lr, r3
10005c68:	d311      	bcc.n	10005c8e <_tu_fifo_peek_n+0x36>
10005c6a:	ebae 0403 	sub.w	r4, lr, r3
10005c6e:	b2a4      	uxth	r4, r4
10005c70:	b324      	cbz	r4, 10005cbc <_tu_fifo_peek_n+0x64>
10005c72:	45a4      	cmp	ip, r4
10005c74:	d207      	bcs.n	10005c86 <_tu_fifo_peek_n+0x2e>
10005c76:	45f4      	cmp	ip, lr
10005c78:	d811      	bhi.n	10005c9e <_tu_fifo_peek_n+0x46>
10005c7a:	ebae 0e0c 	sub.w	lr, lr, ip
10005c7e:	fa1f f38e 	uxth.w	r3, lr
10005c82:	8143      	strh	r3, [r0, #10]
10005c84:	4664      	mov	r4, ip
10005c86:	4294      	cmp	r4, r2
10005c88:	d310      	bcc.n	10005cac <_tu_fifo_peek_n+0x54>
10005c8a:	4614      	mov	r4, r2
10005c8c:	e00e      	b.n	10005cac <_tu_fifo_peek_n+0x54>
10005c8e:	ebae 0403 	sub.w	r4, lr, r3
10005c92:	ea4f 054c 	mov.w	r5, ip, lsl #1
10005c96:	fa15 f484 	uxtah	r4, r5, r4
10005c9a:	b2a4      	uxth	r4, r4
10005c9c:	e7e8      	b.n	10005c70 <_tu_fifo_peek_n+0x18>
10005c9e:	44e6      	add	lr, ip
10005ca0:	fa1f f38e 	uxth.w	r3, lr
10005ca4:	e7ed      	b.n	10005c82 <_tu_fifo_peek_n+0x2a>
10005ca6:	eba3 030c 	sub.w	r3, r3, ip
10005caa:	b29b      	uxth	r3, r3
10005cac:	459c      	cmp	ip, r3
10005cae:	d9fa      	bls.n	10005ca6 <_tu_fifo_peek_n+0x4e>
10005cb0:	f89d 201c 	ldrb.w	r2, [sp, #28]
10005cb4:	9200      	str	r2, [sp, #0]
10005cb6:	4622      	mov	r2, r4
10005cb8:	f7ff ff9a 	bl	10005bf0 <_ff_pull_n>
10005cbc:	4620      	mov	r0, r4
10005cbe:	b003      	add	sp, #12
10005cc0:	bd30      	pop	{r4, r5, pc}

10005cc2 <_tu_fifo_read_n>:
10005cc2:	b5f0      	push	{r4, r5, r6, r7, lr}
10005cc4:	b083      	sub	sp, #12
10005cc6:	4604      	mov	r4, r0
10005cc8:	460d      	mov	r5, r1
10005cca:	4616      	mov	r6, r2
10005ccc:	461f      	mov	r7, r3
10005cce:	6900      	ldr	r0, [r0, #16]
10005cd0:	b118      	cbz	r0, 10005cda <_tu_fifo_read_n+0x18>
10005cd2:	f04f 31ff 	mov.w	r1, #4294967295	@ 0xffffffff
10005cd6:	f000 fac3 	bl	10006260 <__mutex_enter_timeout_ms_veneer>
10005cda:	8923      	ldrh	r3, [r4, #8]
10005cdc:	8962      	ldrh	r2, [r4, #10]
10005cde:	b292      	uxth	r2, r2
10005ce0:	9701      	str	r7, [sp, #4]
10005ce2:	9200      	str	r2, [sp, #0]
10005ce4:	b29b      	uxth	r3, r3
10005ce6:	4632      	mov	r2, r6
10005ce8:	4629      	mov	r1, r5
10005cea:	4620      	mov	r0, r4
10005cec:	f7ff ffb4 	bl	10005c58 <_tu_fifo_peek_n>
10005cf0:	4605      	mov	r5, r0
10005cf2:	8961      	ldrh	r1, [r4, #10]
10005cf4:	4602      	mov	r2, r0
10005cf6:	b289      	uxth	r1, r1
10005cf8:	88a0      	ldrh	r0, [r4, #4]
10005cfa:	f7ff ff3b 	bl	10005b74 <advance_index>
10005cfe:	8160      	strh	r0, [r4, #10]
10005d00:	6920      	ldr	r0, [r4, #16]
10005d02:	b108      	cbz	r0, 10005d08 <_tu_fifo_read_n+0x46>
10005d04:	f000 fac0 	bl	10006288 <__mutex_exit_veneer>
10005d08:	4628      	mov	r0, r5
10005d0a:	b003      	add	sp, #12
10005d0c:	bdf0      	pop	{r4, r5, r6, r7, pc}

10005d0e <_ff_push_n>:
10005d0e:	e92d 41f0 	stmdb	sp!, {r4, r5, r6, r7, r8, lr}
10005d12:	4604      	mov	r4, r0
10005d14:	460d      	mov	r5, r1
10005d16:	f89d e018 	ldrb.w	lr, [sp, #24]
10005d1a:	f8b0 c004 	ldrh.w	ip, [r0, #4]
10005d1e:	ebac 0103 	sub.w	r1, ip, r3
10005d22:	b289      	uxth	r1, r1
10005d24:	eba3 0c0c 	sub.w	ip, r3, ip
10005d28:	4494      	add	ip, r2
10005d2a:	fa1f fc8c 	uxth.w	ip, ip
10005d2e:	88c6      	ldrh	r6, [r0, #6]
10005d30:	f3c6 000e 	ubfx	r0, r6, #0, #15
10005d34:	4680      	mov	r8, r0
10005d36:	fb10 f701 	smulbb	r7, r0, r1
10005d3a:	fb10 f00c 	smulbb	r0, r0, ip
10005d3e:	b286      	uxth	r6, r0
10005d40:	6820      	ldr	r0, [r4, #0]
10005d42:	fb08 0003 	mla	r0, r8, r3, r0
10005d46:	f1be 0f00 	cmp.w	lr, #0
10005d4a:	d107      	bne.n	10005d5c <_ff_push_n+0x4e>
10005d4c:	b2bf      	uxth	r7, r7
10005d4e:	4291      	cmp	r1, r2
10005d50:	d306      	bcc.n	10005d60 <_ff_push_n+0x52>
10005d52:	fb08 f202 	mul.w	r2, r8, r2
10005d56:	4629      	mov	r1, r5
10005d58:	f000 f9d8 	bl	1000610c <memcpy>
10005d5c:	e8bd 81f0 	ldmia.w	sp!, {r4, r5, r6, r7, r8, pc}
10005d60:	463a      	mov	r2, r7
10005d62:	4629      	mov	r1, r5
10005d64:	f000 f9d2 	bl	1000610c <memcpy>
10005d68:	4632      	mov	r2, r6
10005d6a:	19e9      	adds	r1, r5, r7
10005d6c:	6820      	ldr	r0, [r4, #0]
10005d6e:	f000 f9cd 	bl	1000610c <memcpy>
10005d72:	e7f3      	b.n	10005d5c <_ff_push_n+0x4e>

10005d74 <_tu_fifo_write_n>:
10005d74:	e92d 43f0 	stmdb	sp!, {r4, r5, r6, r7, r8, r9, lr}
10005d78:	b083      	sub	sp, #12
10005d7a:	4691      	mov	r9, r2
10005d7c:	2a00      	cmp	r2, #0
10005d7e:	d068      	beq.n	10005e52 <_tu_fifo_write_n+0xde>
10005d80:	4604      	mov	r4, r0
10005d82:	4688      	mov	r8, r1
10005d84:	461f      	mov	r7, r3
10005d86:	68c0      	ldr	r0, [r0, #12]
10005d88:	b118      	cbz	r0, 10005d92 <_tu_fifo_write_n+0x1e>
10005d8a:	f04f 31ff 	mov.w	r1, #4294967295	@ 0xffffffff
10005d8e:	f000 fa67 	bl	10006260 <__mutex_enter_timeout_ms_veneer>
10005d92:	8926      	ldrh	r6, [r4, #8]
10005d94:	b2b6      	uxth	r6, r6
10005d96:	8961      	ldrh	r1, [r4, #10]
10005d98:	b289      	uxth	r1, r1
10005d9a:	79e3      	ldrb	r3, [r4, #7]
10005d9c:	09db      	lsrs	r3, r3, #7
10005d9e:	d118      	bne.n	10005dd2 <_tu_fifo_write_n+0x5e>
10005da0:	88a3      	ldrh	r3, [r4, #4]
10005da2:	428e      	cmp	r6, r1
10005da4:	d30d      	bcc.n	10005dc2 <_tu_fifo_write_n+0x4e>
10005da6:	1a71      	subs	r1, r6, r1
10005da8:	b289      	uxth	r1, r1
10005daa:	428b      	cmp	r3, r1
10005dac:	d90f      	bls.n	10005dce <_tu_fifo_write_n+0x5a>
10005dae:	1a5d      	subs	r5, r3, r1
10005db0:	b2ad      	uxth	r5, r5
10005db2:	454d      	cmp	r5, r9
10005db4:	bf28      	it	cs
10005db6:	464d      	movcs	r5, r9
10005db8:	2d00      	cmp	r5, #0
10005dba:	d042      	beq.n	10005e42 <_tu_fifo_write_n+0xce>
10005dbc:	88a2      	ldrh	r2, [r4, #4]
10005dbe:	4633      	mov	r3, r6
10005dc0:	e031      	b.n	10005e26 <_tu_fifo_write_n+0xb2>
10005dc2:	1a71      	subs	r1, r6, r1
10005dc4:	005a      	lsls	r2, r3, #1
10005dc6:	fa12 f181 	uxtah	r1, r2, r1
10005dca:	b289      	uxth	r1, r1
10005dcc:	e7ed      	b.n	10005daa <_tu_fifo_write_n+0x36>
10005dce:	2500      	movs	r5, #0
10005dd0:	e7ef      	b.n	10005db2 <_tu_fifo_write_n+0x3e>
10005dd2:	88a5      	ldrh	r5, [r4, #4]
10005dd4:	454d      	cmp	r5, r9
10005dd6:	d809      	bhi.n	10005dec <_tu_fifo_write_n+0x78>
10005dd8:	b9ff      	cbnz	r7, 10005e1a <_tu_fifo_write_n+0xa6>
10005dda:	eba9 0905 	sub.w	r9, r9, r5
10005dde:	88e3      	ldrh	r3, [r4, #6]
10005de0:	f3c3 030e 	ubfx	r3, r3, #0, #15
10005de4:	fb03 8809 	mla	r8, r3, r9, r8
10005de8:	460e      	mov	r6, r1
10005dea:	e7e5      	b.n	10005db8 <_tu_fifo_write_n+0x44>
10005dec:	428e      	cmp	r6, r1
10005dee:	d30e      	bcc.n	10005e0e <_tu_fifo_write_n+0x9a>
10005df0:	1a73      	subs	r3, r6, r1
10005df2:	b29b      	uxth	r3, r3
10005df4:	444b      	add	r3, r9
10005df6:	ebb3 0f45 	cmp.w	r3, r5, lsl #1
10005dfa:	db10      	blt.n	10005e1e <_tu_fifo_write_n+0xaa>
10005dfc:	eba5 0209 	sub.w	r2, r5, r9
10005e00:	b292      	uxth	r2, r2
10005e02:	4628      	mov	r0, r5
10005e04:	f7ff feb6 	bl	10005b74 <advance_index>
10005e08:	4606      	mov	r6, r0
10005e0a:	464d      	mov	r5, r9
10005e0c:	e7d4      	b.n	10005db8 <_tu_fifo_write_n+0x44>
10005e0e:	1a73      	subs	r3, r6, r1
10005e10:	006a      	lsls	r2, r5, #1
10005e12:	fa12 f383 	uxtah	r3, r2, r3
10005e16:	b29b      	uxth	r3, r3
10005e18:	e7ec      	b.n	10005df4 <_tu_fifo_write_n+0x80>
10005e1a:	460e      	mov	r6, r1
10005e1c:	e7cc      	b.n	10005db8 <_tu_fifo_write_n+0x44>
10005e1e:	464d      	mov	r5, r9
10005e20:	e7ca      	b.n	10005db8 <_tu_fifo_write_n+0x44>
10005e22:	1a9b      	subs	r3, r3, r2
10005e24:	b29b      	uxth	r3, r3
10005e26:	429a      	cmp	r2, r3
10005e28:	d9fb      	bls.n	10005e22 <_tu_fifo_write_n+0xae>
10005e2a:	9700      	str	r7, [sp, #0]
10005e2c:	462a      	mov	r2, r5
10005e2e:	4641      	mov	r1, r8
10005e30:	4620      	mov	r0, r4
10005e32:	f7ff ff6c 	bl	10005d0e <_ff_push_n>
10005e36:	462a      	mov	r2, r5
10005e38:	4631      	mov	r1, r6
10005e3a:	88a0      	ldrh	r0, [r4, #4]
10005e3c:	f7ff fe9a 	bl	10005b74 <advance_index>
10005e40:	8120      	strh	r0, [r4, #8]
10005e42:	68e0      	ldr	r0, [r4, #12]
10005e44:	b108      	cbz	r0, 10005e4a <_tu_fifo_write_n+0xd6>
10005e46:	f000 fa1f 	bl	10006288 <__mutex_exit_veneer>
10005e4a:	4628      	mov	r0, r5
10005e4c:	b003      	add	sp, #12
10005e4e:	e8bd 83f0 	ldmia.w	sp!, {r4, r5, r6, r7, r8, r9, pc}
10005e52:	4615      	mov	r5, r2
10005e54:	e7f9      	b.n	10005e4a <_tu_fifo_write_n+0xd6>

10005e56 <tu_fifo_config>:
10005e56:	f5b2 4f00 	cmp.w	r2, #32768	@ 0x8000
10005e5a:	d829      	bhi.n	10005eb0 <tu_fifo_config+0x5a>
10005e5c:	b5f8      	push	{r3, r4, r5, r6, r7, lr}
10005e5e:	4604      	mov	r4, r0
10005e60:	460f      	mov	r7, r1
10005e62:	4615      	mov	r5, r2
10005e64:	461e      	mov	r6, r3
10005e66:	68c0      	ldr	r0, [r0, #12]
10005e68:	b118      	cbz	r0, 10005e72 <tu_fifo_config+0x1c>
10005e6a:	f04f 31ff 	mov.w	r1, #4294967295	@ 0xffffffff
10005e6e:	f000 f9f7 	bl	10006260 <__mutex_enter_timeout_ms_veneer>
10005e72:	6920      	ldr	r0, [r4, #16]
10005e74:	b118      	cbz	r0, 10005e7e <tu_fifo_config+0x28>
10005e76:	f04f 31ff 	mov.w	r1, #4294967295	@ 0xffffffff
10005e7a:	f000 f9f1 	bl	10006260 <__mutex_enter_timeout_ms_veneer>
10005e7e:	6027      	str	r7, [r4, #0]
10005e80:	80a5      	strh	r5, [r4, #4]
10005e82:	88e3      	ldrh	r3, [r4, #6]
10005e84:	f366 030e 	bfi	r3, r6, #0, #15
10005e88:	80e3      	strh	r3, [r4, #6]
10005e8a:	79e3      	ldrb	r3, [r4, #7]
10005e8c:	f89d 2018 	ldrb.w	r2, [sp, #24]
10005e90:	f362 13c7 	bfi	r3, r2, #7, #1
10005e94:	71e3      	strb	r3, [r4, #7]
10005e96:	2300      	movs	r3, #0
10005e98:	8163      	strh	r3, [r4, #10]
10005e9a:	8123      	strh	r3, [r4, #8]
10005e9c:	68e0      	ldr	r0, [r4, #12]
10005e9e:	b108      	cbz	r0, 10005ea4 <tu_fifo_config+0x4e>
10005ea0:	f000 f9f2 	bl	10006288 <__mutex_exit_veneer>
10005ea4:	6920      	ldr	r0, [r4, #16]
10005ea6:	b128      	cbz	r0, 10005eb4 <tu_fifo_config+0x5e>
10005ea8:	f000 f9ee 	bl	10006288 <__mutex_exit_veneer>
10005eac:	2001      	movs	r0, #1
10005eae:	bdf8      	pop	{r3, r4, r5, r6, r7, pc}
10005eb0:	2000      	movs	r0, #0
10005eb2:	4770      	bx	lr
10005eb4:	2001      	movs	r0, #1
10005eb6:	e7fa      	b.n	10005eae <tu_fifo_config+0x58>

10005eb8 <tu_fifo_count>:
10005eb8:	4602      	mov	r2, r0
10005eba:	8880      	ldrh	r0, [r0, #4]
10005ebc:	8913      	ldrh	r3, [r2, #8]
10005ebe:	b29b      	uxth	r3, r3
10005ec0:	8952      	ldrh	r2, [r2, #10]
10005ec2:	b292      	uxth	r2, r2
10005ec4:	4293      	cmp	r3, r2
10005ec6:	d305      	bcc.n	10005ed4 <tu_fifo_count+0x1c>
10005ec8:	1a9b      	subs	r3, r3, r2
10005eca:	b29b      	uxth	r3, r3
10005ecc:	4298      	cmp	r0, r3
10005ece:	bf28      	it	cs
10005ed0:	4618      	movcs	r0, r3
10005ed2:	4770      	bx	lr
10005ed4:	1a9b      	subs	r3, r3, r2
10005ed6:	0042      	lsls	r2, r0, #1
10005ed8:	fa12 f383 	uxtah	r3, r2, r3
10005edc:	b29b      	uxth	r3, r3
10005ede:	e7f5      	b.n	10005ecc <tu_fifo_count+0x14>

10005ee0 <tu_fifo_empty>:
10005ee0:	8902      	ldrh	r2, [r0, #8]
10005ee2:	b292      	uxth	r2, r2
10005ee4:	8943      	ldrh	r3, [r0, #10]
10005ee6:	b29b      	uxth	r3, r3
10005ee8:	429a      	cmp	r2, r3
10005eea:	bf14      	ite	ne
10005eec:	2000      	movne	r0, #0
10005eee:	2001      	moveq	r0, #1
10005ef0:	4770      	bx	lr

10005ef2 <tu_fifo_full>:
10005ef2:	8881      	ldrh	r1, [r0, #4]
10005ef4:	8903      	ldrh	r3, [r0, #8]
10005ef6:	b29b      	uxth	r3, r3
10005ef8:	8942      	ldrh	r2, [r0, #10]
10005efa:	b292      	uxth	r2, r2
10005efc:	4293      	cmp	r3, r2
10005efe:	d306      	bcc.n	10005f0e <tu_fifo_full+0x1c>
10005f00:	1a9b      	subs	r3, r3, r2
10005f02:	b298      	uxth	r0, r3
10005f04:	4281      	cmp	r1, r0
10005f06:	bf8c      	ite	hi
10005f08:	2000      	movhi	r0, #0
10005f0a:	2001      	movls	r0, #1
10005f0c:	4770      	bx	lr
10005f0e:	1a9b      	subs	r3, r3, r2
10005f10:	004a      	lsls	r2, r1, #1
10005f12:	fa12 f383 	uxtah	r3, r2, r3
10005f16:	b298      	uxth	r0, r3
10005f18:	e7f4      	b.n	10005f04 <tu_fifo_full+0x12>

10005f1a <tu_fifo_remaining>:
10005f1a:	8882      	ldrh	r2, [r0, #4]
10005f1c:	8903      	ldrh	r3, [r0, #8]
10005f1e:	b29b      	uxth	r3, r3
10005f20:	8941      	ldrh	r1, [r0, #10]
10005f22:	b289      	uxth	r1, r1
10005f24:	428b      	cmp	r3, r1
10005f26:	d306      	bcc.n	10005f36 <tu_fifo_remaining+0x1c>
10005f28:	1a5b      	subs	r3, r3, r1
10005f2a:	b29b      	uxth	r3, r3
10005f2c:	429a      	cmp	r2, r3
10005f2e:	d908      	bls.n	10005f42 <tu_fifo_remaining+0x28>
10005f30:	1ad0      	subs	r0, r2, r3
10005f32:	b280      	uxth	r0, r0
10005f34:	4770      	bx	lr
10005f36:	1a5b      	subs	r3, r3, r1
10005f38:	0051      	lsls	r1, r2, #1
10005f3a:	fa11 f383 	uxtah	r3, r1, r3
10005f3e:	b29b      	uxth	r3, r3
10005f40:	e7f4      	b.n	10005f2c <tu_fifo_remaining+0x12>
10005f42:	2000      	movs	r0, #0
10005f44:	4770      	bx	lr

10005f46 <tu_fifo_read>:
10005f46:	b538      	push	{r3, r4, r5, lr}
10005f48:	4604      	mov	r4, r0
10005f4a:	460d      	mov	r5, r1
10005f4c:	6900      	ldr	r0, [r0, #16]
10005f4e:	b118      	cbz	r0, 10005f58 <tu_fifo_read+0x12>
10005f50:	f04f 31ff 	mov.w	r1, #4294967295	@ 0xffffffff
10005f54:	f000 f984 	bl	10006260 <__mutex_enter_timeout_ms_veneer>
10005f58:	8922      	ldrh	r2, [r4, #8]
10005f5a:	8963      	ldrh	r3, [r4, #10]
10005f5c:	b29b      	uxth	r3, r3
10005f5e:	b292      	uxth	r2, r2
10005f60:	4629      	mov	r1, r5
10005f62:	4620      	mov	r0, r4
10005f64:	f7ff fe13 	bl	10005b8e <_tu_fifo_peek>
10005f68:	4605      	mov	r5, r0
10005f6a:	8961      	ldrh	r1, [r4, #10]
10005f6c:	4602      	mov	r2, r0
10005f6e:	b289      	uxth	r1, r1
10005f70:	88a0      	ldrh	r0, [r4, #4]
10005f72:	f7ff fdff 	bl	10005b74 <advance_index>
10005f76:	8160      	strh	r0, [r4, #10]
10005f78:	6920      	ldr	r0, [r4, #16]
10005f7a:	b108      	cbz	r0, 10005f80 <tu_fifo_read+0x3a>
10005f7c:	f000 f984 	bl	10006288 <__mutex_exit_veneer>
10005f80:	4628      	mov	r0, r5
10005f82:	bd38      	pop	{r3, r4, r5, pc}

10005f84 <tu_fifo_read_n>:
10005f84:	b508      	push	{r3, lr}
10005f86:	2300      	movs	r3, #0
10005f88:	f7ff fe9b 	bl	10005cc2 <_tu_fifo_read_n>
10005f8c:	bd08      	pop	{r3, pc}

10005f8e <tu_fifo_write>:
10005f8e:	b5f8      	push	{r3, r4, r5, r6, r7, lr}
10005f90:	4604      	mov	r4, r0
10005f92:	460e      	mov	r6, r1
10005f94:	68c0      	ldr	r0, [r0, #12]
10005f96:	b118      	cbz	r0, 10005fa0 <tu_fifo_write+0x12>
10005f98:	f04f 31ff 	mov.w	r1, #4294967295	@ 0xffffffff
10005f9c:	f000 f960 	bl	10006260 <__mutex_enter_timeout_ms_veneer>
10005fa0:	8925      	ldrh	r5, [r4, #8]
10005fa2:	b2ad      	uxth	r5, r5
10005fa4:	4620      	mov	r0, r4
10005fa6:	f7ff ffa4 	bl	10005ef2 <tu_fifo_full>
10005faa:	b110      	cbz	r0, 10005fb2 <tu_fifo_write+0x24>
10005fac:	79e7      	ldrb	r7, [r4, #7]
10005fae:	09ff      	lsrs	r7, r7, #7
10005fb0:	d016      	beq.n	10005fe0 <tu_fifo_write+0x52>
10005fb2:	88a2      	ldrh	r2, [r4, #4]
10005fb4:	462b      	mov	r3, r5
10005fb6:	e001      	b.n	10005fbc <tu_fifo_write+0x2e>
10005fb8:	1a9b      	subs	r3, r3, r2
10005fba:	b29b      	uxth	r3, r3
10005fbc:	429a      	cmp	r2, r3
10005fbe:	d9fb      	bls.n	10005fb8 <tu_fifo_write+0x2a>
10005fc0:	6820      	ldr	r0, [r4, #0]
10005fc2:	88e2      	ldrh	r2, [r4, #6]
10005fc4:	f3c2 020e 	ubfx	r2, r2, #0, #15
10005fc8:	4631      	mov	r1, r6
10005fca:	fb02 0003 	mla	r0, r2, r3, r0
10005fce:	f000 f89d 	bl	1000610c <memcpy>
10005fd2:	2201      	movs	r2, #1
10005fd4:	4629      	mov	r1, r5
10005fd6:	88a0      	ldrh	r0, [r4, #4]
10005fd8:	f7ff fdcc 	bl	10005b74 <advance_index>
10005fdc:	8120      	strh	r0, [r4, #8]
10005fde:	2701      	movs	r7, #1
10005fe0:	68e0      	ldr	r0, [r4, #12]
10005fe2:	b108      	cbz	r0, 10005fe8 <tu_fifo_write+0x5a>
10005fe4:	f000 f950 	bl	10006288 <__mutex_exit_veneer>
10005fe8:	4638      	mov	r0, r7
10005fea:	bdf8      	pop	{r3, r4, r5, r6, r7, pc}

10005fec <tu_fifo_write_n>:
10005fec:	b508      	push	{r3, lr}
10005fee:	2300      	movs	r3, #0
10005ff0:	f7ff fec0 	bl	10005d74 <_tu_fifo_write_n>
10005ff4:	bd08      	pop	{r3, pc}

10005ff6 <tu_fifo_clear>:
10005ff6:	b510      	push	{r4, lr}
10005ff8:	4604      	mov	r4, r0
10005ffa:	68c0      	ldr	r0, [r0, #12]
10005ffc:	b118      	cbz	r0, 10006006 <tu_fifo_clear+0x10>
10005ffe:	f04f 31ff 	mov.w	r1, #4294967295	@ 0xffffffff
10006002:	f000 f92d 	bl	10006260 <__mutex_enter_timeout_ms_veneer>
10006006:	6920      	ldr	r0, [r4, #16]
10006008:	b118      	cbz	r0, 10006012 <tu_fifo_clear+0x1c>
1000600a:	f04f 31ff 	mov.w	r1, #4294967295	@ 0xffffffff
1000600e:	f000 f927 	bl	10006260 <__mutex_enter_timeout_ms_veneer>
10006012:	2300      	movs	r3, #0
10006014:	8163      	strh	r3, [r4, #10]
10006016:	8123      	strh	r3, [r4, #8]
10006018:	68e0      	ldr	r0, [r4, #12]
1000601a:	b108      	cbz	r0, 10006020 <tu_fifo_clear+0x2a>
1000601c:	f000 f934 	bl	10006288 <__mutex_exit_veneer>
10006020:	6920      	ldr	r0, [r4, #16]
10006022:	b108      	cbz	r0, 10006028 <tu_fifo_clear+0x32>
10006024:	f000 f930 	bl	10006288 <__mutex_exit_veneer>
10006028:	2001      	movs	r0, #1
1000602a:	bd10      	pop	{r4, pc}

1000602c <tu_fifo_set_overwritable>:
1000602c:	b538      	push	{r3, r4, r5, lr}
1000602e:	4604      	mov	r4, r0
10006030:	460d      	mov	r5, r1
10006032:	68c0      	ldr	r0, [r0, #12]
10006034:	b118      	cbz	r0, 1000603e <tu_fifo_set_overwritable+0x12>
10006036:	f04f 31ff 	mov.w	r1, #4294967295	@ 0xffffffff
1000603a:	f000 f911 	bl	10006260 <__mutex_enter_timeout_ms_veneer>
1000603e:	6920      	ldr	r0, [r4, #16]
10006040:	b118      	cbz	r0, 1000604a <tu_fifo_set_overwritable+0x1e>
10006042:	f04f 31ff 	mov.w	r1, #4294967295	@ 0xffffffff
10006046:	f000 f90b 	bl	10006260 <__mutex_enter_timeout_ms_veneer>
1000604a:	79e3      	ldrb	r3, [r4, #7]
1000604c:	f365 13c7 	bfi	r3, r5, #7, #1
10006050:	71e3      	strb	r3, [r4, #7]
10006052:	68e0      	ldr	r0, [r4, #12]
10006054:	b108      	cbz	r0, 1000605a <tu_fifo_set_overwritable+0x2e>
10006056:	f000 f917 	bl	10006288 <__mutex_exit_veneer>
1000605a:	6920      	ldr	r0, [r4, #16]
1000605c:	b108      	cbz	r0, 10006062 <tu_fifo_set_overwritable+0x36>
1000605e:	f000 f913 	bl	10006288 <__mutex_exit_veneer>
10006062:	2001      	movs	r0, #1
10006064:	bd38      	pop	{r3, r4, r5, pc}
	...

10006068 <memset>:
10006068:	b570      	push	{r4, r5, r6, lr}
1000606a:	0786      	lsls	r6, r0, #30
1000606c:	d047      	beq.n	100060fe <memset+0x96>
1000606e:	1e54      	subs	r4, r2, #1
10006070:	2a00      	cmp	r2, #0
10006072:	d03e      	beq.n	100060f2 <memset+0x8a>
10006074:	b2ca      	uxtb	r2, r1
10006076:	4603      	mov	r3, r0
10006078:	e001      	b.n	1000607e <memset+0x16>
1000607a:	3c01      	subs	r4, #1
1000607c:	d339      	bcc.n	100060f2 <memset+0x8a>
1000607e:	f803 2b01 	strb.w	r2, [r3], #1
10006082:	079d      	lsls	r5, r3, #30
10006084:	d1f9      	bne.n	1000607a <memset+0x12>
10006086:	2c03      	cmp	r4, #3
10006088:	d92c      	bls.n	100060e4 <memset+0x7c>
1000608a:	b2cd      	uxtb	r5, r1
1000608c:	2c0f      	cmp	r4, #15
1000608e:	eb05 2505 	add.w	r5, r5, r5, lsl #8
10006092:	eb05 4505 	add.w	r5, r5, r5, lsl #16
10006096:	d935      	bls.n	10006104 <memset+0x9c>
10006098:	f1a4 0c10 	sub.w	ip, r4, #16
1000609c:	f103 0e10 	add.w	lr, r3, #16
100060a0:	461a      	mov	r2, r3
100060a2:	f02c 060f 	bic.w	r6, ip, #15
100060a6:	ea4f 1c1c 	mov.w	ip, ip, lsr #4
100060aa:	44b6      	add	lr, r6
100060ac:	e9c2 5500 	strd	r5, r5, [r2]
100060b0:	e9c2 5502 	strd	r5, r5, [r2, #8]
100060b4:	3210      	adds	r2, #16
100060b6:	4572      	cmp	r2, lr
100060b8:	d1f8      	bne.n	100060ac <memset+0x44>
100060ba:	f10c 0201 	add.w	r2, ip, #1
100060be:	f014 0f0c 	tst.w	r4, #12
100060c2:	f004 0c0f 	and.w	ip, r4, #15
100060c6:	eb03 1202 	add.w	r2, r3, r2, lsl #4
100060ca:	d013      	beq.n	100060f4 <memset+0x8c>
100060cc:	f1ac 0304 	sub.w	r3, ip, #4
100060d0:	f023 0303 	bic.w	r3, r3, #3
100060d4:	3304      	adds	r3, #4
100060d6:	4413      	add	r3, r2
100060d8:	f842 5b04 	str.w	r5, [r2], #4
100060dc:	4293      	cmp	r3, r2
100060de:	d1fb      	bne.n	100060d8 <memset+0x70>
100060e0:	f00c 0403 	and.w	r4, ip, #3
100060e4:	b12c      	cbz	r4, 100060f2 <memset+0x8a>
100060e6:	b2c9      	uxtb	r1, r1
100060e8:	441c      	add	r4, r3
100060ea:	f803 1b01 	strb.w	r1, [r3], #1
100060ee:	42a3      	cmp	r3, r4
100060f0:	d1fb      	bne.n	100060ea <memset+0x82>
100060f2:	bd70      	pop	{r4, r5, r6, pc}
100060f4:	4664      	mov	r4, ip
100060f6:	4613      	mov	r3, r2
100060f8:	2c00      	cmp	r4, #0
100060fa:	d1f4      	bne.n	100060e6 <memset+0x7e>
100060fc:	e7f9      	b.n	100060f2 <memset+0x8a>
100060fe:	4603      	mov	r3, r0
10006100:	4614      	mov	r4, r2
10006102:	e7c0      	b.n	10006086 <memset+0x1e>
10006104:	461a      	mov	r2, r3
10006106:	46a4      	mov	ip, r4
10006108:	e7e0      	b.n	100060cc <memset+0x64>
1000610a:	bf00      	nop

1000610c <memcpy>:
1000610c:	4684      	mov	ip, r0
1000610e:	ea41 0300 	orr.w	r3, r1, r0
10006112:	f013 0303 	ands.w	r3, r3, #3
10006116:	d149      	bne.n	100061ac <memcpy+0xa0>
10006118:	3a40      	subs	r2, #64	@ 0x40
1000611a:	d323      	bcc.n	10006164 <memcpy+0x58>
1000611c:	680b      	ldr	r3, [r1, #0]
1000611e:	6003      	str	r3, [r0, #0]
10006120:	684b      	ldr	r3, [r1, #4]
10006122:	6043      	str	r3, [r0, #4]
10006124:	688b      	ldr	r3, [r1, #8]
10006126:	6083      	str	r3, [r0, #8]
10006128:	68cb      	ldr	r3, [r1, #12]
1000612a:	60c3      	str	r3, [r0, #12]
1000612c:	690b      	ldr	r3, [r1, #16]
1000612e:	6103      	str	r3, [r0, #16]
10006130:	694b      	ldr	r3, [r1, #20]
10006132:	6143      	str	r3, [r0, #20]
10006134:	698b      	ldr	r3, [r1, #24]
10006136:	6183      	str	r3, [r0, #24]
10006138:	69cb      	ldr	r3, [r1, #28]
1000613a:	61c3      	str	r3, [r0, #28]
1000613c:	6a0b      	ldr	r3, [r1, #32]
1000613e:	6203      	str	r3, [r0, #32]
10006140:	6a4b      	ldr	r3, [r1, #36]	@ 0x24
10006142:	6243      	str	r3, [r0, #36]	@ 0x24
10006144:	6a8b      	ldr	r3, [r1, #40]	@ 0x28
10006146:	6283      	str	r3, [r0, #40]	@ 0x28
10006148:	6acb      	ldr	r3, [r1, #44]	@ 0x2c
1000614a:	62c3      	str	r3, [r0, #44]	@ 0x2c
1000614c:	6b0b      	ldr	r3, [r1, #48]	@ 0x30
1000614e:	6303      	str	r3, [r0, #48]	@ 0x30
10006150:	6b4b      	ldr	r3, [r1, #52]	@ 0x34
10006152:	6343      	str	r3, [r0, #52]	@ 0x34
10006154:	6b8b      	ldr	r3, [r1, #56]	@ 0x38
10006156:	6383      	str	r3, [r0, #56]	@ 0x38
10006158:	6bcb      	ldr	r3, [r1, #60]	@ 0x3c
1000615a:	63c3      	str	r3, [r0, #60]	@ 0x3c
1000615c:	3040      	adds	r0, #64	@ 0x40
1000615e:	3140      	adds	r1, #64	@ 0x40
10006160:	3a40      	subs	r2, #64	@ 0x40
10006162:	d2db      	bcs.n	1000611c <memcpy+0x10>
10006164:	3230      	adds	r2, #48	@ 0x30
10006166:	d30b      	bcc.n	10006180 <memcpy+0x74>
10006168:	680b      	ldr	r3, [r1, #0]
1000616a:	6003      	str	r3, [r0, #0]
1000616c:	684b      	ldr	r3, [r1, #4]
1000616e:	6043      	str	r3, [r0, #4]
10006170:	688b      	ldr	r3, [r1, #8]
10006172:	6083      	str	r3, [r0, #8]
10006174:	68cb      	ldr	r3, [r1, #12]
10006176:	60c3      	str	r3, [r0, #12]
10006178:	3010      	adds	r0, #16
1000617a:	3110      	adds	r1, #16
1000617c:	3a10      	subs	r2, #16
1000617e:	d2f3      	bcs.n	10006168 <memcpy+0x5c>
10006180:	320c      	adds	r2, #12
10006182:	d305      	bcc.n	10006190 <memcpy+0x84>
10006184:	f851 3b04 	ldr.w	r3, [r1], #4
10006188:	f840 3b04 	str.w	r3, [r0], #4
1000618c:	3a04      	subs	r2, #4
1000618e:	d2f9      	bcs.n	10006184 <memcpy+0x78>
10006190:	3204      	adds	r2, #4
10006192:	d008      	beq.n	100061a6 <memcpy+0x9a>
10006194:	07d2      	lsls	r2, r2, #31
10006196:	bf1c      	itt	ne
10006198:	f811 3b01 	ldrbne.w	r3, [r1], #1
1000619c:	f800 3b01 	strbne.w	r3, [r0], #1
100061a0:	d301      	bcc.n	100061a6 <memcpy+0x9a>
100061a2:	880b      	ldrh	r3, [r1, #0]
100061a4:	8003      	strh	r3, [r0, #0]
100061a6:	4660      	mov	r0, ip
100061a8:	4770      	bx	lr
100061aa:	bf00      	nop
100061ac:	2a08      	cmp	r2, #8
100061ae:	d313      	bcc.n	100061d8 <memcpy+0xcc>
100061b0:	078b      	lsls	r3, r1, #30
100061b2:	d0b1      	beq.n	10006118 <memcpy+0xc>
100061b4:	f010 0303 	ands.w	r3, r0, #3
100061b8:	d0ae      	beq.n	10006118 <memcpy+0xc>
100061ba:	f1c3 0304 	rsb	r3, r3, #4
100061be:	1ad2      	subs	r2, r2, r3
100061c0:	07db      	lsls	r3, r3, #31
100061c2:	bf1c      	itt	ne
100061c4:	f811 3b01 	ldrbne.w	r3, [r1], #1
100061c8:	f800 3b01 	strbne.w	r3, [r0], #1
100061cc:	d3a4      	bcc.n	10006118 <memcpy+0xc>
100061ce:	f831 3b02 	ldrh.w	r3, [r1], #2
100061d2:	f820 3b02 	strh.w	r3, [r0], #2
100061d6:	e79f      	b.n	10006118 <memcpy+0xc>
100061d8:	3a04      	subs	r2, #4
100061da:	d3d9      	bcc.n	10006190 <memcpy+0x84>
100061dc:	3a01      	subs	r2, #1
100061de:	f811 3b01 	ldrb.w	r3, [r1], #1
100061e2:	f800 3b01 	strb.w	r3, [r0], #1
100061e6:	d2f9      	bcs.n	100061dc <memcpy+0xd0>
100061e8:	780b      	ldrb	r3, [r1, #0]
100061ea:	7003      	strb	r3, [r0, #0]
100061ec:	784b      	ldrb	r3, [r1, #1]
100061ee:	7043      	strb	r3, [r0, #1]
100061f0:	788b      	ldrb	r3, [r1, #2]
100061f2:	7083      	strb	r3, [r0, #2]
100061f4:	4660      	mov	r0, ip
100061f6:	4770      	bx	lr

100061f8 <strlen>:
100061f8:	f020 0103 	bic.w	r1, r0, #3
100061fc:	f010 0003 	ands.w	r0, r0, #3
10006200:	f1c0 0000 	rsb	r0, r0, #0
10006204:	f851 3b04 	ldr.w	r3, [r1], #4
10006208:	f100 0c04 	add.w	ip, r0, #4
1000620c:	ea4f 0ccc 	mov.w	ip, ip, lsl #3
10006210:	f06f 0200 	mvn.w	r2, #0
10006214:	bf1c      	itt	ne
10006216:	fa22 f20c 	lsrne.w	r2, r2, ip
1000621a:	4313      	orrne	r3, r2
1000621c:	f04f 0c01 	mov.w	ip, #1
10006220:	ea4c 2c0c 	orr.w	ip, ip, ip, lsl #8
10006224:	ea4c 4c0c 	orr.w	ip, ip, ip, lsl #16
10006228:	eba3 020c 	sub.w	r2, r3, ip
1000622c:	ea22 0203 	bic.w	r2, r2, r3
10006230:	ea12 12cc 	ands.w	r2, r2, ip, lsl #7
10006234:	bf04      	itt	eq
10006236:	f851 3b04 	ldreq.w	r3, [r1], #4
1000623a:	3004      	addeq	r0, #4
1000623c:	d0f4      	beq.n	10006228 <strlen+0x30>
1000623e:	f1c2 0100 	rsb	r1, r2, #0
10006242:	ea02 0201 	and.w	r2, r2, r1
10006246:	fab2 f282 	clz	r2, r2
1000624a:	f1c2 021f 	rsb	r2, r2, #31
1000624e:	eb00 00d2 	add.w	r0, r0, r2, lsr #3
10006252:	4770      	bx	lr

10006254 <_fini>:
10006254:	b5f8      	push	{r3, r4, r5, r6, r7, lr}
10006256:	bf00      	nop

10006258 <__hw_endpoint_reset_transfer_veneer>:
10006258:	f85f f000 	ldr.w	pc, [pc]	@ 1000625c <__hw_endpoint_reset_transfer_veneer+0x4>
1000625c:	200006e3 	.word	0x200006e3

10006260 <__mutex_enter_timeout_ms_veneer>:
10006260:	f85f f000 	ldr.w	pc, [pc]	@ 10006264 <__mutex_enter_timeout_ms_veneer+0x4>
10006264:	2000021f 	.word	0x2000021f

10006268 <__reset_non_control_endpoints_veneer>:
10006268:	f85f f000 	ldr.w	pc, [pc]	@ 1000626c <__reset_non_control_endpoints_veneer+0x4>
1000626c:	200002c9 	.word	0x200002c9

10006270 <__hw_endpoint_start_next_buffer_veneer>:
10006270:	f85f f000 	ldr.w	pc, [pc]	@ 10006274 <__hw_endpoint_start_next_buffer_veneer+0x4>
10006274:	2000073d 	.word	0x2000073d

10006278 <__e15_is_bulkin_ep_veneer>:
10006278:	f85f f000 	ldr.w	pc, [pc]	@ 1000627c <__e15_is_bulkin_ep_veneer+0x4>
1000627c:	200005e9 	.word	0x200005e9

10006280 <____aeabi_uldivmod_veneer>:
10006280:	f85f f000 	ldr.w	pc, [pc]	@ 10006284 <____aeabi_uldivmod_veneer+0x4>
10006284:	20000a41 	.word	0x20000a41

10006288 <__mutex_exit_veneer>:
10006288:	f85f f000 	ldr.w	pc, [pc]	@ 1000628c <__mutex_exit_veneer+0x4>
1000628c:	20000271 	.word	0x20000271

10006290 <__e15_is_critical_frame_period_veneer>:
10006290:	f85f f000 	ldr.w	pc, [pc]	@ 10006294 <__e15_is_critical_frame_period_veneer+0x4>
10006294:	20000615 	.word	0x20000615

10006298 <___hw_endpoint_buffer_control_update32_veneer>:
10006298:	f85f f000 	ldr.w	pc, [pc]	@ 1000629c <___hw_endpoint_buffer_control_update32_veneer+0x4>
1000629c:	200006f1 	.word	0x200006f1

100062a0 <__mutex_try_enter_block_until_veneer>:
100062a0:	f85f f000 	ldr.w	pc, [pc]	@ 100062a4 <__mutex_try_enter_block_until_veneer+0x4>
100062a4:	200001ed 	.word	0x200001ed

100062a8 <__mutex_try_enter_veneer>:
100062a8:	f85f f000 	ldr.w	pc, [pc]	@ 100062ac <__mutex_try_enter_veneer+0x4>
100062ac:	20000111 	.word	0x20000111

100062b0 <__pre_init_runtime_init_bootrom_reset>:
100062b0:	10001865                                e...

100062b4 <__pre_init_runtime_init_early_resets>:
100062b4:	100017dd                                ....

100062b8 <__pre_init_runtime_init_usb_power_down>:
100062b8:	10001809                                ....

100062bc <__pre_init_runtime_init_clocks>:
100062bc:	10001901                                ....

100062c0 <__pre_init_runtime_init_post_clock_resets>:
100062c0:	10001845                                E...

100062c4 <__pre_init_runtime_init_boot_locks_reset>:
100062c4:	10001781                                ....

100062c8 <__pre_init_runtime_init_spin_locks_reset>:
100062c8:	10001889                                ....

100062cc <__pre_init_runtime_init_bootrom_locking_enable>:
100062cc:	1000174d                                M...

100062d0 <__pre_init_runtime_init_mutex>:
100062d0:	10000aed                                ....

100062d4 <__pre_init_runtime_init_install_ram_vector_table>:
100062d4:	10001891                                ....

100062d8 <__pre_init_runtime_init_default_alarm_pool>:
100062d8:	10001365                                e...

100062dc <__pre_init_first_per_core_initializer>:
100062dc:	100017c9                                ....

100062e0 <__pre_init_runtime_init_per_core_bootrom_reset>:
100062e0:	10001877                                w...

100062e4 <__pre_init_runtime_init_per_core_enable_coprocessors>:
100062e4:	10001829                                )...

100062e8 <__pre_init_spinlock_set_extexclall>:
100062e8:	1000056d                                m...

100062ec <__pre_init_runtime_init_per_core_irq_priorities>:
100062ec:	100005c5                                ....

100062f0 <__init_array_start>:
100062f0:	100036f5 	.word	0x100036f5

100062f4 <__frame_dummy_init_array_entry>:
100062f4:	10000211                                ....

Disassembly of section .data:

20000110 <mutex_try_enter>:
20000110:	b500      	push	{lr}
20000112:	4603      	mov	r3, r0
20000114:	6800      	ldr	r0, [r0, #0]
20000116:	f3ef 8210 	mrs	r2, PRIMASK
2000011a:	b672      	cpsid	i
2000011c:	e8d0 efcf 	ldaexb	lr, [r0]
20000120:	f05f 0c01 	movs.w	ip, #1
20000124:	f1be 0f00 	cmp.w	lr, #0
20000128:	d1f8      	bne.n	2000011c <mutex_try_enter+0xc>
2000012a:	e8c0 cf4e 	strexb	lr, ip, [r0]
2000012e:	f1be 0f00 	cmp.w	lr, #0
20000132:	d1f3      	bne.n	2000011c <mutex_try_enter+0xc>
20000134:	f3bf 8f5f 	dmb	sy
20000138:	f993 0004 	ldrsb.w	r0, [r3, #4]
2000013c:	2800      	cmp	r0, #0
2000013e:	db0a      	blt.n	20000156 <mutex_try_enter+0x46>
20000140:	b181      	cbz	r1, 20000164 <mutex_try_enter+0x54>
20000142:	6008      	str	r0, [r1, #0]
20000144:	2000      	movs	r0, #0
20000146:	6819      	ldr	r1, [r3, #0]
20000148:	2300      	movs	r3, #0
2000014a:	e8c1 3f8f 	stlb	r3, [r1]
2000014e:	f382 8810 	msr	PRIMASK, r2
20000152:	f85d fb04 	ldr.w	pc, [sp], #4
20000156:	f04f 4150 	mov.w	r1, #3489660928	@ 0xd0000000
2000015a:	f991 1000 	ldrsb.w	r1, [r1]
2000015e:	7119      	strb	r1, [r3, #4]
20000160:	2001      	movs	r0, #1
20000162:	e7f0      	b.n	20000146 <mutex_try_enter+0x36>
20000164:	2000      	movs	r0, #0
20000166:	e7ee      	b.n	20000146 <mutex_try_enter+0x36>

20000168 <mutex_enter_block_until>:
20000168:	b5f8      	push	{r3, r4, r5, r6, r7, lr}
2000016a:	461e      	mov	r6, r3
2000016c:	6803      	ldr	r3, [r0, #0]
2000016e:	2b00      	cmp	r3, #0
20000170:	d027      	beq.n	200001c2 <mutex_enter_block_until+0x5a>
20000172:	4604      	mov	r4, r0
20000174:	4615      	mov	r5, r2
20000176:	f04f 4350 	mov.w	r3, #3489660928	@ 0xd0000000
2000017a:	f993 7000 	ldrsb.w	r7, [r3]
2000017e:	6821      	ldr	r1, [r4, #0]
20000180:	f3ef 8c10 	mrs	ip, PRIMASK
20000184:	b672      	cpsid	i
20000186:	e8d1 2fcf 	ldaexb	r2, [r1]
2000018a:	2301      	movs	r3, #1
2000018c:	2a00      	cmp	r2, #0
2000018e:	d1fa      	bne.n	20000186 <mutex_enter_block_until+0x1e>
20000190:	e8c1 3f42 	strexb	r2, r3, [r1]
20000194:	2a00      	cmp	r2, #0
20000196:	d1f6      	bne.n	20000186 <mutex_enter_block_until+0x1e>
20000198:	f3bf 8f5f 	dmb	sy
2000019c:	f994 e004 	ldrsb.w	lr, [r4, #4]
200001a0:	f1be 0f00 	cmp.w	lr, #0
200001a4:	db13      	blt.n	200001ce <mutex_enter_block_until+0x66>
200001a6:	6822      	ldr	r2, [r4, #0]
200001a8:	2300      	movs	r3, #0
200001aa:	e8c2 3f8f 	stlb	r3, [r2]
200001ae:	f38c 8810 	msr	PRIMASK, ip
200001b2:	4628      	mov	r0, r5
200001b4:	4631      	mov	r1, r6
200001b6:	f000 fdf3 	bl	20000da0 <__best_effort_wfe_or_timeout_veneer>
200001ba:	2800      	cmp	r0, #0
200001bc:	d0df      	beq.n	2000017e <mutex_enter_block_until+0x16>
200001be:	2000      	movs	r0, #0
200001c0:	e00d      	b.n	200001de <mutex_enter_block_until+0x76>
200001c2:	4b07      	ldr	r3, [pc, #28]	@ (200001e0 <mutex_enter_block_until+0x78>)
200001c4:	4a07      	ldr	r2, [pc, #28]	@ (200001e4 <mutex_enter_block_until+0x7c>)
200001c6:	21a6      	movs	r1, #166	@ 0xa6
200001c8:	4807      	ldr	r0, [pc, #28]	@ (200001e8 <mutex_enter_block_until+0x80>)
200001ca:	f000 fdf1 	bl	20000db0 <____assert_func_veneer>
200001ce:	7127      	strb	r7, [r4, #4]
200001d0:	6822      	ldr	r2, [r4, #0]
200001d2:	2300      	movs	r3, #0
200001d4:	e8c2 3f8f 	stlb	r3, [r2]
200001d8:	f38c 8810 	msr	PRIMASK, ip
200001dc:	2001      	movs	r0, #1
200001de:	bdf8      	pop	{r3, r4, r5, r6, r7, pc}
200001e0:	100065b8 	.word	0x100065b8
200001e4:	10006c30 	.word	0x10006c30
200001e8:	10006570 	.word	0x10006570

200001ec <mutex_try_enter_block_until>:
200001ec:	b570      	push	{r4, r5, r6, lr}
200001ee:	b082      	sub	sp, #8
200001f0:	4606      	mov	r6, r0
200001f2:	4615      	mov	r5, r2
200001f4:	461c      	mov	r4, r3
200001f6:	a901      	add	r1, sp, #4
200001f8:	f7ff ff8a 	bl	20000110 <mutex_try_enter>
200001fc:	b938      	cbnz	r0, 2000020e <mutex_try_enter_block_until+0x22>
200001fe:	f99d 2004 	ldrsb.w	r2, [sp, #4]
20000202:	f04f 4350 	mov.w	r3, #3489660928	@ 0xd0000000
20000206:	f993 3000 	ldrsb.w	r3, [r3]
2000020a:	429a      	cmp	r2, r3
2000020c:	d101      	bne.n	20000212 <mutex_try_enter_block_until+0x26>
2000020e:	b002      	add	sp, #8
20000210:	bd70      	pop	{r4, r5, r6, pc}
20000212:	462a      	mov	r2, r5
20000214:	4623      	mov	r3, r4
20000216:	4630      	mov	r0, r6
20000218:	f7ff ffa6 	bl	20000168 <mutex_enter_block_until>
2000021c:	e7f7      	b.n	2000020e <mutex_try_enter_block_until+0x22>

2000021e <mutex_enter_timeout_ms>:
2000021e:	b538      	push	{r3, r4, r5, lr}
20000220:	4604      	mov	r4, r0
20000222:	460d      	mov	r5, r1
20000224:	f000 fda8 	bl	20000d78 <__time_us_64_veneer>
20000228:	0eeb      	lsrs	r3, r5, #27
2000022a:	ea4f 1c45 	mov.w	ip, r5, lsl #5
2000022e:	ebbc 0c05 	subs.w	ip, ip, r5
20000232:	f163 0300 	sbc.w	r3, r3, #0
20000236:	009b      	lsls	r3, r3, #2
20000238:	ea43 739c 	orr.w	r3, r3, ip, lsr #30
2000023c:	ea4f 0c8c 	mov.w	ip, ip, lsl #2
20000240:	eb1c 0c05 	adds.w	ip, ip, r5
20000244:	f143 0300 	adc.w	r3, r3, #0
20000248:	00db      	lsls	r3, r3, #3
2000024a:	ea43 735c 	orr.w	r3, r3, ip, lsr #29
2000024e:	ea4f 0ccc 	mov.w	ip, ip, lsl #3
20000252:	eb10 020c 	adds.w	r2, r0, ip
20000256:	eb43 0301 	adc.w	r3, r3, r1
2000025a:	2b00      	cmp	r3, #0
2000025c:	db03      	blt.n	20000266 <mutex_enter_timeout_ms+0x48>
2000025e:	4620      	mov	r0, r4
20000260:	f7ff ff82 	bl	20000168 <mutex_enter_block_until>
20000264:	bd38      	pop	{r3, r4, r5, pc}
20000266:	f04f 32ff 	mov.w	r2, #4294967295	@ 0xffffffff
2000026a:	f06f 4300 	mvn.w	r3, #2147483648	@ 0x80000000
2000026e:	e7f6      	b.n	2000025e <mutex_enter_timeout_ms+0x40>

20000270 <mutex_exit>:
20000270:	b508      	push	{r3, lr}
20000272:	6802      	ldr	r2, [r0, #0]
20000274:	f3ef 8310 	mrs	r3, PRIMASK
20000278:	b672      	cpsid	i
2000027a:	e8d2 cfcf 	ldaexb	ip, [r2]
2000027e:	2101      	movs	r1, #1
20000280:	f1bc 0f00 	cmp.w	ip, #0
20000284:	d1f9      	bne.n	2000027a <mutex_exit+0xa>
20000286:	e8c2 1f4c 	strexb	ip, r1, [r2]
2000028a:	f1bc 0f00 	cmp.w	ip, #0
2000028e:	d1f4      	bne.n	2000027a <mutex_exit+0xa>
20000290:	f3bf 8f5f 	dmb	sy
20000294:	f990 2004 	ldrsb.w	r2, [r0, #4]
20000298:	2a00      	cmp	r2, #0
2000029a:	db09      	blt.n	200002b0 <mutex_exit+0x40>
2000029c:	22ff      	movs	r2, #255	@ 0xff
2000029e:	7102      	strb	r2, [r0, #4]
200002a0:	6801      	ldr	r1, [r0, #0]
200002a2:	2200      	movs	r2, #0
200002a4:	e8c1 2f8f 	stlb	r2, [r1]
200002a8:	f383 8810 	msr	PRIMASK, r3
200002ac:	bf40      	sev
200002ae:	bd08      	pop	{r3, pc}
200002b0:	4b02      	ldr	r3, [pc, #8]	@ (200002bc <mutex_exit+0x4c>)
200002b2:	4a03      	ldr	r2, [pc, #12]	@ (200002c0 <mutex_exit+0x50>)
200002b4:	21d5      	movs	r1, #213	@ 0xd5
200002b6:	4803      	ldr	r0, [pc, #12]	@ (200002c4 <mutex_exit+0x54>)
200002b8:	f000 fd7a 	bl	20000db0 <____assert_func_veneer>
200002bc:	100065cc 	.word	0x100065cc
200002c0:	10006c24 	.word	0x10006c24
200002c4:	10006570 	.word	0x10006570

200002c8 <reset_non_control_endpoints>:
200002c8:	b508      	push	{r3, lr}
200002ca:	2300      	movs	r3, #0
200002cc:	e008      	b.n	200002e0 <reset_non_control_endpoints+0x18>
200002ce:	4a0a      	ldr	r2, [pc, #40]	@ (200002f8 <reset_non_control_endpoints+0x30>)
200002d0:	3301      	adds	r3, #1
200002d2:	2100      	movs	r1, #0
200002d4:	f842 1033 	str.w	r1, [r2, r3, lsl #3]
200002d8:	eb02 02c3 	add.w	r2, r2, r3, lsl #3
200002dc:	6051      	str	r1, [r2, #4]
200002de:	b2db      	uxtb	r3, r3
200002e0:	2b0e      	cmp	r3, #14
200002e2:	d9f4      	bls.n	200002ce <reset_non_control_endpoints+0x6>
200002e4:	f44f 7270 	mov.w	r2, #960	@ 0x3c0
200002e8:	2100      	movs	r1, #0
200002ea:	4804      	ldr	r0, [pc, #16]	@ (200002fc <reset_non_control_endpoints+0x34>)
200002ec:	f000 fd48 	bl	20000d80 <__memset_veneer>
200002f0:	4b03      	ldr	r3, [pc, #12]	@ (20000300 <reset_non_control_endpoints+0x38>)
200002f2:	4a04      	ldr	r2, [pc, #16]	@ (20000304 <reset_non_control_endpoints+0x3c>)
200002f4:	601a      	str	r2, [r3, #0]
200002f6:	bd08      	pop	{r3, pc}
200002f8:	50100000 	.word	0x50100000
200002fc:	20001654 	.word	0x20001654
20000300:	20001a18 	.word	0x20001a18
20000304:	50100180 	.word	0x50100180

20000308 <hw_handle_buff_status>:
20000308:	e92d 43f0 	stmdb	sp!, {r4, r5, r6, r7, r8, r9, lr}
2000030c:	b085      	sub	sp, #20
2000030e:	4b1f      	ldr	r3, [pc, #124]	@ (2000038c <hw_handle_buff_status+0x84>)
20000310:	6d9e      	ldr	r6, [r3, #88]	@ 0x58
20000312:	2400      	movs	r4, #0
20000314:	2501      	movs	r5, #1
20000316:	e004      	b.n	20000322 <hw_handle_buff_status+0x1a>
20000318:	ea26 0605 	bic.w	r6, r6, r5
2000031c:	006d      	lsls	r5, r5, #1
2000031e:	3401      	adds	r4, #1
20000320:	b2e4      	uxtb	r4, r4
20000322:	b386      	cbz	r6, 20000386 <hw_handle_buff_status+0x7e>
20000324:	2c1f      	cmp	r4, #31
20000326:	d82e      	bhi.n	20000386 <hw_handle_buff_status+0x7e>
20000328:	422e      	tst	r6, r5
2000032a:	d0f7      	beq.n	2000031c <hw_handle_buff_status+0x14>
2000032c:	4b18      	ldr	r3, [pc, #96]	@ (20000390 <hw_handle_buff_status+0x88>)
2000032e:	659d      	str	r5, [r3, #88]	@ 0x58
20000330:	ea4f 0954 	mov.w	r9, r4, lsr #1
20000334:	f084 0701 	eor.w	r7, r4, #1
20000338:	f007 0701 	and.w	r7, r7, #1
2000033c:	f004 03fe 	and.w	r3, r4, #254	@ 0xfe
20000340:	443b      	add	r3, r7
20000342:	4a14      	ldr	r2, [pc, #80]	@ (20000394 <hw_handle_buff_status+0x8c>)
20000344:	eb02 1843 	add.w	r8, r2, r3, lsl #5
20000348:	4640      	mov	r0, r8
2000034a:	f000 fa2f 	bl	200007ac <hw_endpoint_xfer_continue>
2000034e:	2800      	cmp	r0, #0
20000350:	d0e2      	beq.n	20000318 <hw_handle_buff_status+0x10>
20000352:	eb07 0749 	add.w	r7, r7, r9, lsl #1
20000356:	4b0f      	ldr	r3, [pc, #60]	@ (20000394 <hw_handle_buff_status+0x8c>)
20000358:	eb03 1347 	add.w	r3, r3, r7, lsl #5
2000035c:	7899      	ldrb	r1, [r3, #2]
2000035e:	8ada      	ldrh	r2, [r3, #22]
20000360:	2300      	movs	r3, #0
20000362:	f88d 3004 	strb.w	r3, [sp, #4]
20000366:	2007      	movs	r0, #7
20000368:	f88d 0005 	strb.w	r0, [sp, #5]
2000036c:	f88d 1008 	strb.w	r1, [sp, #8]
20000370:	9203      	str	r2, [sp, #12]
20000372:	f88d 3009 	strb.w	r3, [sp, #9]
20000376:	2101      	movs	r1, #1
20000378:	a801      	add	r0, sp, #4
2000037a:	f000 fa35 	bl	200007e8 <dcd_event_handler>
2000037e:	4640      	mov	r0, r8
20000380:	f000 f9af 	bl	200006e2 <hw_endpoint_reset_transfer>
20000384:	e7c8      	b.n	20000318 <hw_handle_buff_status+0x10>
20000386:	b005      	add	sp, #20
20000388:	e8bd 83f0 	ldmia.w	sp!, {r4, r5, r6, r7, r8, r9, pc}
2000038c:	50110000 	.word	0x50110000
20000390:	50113000 	.word	0x50113000
20000394:	20001614 	.word	0x20001614

20000398 <dcd_rp2040_irq>:
20000398:	e92d 43f0 	stmdb	sp!, {r4, r5, r6, r7, r8, r9, lr}
2000039c:	b085      	sub	sp, #20
2000039e:	4b72      	ldr	r3, [pc, #456]	@ (20000568 <dcd_rp2040_irq+0x1d0>)
200003a0:	f8d3 5098 	ldr.w	r5, [r3, #152]	@ 0x98
200003a4:	f415 3700 	ands.w	r7, r5, #131072	@ 0x20000
200003a8:	d047      	beq.n	2000043a <dcd_rp2040_irq+0xa2>
200003aa:	4b70      	ldr	r3, [pc, #448]	@ (2000056c <dcd_rp2040_irq+0x1d4>)
200003ac:	6a9a      	ldr	r2, [r3, #40]	@ 0x28
200003ae:	4b70      	ldr	r3, [pc, #448]	@ (20000570 <dcd_rp2040_irq+0x1d8>)
200003b0:	601a      	str	r2, [r3, #0]
200003b2:	2400      	movs	r4, #0
200003b4:	4627      	mov	r7, r4
200003b6:	e00a      	b.n	200003ce <dcd_rp2040_irq+0x36>
200003b8:	4b6e      	ldr	r3, [pc, #440]	@ (20000574 <dcd_rp2040_irq+0x1dc>)
200003ba:	eb03 1384 	add.w	r3, r3, r4, lsl #6
200003be:	2200      	movs	r2, #0
200003c0:	f883 203c 	strb.w	r2, [r3, #60]	@ 0x3c
200003c4:	f000 f9ba 	bl	2000073c <hw_endpoint_start_next_buffer>
200003c8:	4637      	mov	r7, r6
200003ca:	3401      	adds	r4, #1
200003cc:	b2e4      	uxtb	r4, r4
200003ce:	2c0f      	cmp	r4, #15
200003d0:	d819      	bhi.n	20000406 <dcd_rp2040_irq+0x6e>
200003d2:	01a2      	lsls	r2, r4, #6
200003d4:	f102 0020 	add.w	r0, r2, #32
200003d8:	4b66      	ldr	r3, [pc, #408]	@ (20000574 <dcd_rp2040_irq+0x1dc>)
200003da:	4418      	add	r0, r3
200003dc:	4413      	add	r3, r2
200003de:	f893 303b 	ldrb.w	r3, [r3, #59]	@ 0x3b
200003e2:	2b02      	cmp	r3, #2
200003e4:	d1f1      	bne.n	200003ca <dcd_rp2040_irq+0x32>
200003e6:	4b63      	ldr	r3, [pc, #396]	@ (20000574 <dcd_rp2040_irq+0x1dc>)
200003e8:	eb03 1384 	add.w	r3, r3, r4, lsl #6
200003ec:	f893 603a 	ldrb.w	r6, [r3, #58]	@ 0x3a
200003f0:	2e00      	cmp	r6, #0
200003f2:	d0ea      	beq.n	200003ca <dcd_rp2040_irq+0x32>
200003f4:	4b5f      	ldr	r3, [pc, #380]	@ (20000574 <dcd_rp2040_irq+0x1dc>)
200003f6:	eb03 1384 	add.w	r3, r3, r4, lsl #6
200003fa:	f893 303c 	ldrb.w	r3, [r3, #60]	@ 0x3c
200003fe:	2b00      	cmp	r3, #0
20000400:	d1da      	bne.n	200003b8 <dcd_rp2040_irq+0x20>
20000402:	4637      	mov	r7, r6
20000404:	e7e1      	b.n	200003ca <dcd_rp2040_irq+0x32>
20000406:	b93f      	cbnz	r7, 20000418 <dcd_rp2040_irq+0x80>
20000408:	4b5b      	ldr	r3, [pc, #364]	@ (20000578 <dcd_rp2040_irq+0x1e0>)
2000040a:	781b      	ldrb	r3, [r3, #0]
2000040c:	b923      	cbnz	r3, 20000418 <dcd_rp2040_irq+0x80>
2000040e:	4b5b      	ldr	r3, [pc, #364]	@ (2000057c <dcd_rp2040_irq+0x1e4>)
20000410:	f44f 3200 	mov.w	r2, #131072	@ 0x20000
20000414:	f8c3 2090 	str.w	r2, [r3, #144]	@ 0x90
20000418:	4b53      	ldr	r3, [pc, #332]	@ (20000568 <dcd_rp2040_irq+0x1d0>)
2000041a:	6c9b      	ldr	r3, [r3, #72]	@ 0x48
2000041c:	f3c3 030a 	ubfx	r3, r3, #0, #11
20000420:	2200      	movs	r2, #0
20000422:	f88d 2004 	strb.w	r2, [sp, #4]
20000426:	2203      	movs	r2, #3
20000428:	f88d 2005 	strb.w	r2, [sp, #5]
2000042c:	9302      	str	r3, [sp, #8]
2000042e:	2101      	movs	r1, #1
20000430:	a801      	add	r0, sp, #4
20000432:	f000 f9d9 	bl	200007e8 <dcd_event_handler>
20000436:	f44f 3700 	mov.w	r7, #131072	@ 0x20000
2000043a:	f015 0f10 	tst.w	r5, #16
2000043e:	d106      	bne.n	2000044e <dcd_rp2040_irq+0xb6>
20000440:	f415 3f80 	tst.w	r5, #65536	@ 0x10000
20000444:	d045      	beq.n	200004d2 <dcd_rp2040_irq+0x13a>
20000446:	f447 3780 	orr.w	r7, r7, #65536	@ 0x10000
2000044a:	2400      	movs	r4, #0
2000044c:	e01f      	b.n	2000048e <dcd_rp2040_irq+0xf6>
2000044e:	f047 0710 	orr.w	r7, r7, #16
20000452:	f7ff ff59 	bl	20000308 <hw_handle_buff_status>
20000456:	e7f3      	b.n	20000440 <dcd_rp2040_irq+0xa8>
20000458:	2602      	movs	r6, #2
2000045a:	4b49      	ldr	r3, [pc, #292]	@ (20000580 <dcd_rp2040_irq+0x1e8>)
2000045c:	661e      	str	r6, [r3, #96]	@ 0x60
2000045e:	4b42      	ldr	r3, [pc, #264]	@ (20000568 <dcd_rp2040_irq+0x1d0>)
20000460:	6e5b      	ldr	r3, [r3, #100]	@ 0x64
20000462:	ea36 0303 	bics.w	r3, r6, r3
20000466:	d1fa      	bne.n	2000045e <dcd_rp2040_irq+0xc6>
20000468:	f44f 5240 	mov.w	r2, #12288	@ 0x3000
2000046c:	2100      	movs	r1, #0
2000046e:	4640      	mov	r0, r8
20000470:	f000 f93e 	bl	200006f0 <_hw_endpoint_buffer_control_update32>
20000474:	4640      	mov	r0, r8
20000476:	f000 f934 	bl	200006e2 <hw_endpoint_reset_transfer>
2000047a:	4b40      	ldr	r3, [pc, #256]	@ (2000057c <dcd_rp2040_irq+0x1e4>)
2000047c:	665e      	str	r6, [r3, #100]	@ 0x64
2000047e:	661e      	str	r6, [r3, #96]	@ 0x60
20000480:	4b3c      	ldr	r3, [pc, #240]	@ (20000574 <dcd_rp2040_irq+0x1dc>)
20000482:	eb03 1349 	add.w	r3, r3, r9, lsl #5
20000486:	2201      	movs	r2, #1
20000488:	70da      	strb	r2, [r3, #3]
2000048a:	4414      	add	r4, r2
2000048c:	b2e4      	uxtb	r4, r4
2000048e:	2c01      	cmp	r4, #1
20000490:	d80b      	bhi.n	200004aa <dcd_rp2040_irq+0x112>
20000492:	46a1      	mov	r9, r4
20000494:	4b37      	ldr	r3, [pc, #220]	@ (20000574 <dcd_rp2040_irq+0x1dc>)
20000496:	eb03 1844 	add.w	r8, r3, r4, lsl #5
2000049a:	f898 301a 	ldrb.w	r3, [r8, #26]
2000049e:	2b00      	cmp	r3, #0
200004a0:	d0ee      	beq.n	20000480 <dcd_rp2040_irq+0xe8>
200004a2:	2c00      	cmp	r4, #0
200004a4:	d0d8      	beq.n	20000458 <dcd_rp2040_irq+0xc0>
200004a6:	2601      	movs	r6, #1
200004a8:	e7d7      	b.n	2000045a <dcd_rp2040_irq+0xc2>
200004aa:	2300      	movs	r3, #0
200004ac:	f88d 3004 	strb.w	r3, [sp, #4]
200004b0:	2306      	movs	r3, #6
200004b2:	f88d 3005 	strb.w	r3, [sp, #5]
200004b6:	4b33      	ldr	r3, [pc, #204]	@ (20000584 <dcd_rp2040_irq+0x1ec>)
200004b8:	e893 0003 	ldmia.w	r3, {r0, r1}
200004bc:	ab04      	add	r3, sp, #16
200004be:	e903 0003 	stmdb	r3, {r0, r1}
200004c2:	2101      	movs	r1, #1
200004c4:	a801      	add	r0, sp, #4
200004c6:	f000 f98f 	bl	200007e8 <dcd_event_handler>
200004ca:	4b2c      	ldr	r3, [pc, #176]	@ (2000057c <dcd_rp2040_irq+0x1e4>)
200004cc:	f44f 3200 	mov.w	r2, #131072	@ 0x20000
200004d0:	651a      	str	r2, [r3, #80]	@ 0x50
200004d2:	f415 5f80 	tst.w	r5, #4096	@ 0x1000
200004d6:	d10a      	bne.n	200004ee <dcd_rp2040_irq+0x156>
200004d8:	f415 4f80 	tst.w	r5, #16384	@ 0x4000
200004dc:	d11d      	bne.n	2000051a <dcd_rp2040_irq+0x182>
200004de:	f415 4f00 	tst.w	r5, #32768	@ 0x8000
200004e2:	d12b      	bne.n	2000053c <dcd_rp2040_irq+0x1a4>
200004e4:	42af      	cmp	r7, r5
200004e6:	d13a      	bne.n	2000055e <dcd_rp2040_irq+0x1c6>
200004e8:	b005      	add	sp, #20
200004ea:	e8bd 83f0 	ldmia.w	sp!, {r4, r5, r6, r7, r8, r9, pc}
200004ee:	f447 5780 	orr.w	r7, r7, #4096	@ 0x1000
200004f2:	2400      	movs	r4, #0
200004f4:	4b1c      	ldr	r3, [pc, #112]	@ (20000568 <dcd_rp2040_irq+0x1d0>)
200004f6:	601c      	str	r4, [r3, #0]
200004f8:	f7ff fee6 	bl	200002c8 <reset_non_control_endpoints>
200004fc:	f88d 4004 	strb.w	r4, [sp, #4]
20000500:	2101      	movs	r1, #1
20000502:	f88d 1005 	strb.w	r1, [sp, #5]
20000506:	f88d 4008 	strb.w	r4, [sp, #8]
2000050a:	a801      	add	r0, sp, #4
2000050c:	f000 f96c 	bl	200007e8 <dcd_event_handler>
20000510:	4b1a      	ldr	r3, [pc, #104]	@ (2000057c <dcd_rp2040_irq+0x1e4>)
20000512:	f44f 2200 	mov.w	r2, #524288	@ 0x80000
20000516:	651a      	str	r2, [r3, #80]	@ 0x50
20000518:	e7de      	b.n	200004d8 <dcd_rp2040_irq+0x140>
2000051a:	f447 4780 	orr.w	r7, r7, #16384	@ 0x4000
2000051e:	2300      	movs	r3, #0
20000520:	f88d 3004 	strb.w	r3, [sp, #4]
20000524:	2304      	movs	r3, #4
20000526:	f88d 3005 	strb.w	r3, [sp, #5]
2000052a:	2101      	movs	r1, #1
2000052c:	eb0d 0003 	add.w	r0, sp, r3
20000530:	f000 f95a 	bl	200007e8 <dcd_event_handler>
20000534:	4b11      	ldr	r3, [pc, #68]	@ (2000057c <dcd_rp2040_irq+0x1e4>)
20000536:	2210      	movs	r2, #16
20000538:	651a      	str	r2, [r3, #80]	@ 0x50
2000053a:	e7d0      	b.n	200004de <dcd_rp2040_irq+0x146>
2000053c:	f447 4700 	orr.w	r7, r7, #32768	@ 0x8000
20000540:	2300      	movs	r3, #0
20000542:	f88d 3004 	strb.w	r3, [sp, #4]
20000546:	2305      	movs	r3, #5
20000548:	f88d 3005 	strb.w	r3, [sp, #5]
2000054c:	2101      	movs	r1, #1
2000054e:	a801      	add	r0, sp, #4
20000550:	f000 f94a 	bl	200007e8 <dcd_event_handler>
20000554:	4b09      	ldr	r3, [pc, #36]	@ (2000057c <dcd_rp2040_irq+0x1e4>)
20000556:	f44f 6200 	mov.w	r2, #2048	@ 0x800
2000055a:	651a      	str	r2, [r3, #80]	@ 0x50
2000055c:	e7c2      	b.n	200004e4 <dcd_rp2040_irq+0x14c>
2000055e:	ea87 0105 	eor.w	r1, r7, r5
20000562:	4809      	ldr	r0, [pc, #36]	@ (20000588 <dcd_rp2040_irq+0x1f0>)
20000564:	f000 fc14 	bl	20000d90 <__panic_veneer>
20000568:	50110000 	.word	0x50110000
2000056c:	400b0000 	.word	0x400b0000
20000570:	2000160c 	.word	0x2000160c
20000574:	20001614 	.word	0x20001614
20000578:	20001a82 	.word	0x20001a82
2000057c:	50113000 	.word	0x50113000
20000580:	50112000 	.word	0x50112000
20000584:	50100000 	.word	0x50100000
20000588:	10006a64 	.word	0x10006a64

2000058c <prepare_ep_buffer>:
2000058c:	b5f8      	push	{r3, r4, r5, r6, r7, lr}
2000058e:	4604      	mov	r4, r0
20000590:	460f      	mov	r7, r1
20000592:	8a83      	ldrh	r3, [r0, #20]
20000594:	8b06      	ldrh	r6, [r0, #24]
20000596:	429e      	cmp	r6, r3
20000598:	bf28      	it	cs
2000059a:	461e      	movcs	r6, r3
2000059c:	1b9b      	subs	r3, r3, r6
2000059e:	8283      	strh	r3, [r0, #20]
200005a0:	f446 6280 	orr.w	r2, r6, #1024	@ 0x400
200005a4:	78c3      	ldrb	r3, [r0, #3]
200005a6:	b17b      	cbz	r3, 200005c8 <prepare_ep_buffer+0x3c>
200005a8:	f44f 5500 	mov.w	r5, #8192	@ 0x2000
200005ac:	4315      	orrs	r5, r2
200005ae:	f083 0301 	eor.w	r3, r3, #1
200005b2:	70e3      	strb	r3, [r4, #3]
200005b4:	7863      	ldrb	r3, [r4, #1]
200005b6:	b14b      	cbz	r3, 200005cc <prepare_ep_buffer+0x40>
200005b8:	8aa3      	ldrh	r3, [r4, #20]
200005ba:	b90b      	cbnz	r3, 200005c0 <prepare_ep_buffer+0x34>
200005bc:	f445 4580 	orr.w	r5, r5, #16384	@ 0x4000
200005c0:	b107      	cbz	r7, 200005c4 <prepare_ep_buffer+0x38>
200005c2:	042d      	lsls	r5, r5, #16
200005c4:	4628      	mov	r0, r5
200005c6:	bdf8      	pop	{r3, r4, r5, r6, r7, pc}
200005c8:	2500      	movs	r5, #0
200005ca:	e7ef      	b.n	200005ac <prepare_ep_buffer+0x20>
200005cc:	68e0      	ldr	r0, [r4, #12]
200005ce:	4632      	mov	r2, r6
200005d0:	6921      	ldr	r1, [r4, #16]
200005d2:	eb00 1087 	add.w	r0, r0, r7, lsl #6
200005d6:	f000 fbef 	bl	20000db8 <__unaligned_memcpy_veneer>
200005da:	6923      	ldr	r3, [r4, #16]
200005dc:	4433      	add	r3, r6
200005de:	6123      	str	r3, [r4, #16]
200005e0:	f445 4500 	orr.w	r5, r5, #32768	@ 0x8000
200005e4:	e7e8      	b.n	200005b8 <prepare_ep_buffer+0x2c>
	...

200005e8 <e15_is_bulkin_ep>:
200005e8:	4b09      	ldr	r3, [pc, #36]	@ (20000610 <e15_is_bulkin_ep+0x28>)
200005ea:	6c1b      	ldr	r3, [r3, #64]	@ 0x40
200005ec:	f013 0f02 	tst.w	r3, #2
200005f0:	d10b      	bne.n	2000060a <e15_is_bulkin_ep+0x22>
200005f2:	7883      	ldrb	r3, [r0, #2]
200005f4:	09db      	lsrs	r3, r3, #7
200005f6:	d101      	bne.n	200005fc <e15_is_bulkin_ep+0x14>
200005f8:	2000      	movs	r0, #0
200005fa:	4770      	bx	lr
200005fc:	7ec3      	ldrb	r3, [r0, #27]
200005fe:	2b02      	cmp	r3, #2
20000600:	d001      	beq.n	20000606 <e15_is_bulkin_ep+0x1e>
20000602:	2000      	movs	r0, #0
20000604:	4770      	bx	lr
20000606:	2001      	movs	r0, #1
20000608:	4770      	bx	lr
2000060a:	2000      	movs	r0, #0
2000060c:	4770      	bx	lr
2000060e:	bf00      	nop
20000610:	50110000 	.word	0x50110000

20000614 <e15_is_critical_frame_period>:
20000614:	b508      	push	{r3, lr}
20000616:	f7ff ffe7 	bl	200005e8 <e15_is_bulkin_ep>
2000061a:	b140      	cbz	r0, 2000062e <e15_is_critical_frame_period+0x1a>
2000061c:	4b05      	ldr	r3, [pc, #20]	@ (20000634 <e15_is_critical_frame_period+0x20>)
2000061e:	6a9b      	ldr	r3, [r3, #40]	@ 0x28
20000620:	4a05      	ldr	r2, [pc, #20]	@ (20000638 <e15_is_critical_frame_period+0x24>)
20000622:	6812      	ldr	r2, [r2, #0]
20000624:	1a9b      	subs	r3, r3, r2
20000626:	f5a3 7348 	sub.w	r3, r3, #800	@ 0x320
2000062a:	2bc6      	cmp	r3, #198	@ 0xc6
2000062c:	d800      	bhi.n	20000630 <e15_is_critical_frame_period+0x1c>
2000062e:	bd08      	pop	{r3, pc}
20000630:	2000      	movs	r0, #0
20000632:	e7fc      	b.n	2000062e <e15_is_critical_frame_period+0x1a>
20000634:	400b0000 	.word	0x400b0000
20000638:	2000160c 	.word	0x2000160c

2000063c <sync_ep_buffer>:
2000063c:	b538      	push	{r3, r4, r5, lr}
2000063e:	4604      	mov	r4, r0
20000640:	6883      	ldr	r3, [r0, #8]
20000642:	681b      	ldr	r3, [r3, #0]
20000644:	4608      	mov	r0, r1
20000646:	b101      	cbz	r1, 2000064a <sync_ep_buffer+0xe>
20000648:	0c1b      	lsrs	r3, r3, #16
2000064a:	f3c3 0509 	ubfx	r5, r3, #0, #10
2000064e:	7862      	ldrb	r2, [r4, #1]
20000650:	b992      	cbnz	r2, 20000678 <sync_ep_buffer+0x3c>
20000652:	f413 4f00 	tst.w	r3, #32768	@ 0x8000
20000656:	d109      	bne.n	2000066c <sync_ep_buffer+0x30>
20000658:	8ae3      	ldrh	r3, [r4, #22]
2000065a:	442b      	add	r3, r5
2000065c:	82e3      	strh	r3, [r4, #22]
2000065e:	8b23      	ldrh	r3, [r4, #24]
20000660:	42ab      	cmp	r3, r5
20000662:	d901      	bls.n	20000668 <sync_ep_buffer+0x2c>
20000664:	2300      	movs	r3, #0
20000666:	82a3      	strh	r3, [r4, #20]
20000668:	4628      	mov	r0, r5
2000066a:	bd38      	pop	{r3, r4, r5, pc}
2000066c:	4b0e      	ldr	r3, [pc, #56]	@ (200006a8 <sync_ep_buffer+0x6c>)
2000066e:	4a0f      	ldr	r2, [pc, #60]	@ (200006ac <sync_ep_buffer+0x70>)
20000670:	21e8      	movs	r1, #232	@ 0xe8
20000672:	480f      	ldr	r0, [pc, #60]	@ (200006b0 <sync_ep_buffer+0x74>)
20000674:	f000 fb9c 	bl	20000db0 <____assert_func_veneer>
20000678:	f413 4f00 	tst.w	r3, #32768	@ 0x8000
2000067c:	d00d      	beq.n	2000069a <sync_ep_buffer+0x5e>
2000067e:	68e1      	ldr	r1, [r4, #12]
20000680:	462a      	mov	r2, r5
20000682:	eb01 1180 	add.w	r1, r1, r0, lsl #6
20000686:	6920      	ldr	r0, [r4, #16]
20000688:	f000 fb96 	bl	20000db8 <__unaligned_memcpy_veneer>
2000068c:	8ae3      	ldrh	r3, [r4, #22]
2000068e:	442b      	add	r3, r5
20000690:	82e3      	strh	r3, [r4, #22]
20000692:	6923      	ldr	r3, [r4, #16]
20000694:	442b      	add	r3, r5
20000696:	6123      	str	r3, [r4, #16]
20000698:	e7e1      	b.n	2000065e <sync_ep_buffer+0x22>
2000069a:	4b06      	ldr	r3, [pc, #24]	@ (200006b4 <sync_ep_buffer+0x78>)
2000069c:	4a03      	ldr	r2, [pc, #12]	@ (200006ac <sync_ep_buffer+0x70>)
2000069e:	21ee      	movs	r1, #238	@ 0xee
200006a0:	4803      	ldr	r0, [pc, #12]	@ (200006b0 <sync_ep_buffer+0x74>)
200006a2:	f000 fb85 	bl	20000db0 <____assert_func_veneer>
200006a6:	bf00      	nop
200006a8:	10006a84 	.word	0x10006a84
200006ac:	10006f58 	.word	0x10006f58
200006b0:	10006aa4 	.word	0x10006aa4
200006b4:	10006b00 	.word	0x10006b00

200006b8 <_hw_endpoint_xfer_sync>:
200006b8:	b510      	push	{r4, lr}
200006ba:	4604      	mov	r4, r0
200006bc:	6883      	ldr	r3, [r0, #8]
200006be:	681b      	ldr	r3, [r3, #0]
200006c0:	2100      	movs	r1, #0
200006c2:	f7ff ffbb 	bl	2000063c <sync_ep_buffer>
200006c6:	6863      	ldr	r3, [r4, #4]
200006c8:	681b      	ldr	r3, [r3, #0]
200006ca:	f013 4f80 	tst.w	r3, #1073741824	@ 0x40000000
200006ce:	d002      	beq.n	200006d6 <_hw_endpoint_xfer_sync+0x1e>
200006d0:	8b23      	ldrh	r3, [r4, #24]
200006d2:	4283      	cmp	r3, r0
200006d4:	d000      	beq.n	200006d8 <_hw_endpoint_xfer_sync+0x20>
200006d6:	bd10      	pop	{r4, pc}
200006d8:	2101      	movs	r1, #1
200006da:	4620      	mov	r0, r4
200006dc:	f7ff ffae 	bl	2000063c <sync_ep_buffer>
200006e0:	e7f9      	b.n	200006d6 <_hw_endpoint_xfer_sync+0x1e>

200006e2 <hw_endpoint_reset_transfer>:
200006e2:	2300      	movs	r3, #0
200006e4:	7683      	strb	r3, [r0, #26]
200006e6:	8283      	strh	r3, [r0, #20]
200006e8:	82c3      	strh	r3, [r0, #22]
200006ea:	6103      	str	r3, [r0, #16]
200006ec:	4770      	bx	lr
	...

200006f0 <_hw_endpoint_buffer_control_update32>:
200006f0:	b508      	push	{r3, lr}
200006f2:	460b      	mov	r3, r1
200006f4:	b111      	cbz	r1, 200006fc <_hw_endpoint_buffer_control_update32+0xc>
200006f6:	6881      	ldr	r1, [r0, #8]
200006f8:	6809      	ldr	r1, [r1, #0]
200006fa:	400b      	ands	r3, r1
200006fc:	b19a      	cbz	r2, 20000726 <_hw_endpoint_buffer_control_update32+0x36>
200006fe:	4313      	orrs	r3, r2
20000700:	f412 6f80 	tst.w	r2, #1024	@ 0x400
20000704:	d00f      	beq.n	20000726 <_hw_endpoint_buffer_control_update32+0x36>
20000706:	6882      	ldr	r2, [r0, #8]
20000708:	6811      	ldr	r1, [r2, #0]
2000070a:	f411 6f80 	tst.w	r1, #1024	@ 0x400
2000070e:	d10d      	bne.n	2000072c <_hw_endpoint_buffer_control_update32+0x3c>
20000710:	f423 6180 	bic.w	r1, r3, #1024	@ 0x400
20000714:	6011      	str	r1, [r2, #0]
20000716:	4a07      	ldr	r2, [pc, #28]	@ (20000734 <_hw_endpoint_buffer_control_update32+0x44>)
20000718:	6c12      	ldr	r2, [r2, #64]	@ 0x40
2000071a:	f012 0f02 	tst.w	r2, #2
2000071e:	d102      	bne.n	20000726 <_hw_endpoint_buffer_control_update32+0x36>
20000720:	220c      	movs	r2, #12
20000722:	3a03      	subs	r2, #3
20000724:	d2fd      	bcs.n	20000722 <_hw_endpoint_buffer_control_update32+0x32>
20000726:	6882      	ldr	r2, [r0, #8]
20000728:	6013      	str	r3, [r2, #0]
2000072a:	bd08      	pop	{r3, pc}
2000072c:	7881      	ldrb	r1, [r0, #2]
2000072e:	4802      	ldr	r0, [pc, #8]	@ (20000738 <_hw_endpoint_buffer_control_update32+0x48>)
20000730:	f000 fb2e 	bl	20000d90 <__panic_veneer>
20000734:	50110000 	.word	0x50110000
20000738:	10006b20 	.word	0x10006b20

2000073c <hw_endpoint_start_next_buffer>:
2000073c:	b570      	push	{r4, r5, r6, lr}
2000073e:	4604      	mov	r4, r0
20000740:	6843      	ldr	r3, [r0, #4]
20000742:	681d      	ldr	r5, [r3, #0]
20000744:	2100      	movs	r1, #0
20000746:	f7ff ff21 	bl	2000058c <prepare_ep_buffer>
2000074a:	f440 5680 	orr.w	r6, r0, #4096	@ 0x1000
2000074e:	4b16      	ldr	r3, [pc, #88]	@ (200007a8 <hw_endpoint_start_next_buffer+0x6c>)
20000750:	6c1b      	ldr	r3, [r3, #64]	@ 0x40
20000752:	f013 0302 	ands.w	r3, r3, #2
20000756:	d103      	bne.n	20000760 <hw_endpoint_start_next_buffer+0x24>
20000758:	78a2      	ldrb	r2, [r4, #2]
2000075a:	09d2      	lsrs	r2, r2, #7
2000075c:	d014      	beq.n	20000788 <hw_endpoint_start_next_buffer+0x4c>
2000075e:	b1ab      	cbz	r3, 2000078c <hw_endpoint_start_next_buffer+0x50>
20000760:	78a3      	ldrb	r3, [r4, #2]
20000762:	f013 0f7f 	tst.w	r3, #127	@ 0x7f
20000766:	d113      	bne.n	20000790 <hw_endpoint_start_next_buffer+0x54>
20000768:	2300      	movs	r3, #0
2000076a:	8aa2      	ldrh	r2, [r4, #20]
2000076c:	b102      	cbz	r2, 20000770 <hw_endpoint_start_next_buffer+0x34>
2000076e:	b18b      	cbz	r3, 20000794 <hw_endpoint_start_next_buffer+0x58>
20000770:	f025 45a0 	bic.w	r5, r5, #1342177280	@ 0x50000000
20000774:	f045 5500 	orr.w	r5, r5, #536870912	@ 0x20000000
20000778:	6863      	ldr	r3, [r4, #4]
2000077a:	601d      	str	r5, [r3, #0]
2000077c:	4632      	mov	r2, r6
2000077e:	2100      	movs	r1, #0
20000780:	4620      	mov	r0, r4
20000782:	f7ff ffb5 	bl	200006f0 <_hw_endpoint_buffer_control_update32>
20000786:	bd70      	pop	{r4, r5, r6, pc}
20000788:	2301      	movs	r3, #1
2000078a:	e7ee      	b.n	2000076a <hw_endpoint_start_next_buffer+0x2e>
2000078c:	2300      	movs	r3, #0
2000078e:	e7ec      	b.n	2000076a <hw_endpoint_start_next_buffer+0x2e>
20000790:	2301      	movs	r3, #1
20000792:	e7ea      	b.n	2000076a <hw_endpoint_start_next_buffer+0x2e>
20000794:	2101      	movs	r1, #1
20000796:	4620      	mov	r0, r4
20000798:	f7ff fef8 	bl	2000058c <prepare_ep_buffer>
2000079c:	4306      	orrs	r6, r0
2000079e:	f025 5500 	bic.w	r5, r5, #536870912	@ 0x20000000
200007a2:	f045 45a0 	orr.w	r5, r5, #1342177280	@ 0x50000000
200007a6:	e7e7      	b.n	20000778 <hw_endpoint_start_next_buffer+0x3c>
200007a8:	50110000 	.word	0x50110000

200007ac <hw_endpoint_xfer_continue>:
200007ac:	b538      	push	{r3, r4, r5, lr}
200007ae:	4604      	mov	r4, r0
200007b0:	7e85      	ldrb	r5, [r0, #26]
200007b2:	b12d      	cbz	r5, 200007c0 <hw_endpoint_xfer_continue+0x14>
200007b4:	f7ff ff80 	bl	200006b8 <_hw_endpoint_xfer_sync>
200007b8:	8aa3      	ldrh	r3, [r4, #20]
200007ba:	b92b      	cbnz	r3, 200007c8 <hw_endpoint_xfer_continue+0x1c>
200007bc:	4628      	mov	r0, r5
200007be:	bd38      	pop	{r3, r4, r5, pc}
200007c0:	7881      	ldrb	r1, [r0, #2]
200007c2:	4808      	ldr	r0, [pc, #32]	@ (200007e4 <hw_endpoint_xfer_continue+0x38>)
200007c4:	f000 fae4 	bl	20000d90 <__panic_veneer>
200007c8:	4620      	mov	r0, r4
200007ca:	f7ff ff23 	bl	20000614 <e15_is_critical_frame_period>
200007ce:	4605      	mov	r5, r0
200007d0:	b118      	cbz	r0, 200007da <hw_endpoint_xfer_continue+0x2e>
200007d2:	2301      	movs	r3, #1
200007d4:	7723      	strb	r3, [r4, #28]
200007d6:	2500      	movs	r5, #0
200007d8:	e7f0      	b.n	200007bc <hw_endpoint_xfer_continue+0x10>
200007da:	4620      	mov	r0, r4
200007dc:	f7ff ffae 	bl	2000073c <hw_endpoint_start_next_buffer>
200007e0:	e7ec      	b.n	200007bc <hw_endpoint_xfer_continue+0x10>
200007e2:	bf00      	nop
200007e4:	10006b40 	.word	0x10006b40

200007e8 <dcd_event_handler>:
200007e8:	b5f0      	push	{r4, r5, r6, r7, lr}
200007ea:	b085      	sub	sp, #20
200007ec:	4605      	mov	r5, r0
200007ee:	460e      	mov	r6, r1
200007f0:	7843      	ldrb	r3, [r0, #1]
200007f2:	3b02      	subs	r3, #2
200007f4:	2b04      	cmp	r3, #4
200007f6:	d815      	bhi.n	20000824 <dcd_event_handler+0x3c>
200007f8:	e8df f013 	tbh	[pc, r3, lsl #1]
200007fc:	006a0005 	.word	0x006a0005
20000800:	0046003b 	.word	0x0046003b
20000804:	00fb      	.short	0x00fb
20000806:	4b86      	ldr	r3, [pc, #536]	@ (20000a20 <dcd_event_handler+0x238>)
20000808:	781a      	ldrb	r2, [r3, #0]
2000080a:	f022 0201 	bic.w	r2, r2, #1
2000080e:	701a      	strb	r2, [r3, #0]
20000810:	781a      	ldrb	r2, [r3, #0]
20000812:	f022 0202 	bic.w	r2, r2, #2
20000816:	701a      	strb	r2, [r3, #0]
20000818:	2100      	movs	r1, #0
2000081a:	7059      	strb	r1, [r3, #1]
2000081c:	781a      	ldrb	r2, [r3, #0]
2000081e:	f361 0282 	bfi	r2, r1, #2, #1
20000822:	701a      	strb	r2, [r3, #0]
20000824:	4b7f      	ldr	r3, [pc, #508]	@ (20000a24 <dcd_event_handler+0x23c>)
20000826:	681c      	ldr	r4, [r3, #0]
20000828:	6963      	ldr	r3, [r4, #20]
2000082a:	f3ef 8210 	mrs	r2, PRIMASK
2000082e:	b672      	cpsid	i
20000830:	e8d3 0fcf 	ldaexb	r0, [r3]
20000834:	2101      	movs	r1, #1
20000836:	2800      	cmp	r0, #0
20000838:	d1fa      	bne.n	20000830 <dcd_event_handler+0x48>
2000083a:	e8c3 1f40 	strexb	r0, r1, [r3]
2000083e:	2800      	cmp	r0, #0
20000840:	d1f6      	bne.n	20000830 <dcd_event_handler+0x48>
20000842:	f3bf 8f5f 	dmb	sy
20000846:	61a2      	str	r2, [r4, #24]
20000848:	4629      	mov	r1, r5
2000084a:	4620      	mov	r0, r4
2000084c:	f000 faa4 	bl	20000d98 <__tu_fifo_write_veneer>
20000850:	6961      	ldr	r1, [r4, #20]
20000852:	69a3      	ldr	r3, [r4, #24]
20000854:	2200      	movs	r2, #0
20000856:	e8c1 2f8f 	stlb	r2, [r1]
2000085a:	f383 8810 	msr	PRIMASK, r3
2000085e:	2800      	cmp	r0, #0
20000860:	f000 80cd 	beq.w	200009fe <dcd_event_handler+0x216>
20000864:	4632      	mov	r2, r6
20000866:	7869      	ldrb	r1, [r5, #1]
20000868:	7828      	ldrb	r0, [r5, #0]
2000086a:	f000 fa9d 	bl	20000da8 <__tud_event_hook_cb_veneer>
2000086e:	b005      	add	sp, #20
20000870:	bdf0      	pop	{r4, r5, r6, r7, pc}
20000872:	4b6b      	ldr	r3, [pc, #428]	@ (20000a20 <dcd_event_handler+0x238>)
20000874:	781b      	ldrb	r3, [r3, #0]
20000876:	f013 0f01 	tst.w	r3, #1
2000087a:	d0f8      	beq.n	2000086e <dcd_event_handler+0x86>
2000087c:	4a68      	ldr	r2, [pc, #416]	@ (20000a20 <dcd_event_handler+0x238>)
2000087e:	7813      	ldrb	r3, [r2, #0]
20000880:	f043 0304 	orr.w	r3, r3, #4
20000884:	7013      	strb	r3, [r2, #0]
20000886:	e7cd      	b.n	20000824 <dcd_event_handler+0x3c>
20000888:	4b65      	ldr	r3, [pc, #404]	@ (20000a20 <dcd_event_handler+0x238>)
2000088a:	781b      	ldrb	r3, [r3, #0]
2000088c:	f013 0f01 	tst.w	r3, #1
20000890:	d0ed      	beq.n	2000086e <dcd_event_handler+0x86>
20000892:	4a63      	ldr	r2, [pc, #396]	@ (20000a20 <dcd_event_handler+0x238>)
20000894:	7813      	ldrb	r3, [r2, #0]
20000896:	f023 0304 	bic.w	r3, r3, #4
2000089a:	7013      	strb	r3, [r2, #0]
2000089c:	e7c2      	b.n	20000824 <dcd_event_handler+0x3c>
2000089e:	1ad2      	subs	r2, r2, r3
200008a0:	4b61      	ldr	r3, [pc, #388]	@ (20000a28 <dcd_event_handler+0x240>)
200008a2:	eb03 1342 	add.w	r3, r3, r2, lsl #5
200008a6:	69db      	ldr	r3, [r3, #28]
200008a8:	b113      	cbz	r3, 200008b0 <dcd_event_handler+0xc8>
200008aa:	6869      	ldr	r1, [r5, #4]
200008ac:	7828      	ldrb	r0, [r5, #0]
200008ae:	4798      	blx	r3
200008b0:	3401      	adds	r4, #1
200008b2:	b2e4      	uxtb	r4, r4
200008b4:	4b5d      	ldr	r3, [pc, #372]	@ (20000a2c <dcd_event_handler+0x244>)
200008b6:	781b      	ldrb	r3, [r3, #0]
200008b8:	4622      	mov	r2, r4
200008ba:	1c59      	adds	r1, r3, #1
200008bc:	42a1      	cmp	r1, r4
200008be:	db09      	blt.n	200008d4 <dcd_event_handler+0xec>
200008c0:	42a3      	cmp	r3, r4
200008c2:	d9ec      	bls.n	2000089e <dcd_event_handler+0xb6>
200008c4:	4b5a      	ldr	r3, [pc, #360]	@ (20000a30 <dcd_event_handler+0x248>)
200008c6:	681b      	ldr	r3, [r3, #0]
200008c8:	eb13 1344 	adds.w	r3, r3, r4, lsl #5
200008cc:	d1eb      	bne.n	200008a6 <dcd_event_handler+0xbe>
200008ce:	e7ef      	b.n	200008b0 <dcd_event_handler+0xc8>
200008d0:	2400      	movs	r4, #0
200008d2:	e7ef      	b.n	200008b4 <dcd_event_handler+0xcc>
200008d4:	4b52      	ldr	r3, [pc, #328]	@ (20000a20 <dcd_event_handler+0x238>)
200008d6:	781b      	ldrb	r3, [r3, #0]
200008d8:	f013 0f04 	tst.w	r3, #4
200008dc:	d136      	bne.n	2000094c <dcd_event_handler+0x164>
200008de:	4b50      	ldr	r3, [pc, #320]	@ (20000a20 <dcd_event_handler+0x238>)
200008e0:	78db      	ldrb	r3, [r3, #3]
200008e2:	f013 0f01 	tst.w	r3, #1
200008e6:	d0c2      	beq.n	2000086e <dcd_event_handler+0x86>
200008e8:	2700      	movs	r7, #0
200008ea:	9701      	str	r7, [sp, #4]
200008ec:	9702      	str	r7, [sp, #8]
200008ee:	9703      	str	r7, [sp, #12]
200008f0:	782b      	ldrb	r3, [r5, #0]
200008f2:	f88d 3004 	strb.w	r3, [sp, #4]
200008f6:	2303      	movs	r3, #3
200008f8:	f88d 3005 	strb.w	r3, [sp, #5]
200008fc:	686b      	ldr	r3, [r5, #4]
200008fe:	9302      	str	r3, [sp, #8]
20000900:	4b48      	ldr	r3, [pc, #288]	@ (20000a24 <dcd_event_handler+0x23c>)
20000902:	681c      	ldr	r4, [r3, #0]
20000904:	6963      	ldr	r3, [r4, #20]
20000906:	f3ef 8210 	mrs	r2, PRIMASK
2000090a:	b672      	cpsid	i
2000090c:	e8d3 0fcf 	ldaexb	r0, [r3]
20000910:	2101      	movs	r1, #1
20000912:	2800      	cmp	r0, #0
20000914:	d1fa      	bne.n	2000090c <dcd_event_handler+0x124>
20000916:	e8c3 1f40 	strexb	r0, r1, [r3]
2000091a:	2800      	cmp	r0, #0
2000091c:	d1f6      	bne.n	2000090c <dcd_event_handler+0x124>
2000091e:	f3bf 8f5f 	dmb	sy
20000922:	61a2      	str	r2, [r4, #24]
20000924:	a901      	add	r1, sp, #4
20000926:	4620      	mov	r0, r4
20000928:	f000 fa36 	bl	20000d98 <__tu_fifo_write_veneer>
2000092c:	6962      	ldr	r2, [r4, #20]
2000092e:	69a3      	ldr	r3, [r4, #24]
20000930:	e8c2 7f8f 	stlb	r7, [r2]
20000934:	f383 8810 	msr	PRIMASK, r3
20000938:	2800      	cmp	r0, #0
2000093a:	d04a      	beq.n	200009d2 <dcd_event_handler+0x1ea>
2000093c:	4632      	mov	r2, r6
2000093e:	f89d 1005 	ldrb.w	r1, [sp, #5]
20000942:	f89d 0004 	ldrb.w	r0, [sp, #4]
20000946:	f000 fa2f 	bl	20000da8 <__tud_event_hook_cb_veneer>
2000094a:	e790      	b.n	2000086e <dcd_event_handler+0x86>
2000094c:	4a34      	ldr	r2, [pc, #208]	@ (20000a20 <dcd_event_handler+0x238>)
2000094e:	7813      	ldrb	r3, [r2, #0]
20000950:	f023 0304 	bic.w	r3, r3, #4
20000954:	7013      	strb	r3, [r2, #0]
20000956:	2700      	movs	r7, #0
20000958:	9701      	str	r7, [sp, #4]
2000095a:	9702      	str	r7, [sp, #8]
2000095c:	9703      	str	r7, [sp, #12]
2000095e:	782b      	ldrb	r3, [r5, #0]
20000960:	f88d 3004 	strb.w	r3, [sp, #4]
20000964:	2305      	movs	r3, #5
20000966:	f88d 3005 	strb.w	r3, [sp, #5]
2000096a:	4b2e      	ldr	r3, [pc, #184]	@ (20000a24 <dcd_event_handler+0x23c>)
2000096c:	681c      	ldr	r4, [r3, #0]
2000096e:	6963      	ldr	r3, [r4, #20]
20000970:	f3ef 8210 	mrs	r2, PRIMASK
20000974:	b672      	cpsid	i
20000976:	e8d3 0fcf 	ldaexb	r0, [r3]
2000097a:	2101      	movs	r1, #1
2000097c:	2800      	cmp	r0, #0
2000097e:	d1fa      	bne.n	20000976 <dcd_event_handler+0x18e>
20000980:	e8c3 1f40 	strexb	r0, r1, [r3]
20000984:	2800      	cmp	r0, #0
20000986:	d1f6      	bne.n	20000976 <dcd_event_handler+0x18e>
20000988:	f3bf 8f5f 	dmb	sy
2000098c:	61a2      	str	r2, [r4, #24]
2000098e:	a901      	add	r1, sp, #4
20000990:	4620      	mov	r0, r4
20000992:	f000 fa01 	bl	20000d98 <__tu_fifo_write_veneer>
20000996:	6962      	ldr	r2, [r4, #20]
20000998:	69a3      	ldr	r3, [r4, #24]
2000099a:	e8c2 7f8f 	stlb	r7, [r2]
2000099e:	f383 8810 	msr	PRIMASK, r3
200009a2:	b138      	cbz	r0, 200009b4 <dcd_event_handler+0x1cc>
200009a4:	4632      	mov	r2, r6
200009a6:	f89d 1005 	ldrb.w	r1, [sp, #5]
200009aa:	f89d 0004 	ldrb.w	r0, [sp, #4]
200009ae:	f000 f9fb 	bl	20000da8 <__tud_event_hook_cb_veneer>
200009b2:	e794      	b.n	200008de <dcd_event_handler+0xf6>
200009b4:	f240 1265 	movw	r2, #357	@ 0x165
200009b8:	491e      	ldr	r1, [pc, #120]	@ (20000a34 <dcd_event_handler+0x24c>)
200009ba:	481f      	ldr	r0, [pc, #124]	@ (20000a38 <dcd_event_handler+0x250>)
200009bc:	f000 f9e4 	bl	20000d88 <____wrap_printf_veneer>
200009c0:	f04f 23e0 	mov.w	r3, #3758153728	@ 0xe000e000
200009c4:	f8d3 3df0 	ldr.w	r3, [r3, #3568]	@ 0xdf0
200009c8:	f013 0f01 	tst.w	r3, #1
200009cc:	d087      	beq.n	200008de <dcd_event_handler+0xf6>
200009ce:	be00      	bkpt	0x0000
200009d0:	e785      	b.n	200008de <dcd_event_handler+0xf6>
200009d2:	f240 1265 	movw	r2, #357	@ 0x165
200009d6:	4917      	ldr	r1, [pc, #92]	@ (20000a34 <dcd_event_handler+0x24c>)
200009d8:	4817      	ldr	r0, [pc, #92]	@ (20000a38 <dcd_event_handler+0x250>)
200009da:	f000 f9d5 	bl	20000d88 <____wrap_printf_veneer>
200009de:	f04f 23e0 	mov.w	r3, #3758153728	@ 0xe000e000
200009e2:	f8d3 3df0 	ldr.w	r3, [r3, #3568]	@ 0xdf0
200009e6:	f013 0f01 	tst.w	r3, #1
200009ea:	f43f af40 	beq.w	2000086e <dcd_event_handler+0x86>
200009ee:	be00      	bkpt	0x0000
200009f0:	e73d      	b.n	2000086e <dcd_event_handler+0x86>
200009f2:	4a12      	ldr	r2, [pc, #72]	@ (20000a3c <dcd_event_handler+0x254>)
200009f4:	7813      	ldrb	r3, [r2, #0]
200009f6:	3301      	adds	r3, #1
200009f8:	b2db      	uxtb	r3, r3
200009fa:	7013      	strb	r3, [r2, #0]
200009fc:	e712      	b.n	20000824 <dcd_event_handler+0x3c>
200009fe:	f240 1265 	movw	r2, #357	@ 0x165
20000a02:	490c      	ldr	r1, [pc, #48]	@ (20000a34 <dcd_event_handler+0x24c>)
20000a04:	480c      	ldr	r0, [pc, #48]	@ (20000a38 <dcd_event_handler+0x250>)
20000a06:	f000 f9bf 	bl	20000d88 <____wrap_printf_veneer>
20000a0a:	f04f 23e0 	mov.w	r3, #3758153728	@ 0xe000e000
20000a0e:	f8d3 3df0 	ldr.w	r3, [r3, #3568]	@ 0xdf0
20000a12:	f013 0f01 	tst.w	r3, #1
20000a16:	f43f af2a 	beq.w	2000086e <dcd_event_handler+0x86>
20000a1a:	be00      	bkpt	0x0000
20000a1c:	e727      	b.n	2000086e <dcd_event_handler+0x86>
20000a1e:	bf00      	nop
20000a20:	200011c0 	.word	0x200011c0
20000a24:	20001218 	.word	0x20001218
20000a28:	10007020 	.word	0x10007020
20000a2c:	20001a81 	.word	0x20001a81
20000a30:	20000ff0 	.word	0x20000ff0
20000a34:	10006f9c 	.word	0x10006f9c
20000a38:	10006ba0 	.word	0x10006ba0
20000a3c:	20001a83 	.word	0x20001a83

20000a40 <__aeabi_uldivmod>:
20000a40:	b953      	cbnz	r3, 20000a58 <__aeabi_uldivmod+0x18>
20000a42:	b94a      	cbnz	r2, 20000a58 <__aeabi_uldivmod+0x18>
20000a44:	2900      	cmp	r1, #0
20000a46:	bf08      	it	eq
20000a48:	2800      	cmpeq	r0, #0
20000a4a:	bf1c      	itt	ne
20000a4c:	f04f 31ff 	movne.w	r1, #4294967295	@ 0xffffffff
20000a50:	f04f 30ff 	movne.w	r0, #4294967295	@ 0xffffffff
20000a54:	f000 b98c 	b.w	20000d70 <__aeabi_idiv0>
20000a58:	f1ad 0c08 	sub.w	ip, sp, #8
20000a5c:	e96d ce04 	strd	ip, lr, [sp, #-16]!
20000a60:	f000 f806 	bl	20000a70 <__udivmoddi4>
20000a64:	f8dd e004 	ldr.w	lr, [sp, #4]
20000a68:	e9dd 2302 	ldrd	r2, r3, [sp, #8]
20000a6c:	b004      	add	sp, #16
20000a6e:	4770      	bx	lr

20000a70 <__udivmoddi4>:
20000a70:	e92d 4ff0 	stmdb	sp!, {r4, r5, r6, r7, r8, r9, sl, fp, lr}
20000a74:	9d09      	ldr	r5, [sp, #36]	@ 0x24
20000a76:	460e      	mov	r6, r1
20000a78:	4604      	mov	r4, r0
20000a7a:	460f      	mov	r7, r1
20000a7c:	2b00      	cmp	r3, #0
20000a7e:	d147      	bne.n	20000b10 <__udivmoddi4+0xa0>
20000a80:	428a      	cmp	r2, r1
20000a82:	4694      	mov	ip, r2
20000a84:	fab2 f382 	clz	r3, r2
20000a88:	d95a      	bls.n	20000b40 <__udivmoddi4+0xd0>
20000a8a:	b143      	cbz	r3, 20000a9e <__udivmoddi4+0x2e>
20000a8c:	fa02 fc03 	lsl.w	ip, r2, r3
20000a90:	f1c3 0220 	rsb	r2, r3, #32
20000a94:	409f      	lsls	r7, r3
20000a96:	409c      	lsls	r4, r3
20000a98:	fa20 f202 	lsr.w	r2, r0, r2
20000a9c:	4317      	orrs	r7, r2
20000a9e:	ea4f 461c 	mov.w	r6, ip, lsr #16
20000aa2:	fa1f fe8c 	uxth.w	lr, ip
20000aa6:	0c22      	lsrs	r2, r4, #16
20000aa8:	fbb7 f1f6 	udiv	r1, r7, r6
20000aac:	fb06 7711 	mls	r7, r6, r1, r7
20000ab0:	fb01 f00e 	mul.w	r0, r1, lr
20000ab4:	ea42 4207 	orr.w	r2, r2, r7, lsl #16
20000ab8:	4290      	cmp	r0, r2
20000aba:	d908      	bls.n	20000ace <__udivmoddi4+0x5e>
20000abc:	eb1c 0202 	adds.w	r2, ip, r2
20000ac0:	f101 37ff 	add.w	r7, r1, #4294967295	@ 0xffffffff
20000ac4:	d202      	bcs.n	20000acc <__udivmoddi4+0x5c>
20000ac6:	4290      	cmp	r0, r2
20000ac8:	f200 813c 	bhi.w	20000d44 <__udivmoddi4+0x2d4>
20000acc:	4639      	mov	r1, r7
20000ace:	1a12      	subs	r2, r2, r0
20000ad0:	b2a4      	uxth	r4, r4
20000ad2:	fbb2 f0f6 	udiv	r0, r2, r6
20000ad6:	fb06 2210 	mls	r2, r6, r0, r2
20000ada:	fb00 fe0e 	mul.w	lr, r0, lr
20000ade:	ea44 4402 	orr.w	r4, r4, r2, lsl #16
20000ae2:	45a6      	cmp	lr, r4
20000ae4:	d908      	bls.n	20000af8 <__udivmoddi4+0x88>
20000ae6:	eb1c 0404 	adds.w	r4, ip, r4
20000aea:	f100 32ff 	add.w	r2, r0, #4294967295	@ 0xffffffff
20000aee:	d202      	bcs.n	20000af6 <__udivmoddi4+0x86>
20000af0:	45a6      	cmp	lr, r4
20000af2:	f200 812a 	bhi.w	20000d4a <__udivmoddi4+0x2da>
20000af6:	4610      	mov	r0, r2
20000af8:	ea40 4001 	orr.w	r0, r0, r1, lsl #16
20000afc:	eba4 040e 	sub.w	r4, r4, lr
20000b00:	2100      	movs	r1, #0
20000b02:	b11d      	cbz	r5, 20000b0c <__udivmoddi4+0x9c>
20000b04:	40dc      	lsrs	r4, r3
20000b06:	2300      	movs	r3, #0
20000b08:	e9c5 4300 	strd	r4, r3, [r5]
20000b0c:	e8bd 8ff0 	ldmia.w	sp!, {r4, r5, r6, r7, r8, r9, sl, fp, pc}
20000b10:	428b      	cmp	r3, r1
20000b12:	d905      	bls.n	20000b20 <__udivmoddi4+0xb0>
20000b14:	b10d      	cbz	r5, 20000b1a <__udivmoddi4+0xaa>
20000b16:	e9c5 0100 	strd	r0, r1, [r5]
20000b1a:	2100      	movs	r1, #0
20000b1c:	4608      	mov	r0, r1
20000b1e:	e7f5      	b.n	20000b0c <__udivmoddi4+0x9c>
20000b20:	fab3 f183 	clz	r1, r3
20000b24:	2900      	cmp	r1, #0
20000b26:	d14f      	bne.n	20000bc8 <__udivmoddi4+0x158>
20000b28:	42b3      	cmp	r3, r6
20000b2a:	f0c0 8102 	bcc.w	20000d32 <__udivmoddi4+0x2c2>
20000b2e:	4282      	cmp	r2, r0
20000b30:	f240 80ff 	bls.w	20000d32 <__udivmoddi4+0x2c2>
20000b34:	4608      	mov	r0, r1
20000b36:	2d00      	cmp	r5, #0
20000b38:	d0e8      	beq.n	20000b0c <__udivmoddi4+0x9c>
20000b3a:	e9c5 4700 	strd	r4, r7, [r5]
20000b3e:	e7e5      	b.n	20000b0c <__udivmoddi4+0x9c>
20000b40:	2b00      	cmp	r3, #0
20000b42:	f040 80af 	bne.w	20000ca4 <__udivmoddi4+0x234>
20000b46:	1a8a      	subs	r2, r1, r2
20000b48:	ea4f 4e1c 	mov.w	lr, ip, lsr #16
20000b4c:	fa1f f78c 	uxth.w	r7, ip
20000b50:	2101      	movs	r1, #1
20000b52:	fbb2 f6fe 	udiv	r6, r2, lr
20000b56:	fb0e 2016 	mls	r0, lr, r6, r2
20000b5a:	0c22      	lsrs	r2, r4, #16
20000b5c:	ea42 4200 	orr.w	r2, r2, r0, lsl #16
20000b60:	fb07 f006 	mul.w	r0, r7, r6
20000b64:	4290      	cmp	r0, r2
20000b66:	d90f      	bls.n	20000b88 <__udivmoddi4+0x118>
20000b68:	eb1c 0202 	adds.w	r2, ip, r2
20000b6c:	f106 38ff 	add.w	r8, r6, #4294967295	@ 0xffffffff
20000b70:	bf2c      	ite	cs
20000b72:	f04f 0901 	movcs.w	r9, #1
20000b76:	f04f 0900 	movcc.w	r9, #0
20000b7a:	4290      	cmp	r0, r2
20000b7c:	d903      	bls.n	20000b86 <__udivmoddi4+0x116>
20000b7e:	f1b9 0f00 	cmp.w	r9, #0
20000b82:	f000 80dc 	beq.w	20000d3e <__udivmoddi4+0x2ce>
20000b86:	4646      	mov	r6, r8
20000b88:	1a12      	subs	r2, r2, r0
20000b8a:	b2a4      	uxth	r4, r4
20000b8c:	fbb2 f0fe 	udiv	r0, r2, lr
20000b90:	fb0e 2210 	mls	r2, lr, r0, r2
20000b94:	fb00 f707 	mul.w	r7, r0, r7
20000b98:	ea44 4402 	orr.w	r4, r4, r2, lsl #16
20000b9c:	42a7      	cmp	r7, r4
20000b9e:	d90f      	bls.n	20000bc0 <__udivmoddi4+0x150>
20000ba0:	eb1c 0404 	adds.w	r4, ip, r4
20000ba4:	f100 32ff 	add.w	r2, r0, #4294967295	@ 0xffffffff
20000ba8:	bf2c      	ite	cs
20000baa:	f04f 0e01 	movcs.w	lr, #1
20000bae:	f04f 0e00 	movcc.w	lr, #0
20000bb2:	42a7      	cmp	r7, r4
20000bb4:	d903      	bls.n	20000bbe <__udivmoddi4+0x14e>
20000bb6:	f1be 0f00 	cmp.w	lr, #0
20000bba:	f000 80c9 	beq.w	20000d50 <__udivmoddi4+0x2e0>
20000bbe:	4610      	mov	r0, r2
20000bc0:	1be4      	subs	r4, r4, r7
20000bc2:	ea40 4006 	orr.w	r0, r0, r6, lsl #16
20000bc6:	e79c      	b.n	20000b02 <__udivmoddi4+0x92>
20000bc8:	f1c1 0420 	rsb	r4, r1, #32
20000bcc:	408b      	lsls	r3, r1
20000bce:	fa06 fc01 	lsl.w	ip, r6, r1
20000bd2:	fa00 fe01 	lsl.w	lr, r0, r1
20000bd6:	fa22 f704 	lsr.w	r7, r2, r4
20000bda:	40e6      	lsrs	r6, r4
20000bdc:	408a      	lsls	r2, r1
20000bde:	431f      	orrs	r7, r3
20000be0:	fa20 f304 	lsr.w	r3, r0, r4
20000be4:	ea4f 4817 	mov.w	r8, r7, lsr #16
20000be8:	ea43 030c 	orr.w	r3, r3, ip
20000bec:	fa1f fc87 	uxth.w	ip, r7
20000bf0:	ea4f 4913 	mov.w	r9, r3, lsr #16
20000bf4:	fbb6 f0f8 	udiv	r0, r6, r8
20000bf8:	fb08 6610 	mls	r6, r8, r0, r6
20000bfc:	ea49 4606 	orr.w	r6, r9, r6, lsl #16
20000c00:	fb00 f90c 	mul.w	r9, r0, ip
20000c04:	45b1      	cmp	r9, r6
20000c06:	d90e      	bls.n	20000c26 <__udivmoddi4+0x1b6>
20000c08:	19be      	adds	r6, r7, r6
20000c0a:	f100 3aff 	add.w	sl, r0, #4294967295	@ 0xffffffff
20000c0e:	bf2c      	ite	cs
20000c10:	f04f 0b01 	movcs.w	fp, #1
20000c14:	f04f 0b00 	movcc.w	fp, #0
20000c18:	45b1      	cmp	r9, r6
20000c1a:	d903      	bls.n	20000c24 <__udivmoddi4+0x1b4>
20000c1c:	f1bb 0f00 	cmp.w	fp, #0
20000c20:	f000 80a2 	beq.w	20000d68 <__udivmoddi4+0x2f8>
20000c24:	4650      	mov	r0, sl
20000c26:	eba6 0609 	sub.w	r6, r6, r9
20000c2a:	fa1f f983 	uxth.w	r9, r3
20000c2e:	fbb6 f3f8 	udiv	r3, r6, r8
20000c32:	fb08 6613 	mls	r6, r8, r3, r6
20000c36:	fb03 fc0c 	mul.w	ip, r3, ip
20000c3a:	ea49 4606 	orr.w	r6, r9, r6, lsl #16
20000c3e:	45b4      	cmp	ip, r6
20000c40:	d90e      	bls.n	20000c60 <__udivmoddi4+0x1f0>
20000c42:	19be      	adds	r6, r7, r6
20000c44:	f103 38ff 	add.w	r8, r3, #4294967295	@ 0xffffffff
20000c48:	bf2c      	ite	cs
20000c4a:	f04f 0901 	movcs.w	r9, #1
20000c4e:	f04f 0900 	movcc.w	r9, #0
20000c52:	45b4      	cmp	ip, r6
20000c54:	d903      	bls.n	20000c5e <__udivmoddi4+0x1ee>
20000c56:	f1b9 0f00 	cmp.w	r9, #0
20000c5a:	f000 8082 	beq.w	20000d62 <__udivmoddi4+0x2f2>
20000c5e:	4643      	mov	r3, r8
20000c60:	ea43 4000 	orr.w	r0, r3, r0, lsl #16
20000c64:	eba6 060c 	sub.w	r6, r6, ip
20000c68:	fba0 8c02 	umull	r8, ip, r0, r2
20000c6c:	4566      	cmp	r6, ip
20000c6e:	4643      	mov	r3, r8
20000c70:	46e1      	mov	r9, ip
20000c72:	d302      	bcc.n	20000c7a <__udivmoddi4+0x20a>
20000c74:	d107      	bne.n	20000c86 <__udivmoddi4+0x216>
20000c76:	45c6      	cmp	lr, r8
20000c78:	d205      	bcs.n	20000c86 <__udivmoddi4+0x216>
20000c7a:	ebb8 0302 	subs.w	r3, r8, r2
20000c7e:	eb6c 0c07 	sbc.w	ip, ip, r7
20000c82:	3801      	subs	r0, #1
20000c84:	46e1      	mov	r9, ip
20000c86:	b15d      	cbz	r5, 20000ca0 <__udivmoddi4+0x230>
20000c88:	ebbe 0203 	subs.w	r2, lr, r3
20000c8c:	eb66 0609 	sbc.w	r6, r6, r9
20000c90:	fa06 f404 	lsl.w	r4, r6, r4
20000c94:	fa22 f301 	lsr.w	r3, r2, r1
20000c98:	40ce      	lsrs	r6, r1
20000c9a:	431c      	orrs	r4, r3
20000c9c:	e9c5 4600 	strd	r4, r6, [r5]
20000ca0:	2100      	movs	r1, #0
20000ca2:	e733      	b.n	20000b0c <__udivmoddi4+0x9c>
20000ca4:	fa02 fc03 	lsl.w	ip, r2, r3
20000ca8:	f1c3 0220 	rsb	r2, r3, #32
20000cac:	4099      	lsls	r1, r3
20000cae:	409c      	lsls	r4, r3
20000cb0:	40d6      	lsrs	r6, r2
20000cb2:	ea4f 4e1c 	mov.w	lr, ip, lsr #16
20000cb6:	fa20 f202 	lsr.w	r2, r0, r2
20000cba:	fa1f f78c 	uxth.w	r7, ip
20000cbe:	fbb6 f0fe 	udiv	r0, r6, lr
20000cc2:	430a      	orrs	r2, r1
20000cc4:	fb0e 6610 	mls	r6, lr, r0, r6
20000cc8:	0c11      	lsrs	r1, r2, #16
20000cca:	ea41 4106 	orr.w	r1, r1, r6, lsl #16
20000cce:	fb00 f607 	mul.w	r6, r0, r7
20000cd2:	428e      	cmp	r6, r1
20000cd4:	d90e      	bls.n	20000cf4 <__udivmoddi4+0x284>
20000cd6:	eb1c 0101 	adds.w	r1, ip, r1
20000cda:	f100 38ff 	add.w	r8, r0, #4294967295	@ 0xffffffff
20000cde:	bf2c      	ite	cs
20000ce0:	f04f 0901 	movcs.w	r9, #1
20000ce4:	f04f 0900 	movcc.w	r9, #0
20000ce8:	428e      	cmp	r6, r1
20000cea:	d902      	bls.n	20000cf2 <__udivmoddi4+0x282>
20000cec:	f1b9 0f00 	cmp.w	r9, #0
20000cf0:	d034      	beq.n	20000d5c <__udivmoddi4+0x2ec>
20000cf2:	4640      	mov	r0, r8
20000cf4:	1b89      	subs	r1, r1, r6
20000cf6:	b292      	uxth	r2, r2
20000cf8:	fbb1 f6fe 	udiv	r6, r1, lr
20000cfc:	fb0e 1116 	mls	r1, lr, r6, r1
20000d00:	ea42 4201 	orr.w	r2, r2, r1, lsl #16
20000d04:	fb06 f107 	mul.w	r1, r6, r7
20000d08:	4291      	cmp	r1, r2
20000d0a:	d90e      	bls.n	20000d2a <__udivmoddi4+0x2ba>
20000d0c:	eb1c 0202 	adds.w	r2, ip, r2
20000d10:	f106 38ff 	add.w	r8, r6, #4294967295	@ 0xffffffff
20000d14:	bf2c      	ite	cs
20000d16:	f04f 0901 	movcs.w	r9, #1
20000d1a:	f04f 0900 	movcc.w	r9, #0
20000d1e:	4291      	cmp	r1, r2
20000d20:	d902      	bls.n	20000d28 <__udivmoddi4+0x2b8>
20000d22:	f1b9 0f00 	cmp.w	r9, #0
20000d26:	d016      	beq.n	20000d56 <__udivmoddi4+0x2e6>
20000d28:	4646      	mov	r6, r8
20000d2a:	1a52      	subs	r2, r2, r1
20000d2c:	ea46 4100 	orr.w	r1, r6, r0, lsl #16
20000d30:	e70f      	b.n	20000b52 <__udivmoddi4+0xe2>
20000d32:	1a84      	subs	r4, r0, r2
20000d34:	eb66 0203 	sbc.w	r2, r6, r3
20000d38:	2001      	movs	r0, #1
20000d3a:	4617      	mov	r7, r2
20000d3c:	e6fb      	b.n	20000b36 <__udivmoddi4+0xc6>
20000d3e:	3e02      	subs	r6, #2
20000d40:	4462      	add	r2, ip
20000d42:	e721      	b.n	20000b88 <__udivmoddi4+0x118>
20000d44:	3902      	subs	r1, #2
20000d46:	4462      	add	r2, ip
20000d48:	e6c1      	b.n	20000ace <__udivmoddi4+0x5e>
20000d4a:	4464      	add	r4, ip
20000d4c:	3802      	subs	r0, #2
20000d4e:	e6d3      	b.n	20000af8 <__udivmoddi4+0x88>
20000d50:	4464      	add	r4, ip
20000d52:	3802      	subs	r0, #2
20000d54:	e734      	b.n	20000bc0 <__udivmoddi4+0x150>
20000d56:	3e02      	subs	r6, #2
20000d58:	4462      	add	r2, ip
20000d5a:	e7e6      	b.n	20000d2a <__udivmoddi4+0x2ba>
20000d5c:	3802      	subs	r0, #2
20000d5e:	4461      	add	r1, ip
20000d60:	e7c8      	b.n	20000cf4 <__udivmoddi4+0x284>
20000d62:	3b02      	subs	r3, #2
20000d64:	443e      	add	r6, r7
20000d66:	e77b      	b.n	20000c60 <__udivmoddi4+0x1f0>
20000d68:	3802      	subs	r0, #2
20000d6a:	443e      	add	r6, r7
20000d6c:	e75b      	b.n	20000c26 <__udivmoddi4+0x1b6>
20000d6e:	bf00      	nop

20000d70 <__aeabi_idiv0>:
20000d70:	4770      	bx	lr
20000d72:	bf00      	nop
20000d74:	0000      	movs	r0, r0
	...

20000d78 <__time_us_64_veneer>:
20000d78:	f85f f000 	ldr.w	pc, [pc]	@ 20000d7c <__time_us_64_veneer+0x4>
20000d7c:	100013e9 	.word	0x100013e9

20000d80 <__memset_veneer>:
20000d80:	f85f f000 	ldr.w	pc, [pc]	@ 20000d84 <__memset_veneer+0x4>
20000d84:	10006069 	.word	0x10006069

20000d88 <____wrap_printf_veneer>:
20000d88:	f85f f000 	ldr.w	pc, [pc]	@ 20000d8c <____wrap_printf_veneer+0x4>
20000d8c:	10003149 	.word	0x10003149

20000d90 <__panic_veneer>:
20000d90:	f85f f000 	ldr.w	pc, [pc]	@ 20000d94 <__panic_veneer+0x4>
20000d94:	10000445 	.word	0x10000445

20000d98 <__tu_fifo_write_veneer>:
20000d98:	f85f f000 	ldr.w	pc, [pc]	@ 20000d9c <__tu_fifo_write_veneer+0x4>
20000d9c:	10005f8f 	.word	0x10005f8f

20000da0 <__best_effort_wfe_or_timeout_veneer>:
20000da0:	f85f f000 	ldr.w	pc, [pc]	@ 20000da4 <__best_effort_wfe_or_timeout_veneer+0x4>
20000da4:	10001251 	.word	0x10001251

20000da8 <__tud_event_hook_cb_veneer>:
20000da8:	f85f f000 	ldr.w	pc, [pc]	@ 20000dac <__tud_event_hook_cb_veneer+0x4>
20000dac:	10003e29 	.word	0x10003e29

20000db0 <____assert_func_veneer>:
20000db0:	f85f f000 	ldr.w	pc, [pc]	@ 20000db4 <____assert_func_veneer+0x4>
20000db4:	10002e89 	.word	0x10002e89

20000db8 <__unaligned_memcpy_veneer>:
20000db8:	f85f f000 	ldr.w	pc, [pc]	@ 20000dbc <__unaligned_memcpy_veneer+0x4>
20000dbc:	10003af9 	.word	0x10003af9

20000dc0 <striped_spin_lock_num>:
20000dc0:	00000010                                ....

20000dc4 <irq_handler_chain_slots>:
20000dc4:	00000000 	.word	0x00000000
20000dc8:	00010000 	.word	0x00010000
	...
20000dd4:	00020000 	.word	0x00020000
	...
20000de0:	00030000 	.word	0x00030000
	...
20000dec:	00ff0000 	.word	0x00ff0000
20000df0:	00000000 	.word	0x00000000

20000df4 <irq_handler_chain_first_slot>:
20000df4:	b501      	push	{r0, lr}
20000df6:	6848      	ldr	r0, [r1, #4]
20000df8:	3101      	adds	r1, #1
20000dfa:	468e      	mov	lr, r1
20000dfc:	4700      	bx	r0

20000dfe <irq_handler_chain_remove_tail>:
20000dfe:	4670      	mov	r0, lr
20000e00:	3809      	subs	r0, #9
20000e02:	4901      	ldr	r1, [pc, #4]	@ (20000e08 <irq_handler_chain_remove_tail+0xa>)
20000e04:	4788      	blx	r1
20000e06:	bd01      	pop	{r0, pc}
20000e08:	10000985 	.word	0x10000985

20000e0c <default_alarm_pool>:
	...
20000e20:	20000e68                                h.. 

20000e24 <stdio_usb>:
20000e24:	100035ad 10003271 10003521 1000325d     .5..q2..!5..]2..
20000e34:	00000000 00000100                       ........

20000e3c <_usbd_qdef>:
20000e3c:	2000121c 000c0010 00000000 00000000     ... ............
	...

20000e58 <_usbd_rhport>:
20000e58:	000000ff                                ....

20000e5c <print_mutex>:
	...
